--
-- PostgreSQL database dump
--

-- Dumped from database version 12.7 (Ubuntu 12.7-1.pgdg16.04+1)
-- Dumped by pg_dump version 12.7 (Ubuntu 12.7-1.pgdg16.04+1)

SET statement_timeout = 0;
SET lock_timeout = 0;
SET idle_in_transaction_session_timeout = 0;
SET client_encoding = 'UTF8';
SET standard_conforming_strings = on;
SELECT pg_catalog.set_config('search_path', '', false);
SET check_function_bodies = false;
SET xmloption = content;
SET client_min_messages = warning;
SET row_security = off;

SET default_tablespace = '';

SET default_table_access_method = heap;

--
-- Name: cart; Type: TABLE; Schema: public; Owner: gb_user
--

CREATE TABLE public.cart (
    cartid integer NOT NULL,
    userid integer NOT NULL,
    productid integer NOT NULL,
    orderstatusid integer NOT NULL,
    quantity numeric(12,2) DEFAULT 0 NOT NULL,
    price numeric(10,2) DEFAULT 0 NOT NULL,
    sm numeric(12,2) DEFAULT 0 NOT NULL
);


ALTER TABLE public.cart OWNER TO gb_user;

--
-- Name: cart_cartid_seq; Type: SEQUENCE; Schema: public; Owner: gb_user
--

CREATE SEQUENCE public.cart_cartid_seq
    AS integer
    START WITH 1
    INCREMENT BY 1
    NO MINVALUE
    NO MAXVALUE
    CACHE 1;


ALTER TABLE public.cart_cartid_seq OWNER TO gb_user;

--
-- Name: cart_cartid_seq; Type: SEQUENCE OWNED BY; Schema: public; Owner: gb_user
--

ALTER SEQUENCE public.cart_cartid_seq OWNED BY public.cart.cartid;


--
-- Name: categories; Type: TABLE; Schema: public; Owner: gb_user
--

CREATE TABLE public.categories (
    categoryid integer NOT NULL,
    categoryname character varying(150) NOT NULL,
    tabindex smallint,
    ismark boolean DEFAULT false
);


ALTER TABLE public.categories OWNER TO gb_user;

--
-- Name: categories_categoryid_seq; Type: SEQUENCE; Schema: public; Owner: gb_user
--

CREATE SEQUENCE public.categories_categoryid_seq
    AS integer
    START WITH 1
    INCREMENT BY 1
    NO MINVALUE
    NO MAXVALUE
    CACHE 1;


ALTER TABLE public.categories_categoryid_seq OWNER TO gb_user;

--
-- Name: categories_categoryid_seq; Type: SEQUENCE OWNED BY; Schema: public; Owner: gb_user
--

ALTER SEQUENCE public.categories_categoryid_seq OWNED BY public.categories.categoryid;


--
-- Name: feedback; Type: TABLE; Schema: public; Owner: gb_user
--

CREATE TABLE public.feedback (
    feedbackid integer NOT NULL,
    feedbacktime timestamp without time zone,
    username character varying(250) NOT NULL,
    useremail character varying(250) NOT NULL,
    usertext text
);


ALTER TABLE public.feedback OWNER TO gb_user;

--
-- Name: feedback_feedbackid_seq; Type: SEQUENCE; Schema: public; Owner: gb_user
--

CREATE SEQUENCE public.feedback_feedbackid_seq
    AS integer
    START WITH 1
    INCREMENT BY 1
    NO MINVALUE
    NO MAXVALUE
    CACHE 1;


ALTER TABLE public.feedback_feedbackid_seq OWNER TO gb_user;

--
-- Name: feedback_feedbackid_seq; Type: SEQUENCE OWNED BY; Schema: public; Owner: gb_user
--

ALTER SEQUENCE public.feedback_feedbackid_seq OWNED BY public.feedback.feedbackid;


--
-- Name: news; Type: TABLE; Schema: public; Owner: gb_user
--

CREATE TABLE public.news (
    newsid integer NOT NULL,
    newstitle text NOT NULL,
    newsdate date,
    newsdetails text
);


ALTER TABLE public.news OWNER TO gb_user;

--
-- Name: news_newsid_seq; Type: SEQUENCE; Schema: public; Owner: gb_user
--

CREATE SEQUENCE public.news_newsid_seq
    AS integer
    START WITH 1
    INCREMENT BY 1
    NO MINVALUE
    NO MAXVALUE
    CACHE 1;


ALTER TABLE public.news_newsid_seq OWNER TO gb_user;

--
-- Name: news_newsid_seq; Type: SEQUENCE OWNED BY; Schema: public; Owner: gb_user
--

ALTER SEQUENCE public.news_newsid_seq OWNED BY public.news.newsid;


--
-- Name: orderdetails; Type: TABLE; Schema: public; Owner: gb_user
--

CREATE TABLE public.orderdetails (
    orderdetailid integer NOT NULL,
    orderid integer NOT NULL,
    cartid integer,
    productid integer NOT NULL,
    quantity numeric(12,3) DEFAULT 0 NOT NULL,
    price numeric(10,2) DEFAULT 0 NOT NULL,
    sm numeric(12,2) DEFAULT 0 NOT NULL
);


ALTER TABLE public.orderdetails OWNER TO gb_user;

--
-- Name: orderdetails_orderdetailid_seq; Type: SEQUENCE; Schema: public; Owner: gb_user
--

CREATE SEQUENCE public.orderdetails_orderdetailid_seq
    AS integer
    START WITH 1
    INCREMENT BY 1
    NO MINVALUE
    NO MAXVALUE
    CACHE 1;


ALTER TABLE public.orderdetails_orderdetailid_seq OWNER TO gb_user;

--
-- Name: orderdetails_orderdetailid_seq; Type: SEQUENCE OWNED BY; Schema: public; Owner: gb_user
--

ALTER SEQUENCE public.orderdetails_orderdetailid_seq OWNED BY public.orderdetails.orderdetailid;


--
-- Name: orders; Type: TABLE; Schema: public; Owner: gb_user
--

CREATE TABLE public.orders (
    orderid integer NOT NULL,
    userid integer NOT NULL,
    orderstatusid integer NOT NULL,
    customername character varying(250),
    customertel character varying(250),
    customeremail character varying(250),
    contactperson character varying(250),
    isdelivery boolean,
    deliveryaddress text,
    isonlinepay boolean,
    inn character varying(30),
    bik character varying(30),
    rasch character varying(250),
    bank character varying(250),
    ordernote text,
    ordertime timestamp without time zone,
    ordersum numeric(12,2) DEFAULT 0 NOT NULL,
    deliverysum numeric(12,2) DEFAULT 0 NOT NULL,
    lastchagestime timestamp without time zone
);


ALTER TABLE public.orders OWNER TO gb_user;

--
-- Name: orders_orderid_seq; Type: SEQUENCE; Schema: public; Owner: gb_user
--

CREATE SEQUENCE public.orders_orderid_seq
    AS integer
    START WITH 1
    INCREMENT BY 1
    NO MINVALUE
    NO MAXVALUE
    CACHE 1;


ALTER TABLE public.orders_orderid_seq OWNER TO gb_user;

--
-- Name: orders_orderid_seq; Type: SEQUENCE OWNED BY; Schema: public; Owner: gb_user
--

ALTER SEQUENCE public.orders_orderid_seq OWNED BY public.orders.orderid;


--
-- Name: orderstatus; Type: TABLE; Schema: public; Owner: gb_user
--

CREATE TABLE public.orderstatus (
    orderstatusid integer NOT NULL,
    status character varying(150) NOT NULL,
    ismark boolean DEFAULT false
);


ALTER TABLE public.orderstatus OWNER TO gb_user;

--
-- Name: orderstatus_orderstatusid_seq; Type: SEQUENCE; Schema: public; Owner: gb_user
--

CREATE SEQUENCE public.orderstatus_orderstatusid_seq
    AS integer
    START WITH 1
    INCREMENT BY 1
    NO MINVALUE
    NO MAXVALUE
    CACHE 1;


ALTER TABLE public.orderstatus_orderstatusid_seq OWNER TO gb_user;

--
-- Name: orderstatus_orderstatusid_seq; Type: SEQUENCE OWNED BY; Schema: public; Owner: gb_user
--

ALTER SEQUENCE public.orderstatus_orderstatusid_seq OWNED BY public.orderstatus.orderstatusid;


--
-- Name: productpics; Type: TABLE; Schema: public; Owner: gb_user
--

CREATE TABLE public.productpics (
    productpicid integer NOT NULL,
    productid integer NOT NULL,
    picname character varying(250) NOT NULL
);


ALTER TABLE public.productpics OWNER TO gb_user;

--
-- Name: productpics_productpicid_seq; Type: SEQUENCE; Schema: public; Owner: gb_user
--

CREATE SEQUENCE public.productpics_productpicid_seq
    AS integer
    START WITH 1
    INCREMENT BY 1
    NO MINVALUE
    NO MAXVALUE
    CACHE 1;


ALTER TABLE public.productpics_productpicid_seq OWNER TO gb_user;

--
-- Name: productpics_productpicid_seq; Type: SEQUENCE OWNED BY; Schema: public; Owner: gb_user
--

ALTER SEQUENCE public.productpics_productpicid_seq OWNED BY public.productpics.productpicid;


--
-- Name: products; Type: TABLE; Schema: public; Owner: gb_user
--

CREATE TABLE public.products (
    productid integer NOT NULL,
    categoryid integer NOT NULL,
    productname character varying(250) NOT NULL,
    tabindex smallint,
    descr text,
    unit character varying(60),
    pricewonds numeric(10,2) DEFAULT 0 NOT NULL,
    price numeric(10,2) DEFAULT 0 NOT NULL,
    creationtime timestamp without time zone,
    htmlpagetitle character varying(250),
    htmlmetadescr character varying(250),
    htmlmetakeywords character varying(250),
    ismark boolean DEFAULT false
);


ALTER TABLE public.products OWNER TO gb_user;

--
-- Name: products_productid_seq; Type: SEQUENCE; Schema: public; Owner: gb_user
--

CREATE SEQUENCE public.products_productid_seq
    AS integer
    START WITH 1
    INCREMENT BY 1
    NO MINVALUE
    NO MAXVALUE
    CACHE 1;


ALTER TABLE public.products_productid_seq OWNER TO gb_user;

--
-- Name: products_productid_seq; Type: SEQUENCE OWNED BY; Schema: public; Owner: gb_user
--

ALTER SEQUENCE public.products_productid_seq OWNED BY public.products.productid;


--
-- Name: reviews; Type: TABLE; Schema: public; Owner: gb_user
--

CREATE TABLE public.reviews (
    reviewid integer NOT NULL,
    userid integer NOT NULL,
    reviewtime timestamp without time zone,
    reviewtext text NOT NULL
);


ALTER TABLE public.reviews OWNER TO gb_user;

--
-- Name: reviews_reviewid_seq; Type: SEQUENCE; Schema: public; Owner: gb_user
--

CREATE SEQUENCE public.reviews_reviewid_seq
    AS integer
    START WITH 1
    INCREMENT BY 1
    NO MINVALUE
    NO MAXVALUE
    CACHE 1;


ALTER TABLE public.reviews_reviewid_seq OWNER TO gb_user;

--
-- Name: reviews_reviewid_seq; Type: SEQUENCE OWNED BY; Schema: public; Owner: gb_user
--

ALTER SEQUENCE public.reviews_reviewid_seq OWNED BY public.reviews.reviewid;


--
-- Name: roles; Type: TABLE; Schema: public; Owner: gb_user
--

CREATE TABLE public.roles (
    roleid integer NOT NULL,
    rolename character varying(150) NOT NULL
);


ALTER TABLE public.roles OWNER TO gb_user;

--
-- Name: roles_roleid_seq; Type: SEQUENCE; Schema: public; Owner: gb_user
--

CREATE SEQUENCE public.roles_roleid_seq
    AS integer
    START WITH 1
    INCREMENT BY 1
    NO MINVALUE
    NO MAXVALUE
    CACHE 1;


ALTER TABLE public.roles_roleid_seq OWNER TO gb_user;

--
-- Name: roles_roleid_seq; Type: SEQUENCE OWNED BY; Schema: public; Owner: gb_user
--

ALTER SEQUENCE public.roles_roleid_seq OWNED BY public.roles.roleid;


--
-- Name: userdetails; Type: TABLE; Schema: public; Owner: gb_user
--

CREATE TABLE public.userdetails (
    userdetailid integer NOT NULL,
    userid integer NOT NULL,
    fullname character varying(250),
    deliveryaddress text,
    tel character varying(250),
    contactperson character varying(250),
    email character varying(250),
    inn character varying(30),
    bik character varying(30),
    rasch character varying(250),
    bank character varying(250)
);


ALTER TABLE public.userdetails OWNER TO gb_user;

--
-- Name: userdetails_userdetailid_seq; Type: SEQUENCE; Schema: public; Owner: gb_user
--

CREATE SEQUENCE public.userdetails_userdetailid_seq
    AS integer
    START WITH 1
    INCREMENT BY 1
    NO MINVALUE
    NO MAXVALUE
    CACHE 1;


ALTER TABLE public.userdetails_userdetailid_seq OWNER TO gb_user;

--
-- Name: userdetails_userdetailid_seq; Type: SEQUENCE OWNED BY; Schema: public; Owner: gb_user
--

ALTER SEQUENCE public.userdetails_userdetailid_seq OWNED BY public.userdetails.userdetailid;


--
-- Name: userroles; Type: TABLE; Schema: public; Owner: gb_user
--

CREATE TABLE public.userroles (
    userid integer NOT NULL,
    roleid integer NOT NULL
);


ALTER TABLE public.userroles OWNER TO gb_user;

--
-- Name: users; Type: TABLE; Schema: public; Owner: gb_user
--

CREATE TABLE public.users (
    userid integer NOT NULL,
    username character varying(150) NOT NULL,
    email character varying(150) NOT NULL,
    login character varying(90),
    passwd character varying(250),
    lastlogintime timestamp without time zone
);


ALTER TABLE public.users OWNER TO gb_user;

--
-- Name: users_userid_seq; Type: SEQUENCE; Schema: public; Owner: gb_user
--

CREATE SEQUENCE public.users_userid_seq
    AS integer
    START WITH 1
    INCREMENT BY 1
    NO MINVALUE
    NO MAXVALUE
    CACHE 1;


ALTER TABLE public.users_userid_seq OWNER TO gb_user;

--
-- Name: users_userid_seq; Type: SEQUENCE OWNED BY; Schema: public; Owner: gb_user
--

ALTER SEQUENCE public.users_userid_seq OWNED BY public.users.userid;


--
-- Name: cart cartid; Type: DEFAULT; Schema: public; Owner: gb_user
--

ALTER TABLE ONLY public.cart ALTER COLUMN cartid SET DEFAULT nextval('public.cart_cartid_seq'::regclass);


--
-- Name: categories categoryid; Type: DEFAULT; Schema: public; Owner: gb_user
--

ALTER TABLE ONLY public.categories ALTER COLUMN categoryid SET DEFAULT nextval('public.categories_categoryid_seq'::regclass);


--
-- Name: feedback feedbackid; Type: DEFAULT; Schema: public; Owner: gb_user
--

ALTER TABLE ONLY public.feedback ALTER COLUMN feedbackid SET DEFAULT nextval('public.feedback_feedbackid_seq'::regclass);


--
-- Name: news newsid; Type: DEFAULT; Schema: public; Owner: gb_user
--

ALTER TABLE ONLY public.news ALTER COLUMN newsid SET DEFAULT nextval('public.news_newsid_seq'::regclass);


--
-- Name: orderdetails orderdetailid; Type: DEFAULT; Schema: public; Owner: gb_user
--

ALTER TABLE ONLY public.orderdetails ALTER COLUMN orderdetailid SET DEFAULT nextval('public.orderdetails_orderdetailid_seq'::regclass);


--
-- Name: orders orderid; Type: DEFAULT; Schema: public; Owner: gb_user
--

ALTER TABLE ONLY public.orders ALTER COLUMN orderid SET DEFAULT nextval('public.orders_orderid_seq'::regclass);


--
-- Name: orderstatus orderstatusid; Type: DEFAULT; Schema: public; Owner: gb_user
--

ALTER TABLE ONLY public.orderstatus ALTER COLUMN orderstatusid SET DEFAULT nextval('public.orderstatus_orderstatusid_seq'::regclass);


--
-- Name: productpics productpicid; Type: DEFAULT; Schema: public; Owner: gb_user
--

ALTER TABLE ONLY public.productpics ALTER COLUMN productpicid SET DEFAULT nextval('public.productpics_productpicid_seq'::regclass);


--
-- Name: products productid; Type: DEFAULT; Schema: public; Owner: gb_user
--

ALTER TABLE ONLY public.products ALTER COLUMN productid SET DEFAULT nextval('public.products_productid_seq'::regclass);


--
-- Name: reviews reviewid; Type: DEFAULT; Schema: public; Owner: gb_user
--

ALTER TABLE ONLY public.reviews ALTER COLUMN reviewid SET DEFAULT nextval('public.reviews_reviewid_seq'::regclass);


--
-- Name: roles roleid; Type: DEFAULT; Schema: public; Owner: gb_user
--

ALTER TABLE ONLY public.roles ALTER COLUMN roleid SET DEFAULT nextval('public.roles_roleid_seq'::regclass);


--
-- Name: userdetails userdetailid; Type: DEFAULT; Schema: public; Owner: gb_user
--

ALTER TABLE ONLY public.userdetails ALTER COLUMN userdetailid SET DEFAULT nextval('public.userdetails_userdetailid_seq'::regclass);


--
-- Name: users userid; Type: DEFAULT; Schema: public; Owner: gb_user
--

ALTER TABLE ONLY public.users ALTER COLUMN userid SET DEFAULT nextval('public.users_userid_seq'::regclass);


--
-- Data for Name: cart; Type: TABLE DATA; Schema: public; Owner: gb_user
--

COPY public.cart (cartid, userid, productid, orderstatusid, quantity, price, sm) FROM stdin;
41	60	122	2	27.00	614093.00	16580511.00
42	22	143	2	47.00	401437.00	18867539.00
43	90	3	2	39.00	436470.00	17022330.00
44	59	64	1	26.00	617135.00	16045510.00
45	16	82	1	39.00	404985.00	15794415.00
46	88	15	2	40.00	670484.00	26819360.00
47	91	88	2	37.00	703359.00	26024283.00
48	15	12	2	10.00	713907.00	7139070.00
49	38	36	1	46.00	605102.00	27834692.00
50	29	28	2	16.00	114125.00	1826000.00
51	23	33	2	14.00	38745.00	542430.00
52	69	108	2	40.00	66508.00	2660320.00
53	90	106	1	36.00	519134.00	18688824.00
54	32	83	1	19.00	655687.00	12458053.00
55	18	54	1	44.00	627361.00	27603884.00
56	61	130	2	27.00	909159.00	24547293.00
57	86	133	2	41.00	121218.00	4969938.00
58	26	99	2	34.00	966130.00	32848420.00
59	48	73	2	18.00	261351.00	4704318.00
60	49	7	2	29.00	265181.00	7690249.00
61	48	106	1	4.00	96035.00	384140.00
62	22	27	1	8.00	183300.00	1466400.00
63	53	74	2	10.00	635013.00	6350130.00
64	40	27	2	14.00	137099.00	1919386.00
65	74	114	2	2.00	15694.00	31388.00
66	54	33	1	49.00	301600.00	14778400.00
67	98	135	2	45.00	63225.00	2845125.00
68	19	42	2	1.00	302845.00	302845.00
69	55	93	2	14.00	316786.00	4435004.00
70	70	64	2	22.00	32698.00	719356.00
71	22	150	2	2.00	404099.00	808198.00
72	88	144	1	29.00	455066.00	13196914.00
73	39	142	1	33.00	940749.00	31044717.00
74	19	9	1	15.00	534382.00	8015730.00
75	77	126	2	29.00	308599.00	8949371.00
76	92	51	2	2.00	149172.00	298344.00
77	41	68	1	48.00	387444.00	18597312.00
78	28	4	2	23.00	106739.00	2454997.00
79	47	39	2	9.00	697126.00	6274134.00
80	69	42	1	9.00	931007.00	8379063.00
81	52	103	2	38.00	759411.00	28857618.00
82	26	24	1	29.00	555174.00	16100046.00
83	29	93	1	43.00	466123.00	20043289.00
84	45	19	2	4.00	419444.00	1677776.00
85	92	31	2	8.00	17566.00	140528.00
86	50	88	2	16.00	756720.00	12107520.00
87	42	77	2	35.00	129155.00	4520425.00
88	99	105	2	47.00	815562.00	38331414.00
89	27	99	1	32.00	226844.00	7259008.00
90	73	125	2	39.00	896104.00	34948056.00
91	75	41	1	41.00	375583.00	15398903.00
92	5	107	1	8.00	183722.00	1469776.00
93	10	80	2	33.00	443982.00	14651406.00
94	20	102	1	11.00	206706.00	2273766.00
95	50	127	1	45.00	46276.00	2082420.00
96	98	139	2	32.00	356247.00	11399904.00
97	87	48	2	37.00	194384.00	7192208.00
98	88	14	2	7.00	977821.00	6844747.00
99	6	107	1	28.00	950336.00	26609408.00
100	16	14	2	26.00	601688.00	15643888.00
101	63	68	1	19.00	349450.00	6639550.00
102	64	114	2	37.00	235873.00	8727301.00
103	100	51	1	40.00	854587.00	34183480.00
104	72	31	1	18.00	924013.00	16632234.00
105	98	142	2	25.00	519495.00	12987375.00
106	91	34	2	19.00	860050.00	16340950.00
107	86	76	1	42.00	766609.00	32197578.00
108	30	13	1	41.00	520396.00	21336236.00
109	59	94	1	13.00	734118.00	9543534.00
110	1	74	1	37.00	720030.00	26641110.00
111	70	93	2	50.00	112948.00	5647400.00
112	75	96	1	41.00	367233.00	15056553.00
113	95	51	2	35.00	499575.00	17485125.00
114	17	125	2	5.00	912675.00	4563375.00
115	51	85	2	22.00	471767.00	10378874.00
116	98	88	2	25.00	933588.00	23339700.00
117	63	51	1	46.00	66086.00	3039956.00
118	83	88	2	43.00	830109.00	35694687.00
119	48	25	2	12.00	212487.00	2549844.00
120	81	38	1	9.00	408048.00	3672432.00
121	63	6	1	29.00	595438.00	17267702.00
122	5	134	1	33.00	882818.00	29132994.00
123	55	105	2	30.00	370917.00	11127510.00
124	9	138	2	49.00	639090.00	31315410.00
125	60	34	1	15.00	83853.00	1257795.00
126	38	116	2	32.00	122480.00	3919360.00
127	80	120	2	39.00	940943.00	36696777.00
128	81	71	2	14.00	700893.00	9812502.00
129	61	72	2	46.00	246481.00	11338126.00
130	45	5	1	35.00	884810.00	30968350.00
131	83	143	1	5.00	131397.00	656985.00
132	99	136	1	36.00	801118.00	28840248.00
133	4	112	1	46.00	87994.00	4047724.00
134	19	13	2	31.00	448484.00	13903004.00
135	63	50	2	11.00	431179.00	4742969.00
136	86	9	1	5.00	715677.00	3578385.00
137	82	89	2	44.00	979974.00	43118856.00
138	82	21	2	2.00	926822.00	1853644.00
139	90	24	1	38.00	855774.00	32519412.00
140	46	124	2	33.00	717773.00	23686509.00
141	98	137	2	26.00	235423.00	6120998.00
142	89	106	1	28.00	714860.00	20016080.00
143	8	17	1	16.00	885854.00	14173664.00
144	75	141	2	22.00	184914.00	4068108.00
145	76	98	1	35.00	417247.00	14603645.00
146	30	81	2	8.00	936123.00	7488984.00
147	51	62	2	41.00	799254.00	32769414.00
148	55	115	1	36.00	866156.00	31181616.00
149	53	46	1	28.00	5958.00	166824.00
150	77	27	1	2.00	344724.00	689448.00
151	89	12	1	44.00	205701.00	9050844.00
152	87	91	2	35.00	368663.00	12903205.00
153	30	103	2	20.00	224044.00	4480880.00
154	17	14	1	32.00	879866.00	28155712.00
155	63	61	2	49.00	669336.00	32797464.00
156	17	130	2	18.00	599725.00	10795050.00
157	66	36	1	4.00	531611.00	2126444.00
158	96	3	1	33.00	367051.00	12112683.00
159	3	85	2	21.00	893453.00	18762513.00
160	51	124	1	20.00	697890.00	13957800.00
161	97	59	1	48.00	440884.00	21162432.00
162	42	141	2	4.00	329407.00	1317628.00
163	65	48	2	49.00	442598.00	21687302.00
164	50	22	2	43.00	204313.00	8785459.00
165	42	133	2	39.00	244868.00	9549852.00
166	91	105	2	32.00	232886.00	7452352.00
167	30	86	1	13.00	350636.00	4558268.00
168	95	53	2	2.00	891581.00	1783162.00
169	5	150	2	48.00	655378.00	31458144.00
170	9	48	1	27.00	591163.00	15961401.00
171	71	58	2	25.00	753164.00	18829100.00
172	54	67	1	49.00	190047.00	9312303.00
173	96	91	2	24.00	845238.00	20285712.00
174	9	101	1	42.00	381933.00	16041186.00
175	19	63	2	38.00	766610.00	29131180.00
176	76	118	1	5.00	699197.00	3495985.00
177	14	112	2	45.00	509413.00	22923585.00
178	67	37	1	28.00	425559.00	11915652.00
179	7	37	1	19.00	71866.00	1365454.00
180	73	86	1	31.00	337227.00	10454037.00
181	18	34	1	33.00	972099.00	32079267.00
182	93	16	2	24.00	520455.00	12490920.00
183	85	17	2	42.00	500956.00	21040152.00
184	92	143	2	5.00	439395.00	2196975.00
185	63	92	1	29.00	514001.00	14906029.00
186	40	46	1	16.00	251722.00	4027552.00
187	52	33	2	26.00	34727.00	902902.00
188	65	122	1	24.00	567735.00	13625640.00
189	26	44	2	29.00	159626.00	4629154.00
190	66	95	1	5.00	592096.00	2960480.00
191	36	96	2	13.00	280653.00	3648489.00
192	96	63	2	33.00	744885.00	24581205.00
193	11	81	1	5.00	95027.00	475135.00
194	32	39	1	6.00	231849.00	1391094.00
195	45	53	2	7.00	687409.00	4811863.00
196	50	142	2	26.00	221413.00	5756738.00
197	22	103	1	8.00	498551.00	3988408.00
198	45	2	1	35.00	9492.00	332220.00
199	44	94	2	4.00	643288.00	2573152.00
200	92	67	1	18.00	18934.00	340812.00
201	7	84	1	5.00	245035.00	1225175.00
202	27	20	1	35.00	418212.00	14637420.00
203	88	18	1	1.00	631042.00	631042.00
204	42	130	2	50.00	895097.00	44754850.00
205	92	13	1	26.00	696572.00	18110872.00
206	55	83	2	50.00	529958.00	26497900.00
207	60	65	1	36.00	8929.00	321444.00
208	9	47	2	28.00	792292.00	22184176.00
209	31	46	1	34.00	678862.00	23081308.00
210	93	97	2	43.00	549046.00	23608978.00
211	37	6	2	28.00	668876.00	18728528.00
212	84	43	1	12.00	734465.00	8813580.00
213	7	143	1	18.00	210360.00	3786480.00
214	6	5	1	5.00	589955.00	2949775.00
215	26	121	1	3.00	98524.00	295572.00
216	51	87	2	12.00	502468.00	6029616.00
217	50	29	1	36.00	472602.00	17013672.00
218	17	102	2	26.00	366102.00	9518652.00
219	40	132	1	27.00	451240.00	12183480.00
220	93	80	2	16.00	821018.00	13136288.00
221	96	126	2	48.00	26323.00	1263504.00
222	60	54	2	28.00	681485.00	19081580.00
223	5	117	1	36.00	377828.00	13601808.00
224	45	58	2	31.00	832115.00	25795565.00
225	32	37	1	22.00	367341.00	8081502.00
226	46	22	1	41.00	948712.00	38897192.00
227	4	70	2	3.00	694529.00	2083587.00
228	90	89	1	40.00	816481.00	32659240.00
229	37	65	2	43.00	873546.00	37562478.00
230	49	21	2	23.00	715056.00	16446288.00
231	30	62	1	9.00	561050.00	5049450.00
232	35	8	2	16.00	235638.00	3770208.00
233	13	91	2	40.00	747648.00	29905920.00
234	66	60	1	26.00	299126.00	7777276.00
235	73	103	2	2.00	140742.00	281484.00
236	38	131	2	31.00	659894.00	20456714.00
237	25	37	1	22.00	998798.00	21973556.00
238	30	47	2	28.00	483966.00	13551048.00
239	86	14	1	41.00	211420.00	8668220.00
240	53	69	2	44.00	109270.00	4807880.00
241	57	23	2	31.00	582014.00	18042434.00
242	93	140	2	9.00	358495.00	3226455.00
243	20	123	1	16.00	556673.00	8906768.00
244	21	7	1	13.00	864415.00	11237395.00
245	26	20	2	22.00	678539.00	14927858.00
246	77	10	1	42.00	885976.00	37210992.00
247	30	47	1	44.00	357482.00	15729208.00
248	56	126	2	14.00	332937.00	4661118.00
249	26	92	2	43.00	486651.00	20925993.00
250	55	61	1	14.00	393998.00	5515972.00
251	68	146	2	12.00	637082.00	7644984.00
252	46	117	1	44.00	648019.00	28512836.00
253	84	137	1	28.00	829306.00	23220568.00
254	39	52	1	49.00	148343.00	7268807.00
255	29	146	1	6.00	632818.00	3796908.00
256	42	86	1	11.00	137897.00	1516867.00
257	60	50	1	28.00	580411.00	16251508.00
258	65	47	2	20.00	50580.00	1011600.00
259	42	55	2	30.00	492256.00	14767680.00
260	94	80	1	17.00	768893.00	13071181.00
261	71	119	2	30.00	90937.00	2728110.00
262	81	37	1	12.00	373307.00	4479684.00
263	64	114	1	14.00	79225.00	1109150.00
264	57	119	2	49.00	642588.00	31486812.00
265	45	10	2	13.00	764677.00	9940801.00
266	29	124	1	46.00	869288.00	39987248.00
267	24	6	1	19.00	587259.00	11157921.00
268	36	87	1	28.00	986828.00	27631184.00
269	63	57	1	37.00	76575.00	2833275.00
270	61	46	2	18.00	621535.00	11187630.00
271	43	144	1	5.00	457160.00	2285800.00
272	75	87	2	2.00	912640.00	1825280.00
273	52	103	1	39.00	133885.00	5221515.00
274	37	27	2	42.00	880781.00	36992802.00
275	96	30	2	27.00	182225.00	4920075.00
276	52	114	2	24.00	700155.00	16803720.00
277	76	145	2	16.00	36716.00	587456.00
278	67	26	1	5.00	892914.00	4464570.00
279	19	73	2	27.00	909625.00	24559875.00
280	73	12	1	5.00	163629.00	818145.00
281	51	123	1	44.00	189303.00	8329332.00
282	71	61	2	15.00	747713.00	11215695.00
283	98	31	1	34.00	972200.00	33054800.00
284	17	129	2	48.00	859526.00	41257248.00
285	68	139	1	23.00	384696.00	8848008.00
286	47	134	2	36.00	751464.00	27052704.00
287	96	127	2	14.00	41898.00	586572.00
288	80	102	2	10.00	45928.00	459280.00
289	75	9	1	19.00	195431.00	3713189.00
290	39	20	1	12.00	946071.00	11352852.00
291	33	1	2	12.00	950558.00	11406696.00
292	15	71	1	31.00	325069.00	10077139.00
293	30	113	1	20.00	895564.00	17911280.00
294	24	5	1	37.00	849676.00	31438012.00
295	7	133	2	39.00	175334.00	6838026.00
296	15	69	1	7.00	832051.00	5824357.00
297	97	79	1	11.00	763834.00	8402174.00
298	32	147	1	2.00	82348.00	164696.00
299	85	79	1	8.00	35373.00	282984.00
300	98	80	1	13.00	428407.00	5569291.00
301	52	115	2	48.00	31576.00	1515648.00
302	47	119	2	6.00	518785.00	3112710.00
303	48	142	2	45.00	280741.00	12633345.00
304	9	9	1	4.00	124686.00	498744.00
305	60	103	2	24.00	813770.00	19530480.00
306	70	108	2	5.00	191382.00	956910.00
307	67	11	1	15.00	658976.00	9884640.00
308	89	110	2	4.00	398383.00	1593532.00
309	30	16	2	26.00	728066.00	18929716.00
310	26	79	2	33.00	458459.00	15129147.00
311	40	111	1	10.00	788276.00	7882760.00
312	28	114	2	45.00	21929.00	986805.00
313	25	109	1	22.00	463131.00	10188882.00
314	2	149	1	34.00	361718.00	12298412.00
315	12	19	1	7.00	545026.00	3815182.00
316	39	23	1	13.00	255356.00	3319628.00
317	42	65	2	21.00	555667.00	11669007.00
318	83	93	2	32.00	247348.00	7915136.00
319	19	99	1	9.00	203443.00	1830987.00
320	53	147	2	14.00	678485.00	9498790.00
321	44	27	2	17.00	859524.00	14611908.00
322	10	93	2	44.00	830884.00	36558896.00
323	75	137	1	18.00	97503.00	1755054.00
324	24	123	2	47.00	950852.00	44690044.00
325	13	82	1	18.00	338336.00	6090048.00
326	64	85	2	46.00	237706.00	10934476.00
327	86	49	2	42.00	919467.00	38617614.00
328	16	144	1	28.00	790986.00	22147608.00
329	9	111	2	9.00	169490.00	1525410.00
330	68	25	2	9.00	607128.00	5464152.00
331	59	101	1	7.00	449904.00	3149328.00
332	62	107	2	35.00	715820.00	25053700.00
333	93	6	2	38.00	986825.00	37499350.00
334	83	74	2	49.00	520312.00	25495288.00
335	35	141	2	17.00	661015.00	11237255.00
336	31	81	1	49.00	564260.00	27648740.00
337	30	112	2	16.00	502751.00	8044016.00
338	94	30	1	11.00	436197.00	4798167.00
339	58	143	1	33.00	966708.00	31901364.00
340	82	67	1	35.00	709757.00	24841495.00
341	47	130	2	44.00	217751.00	9581044.00
342	16	149	1	6.00	439951.00	2639706.00
343	80	26	1	43.00	43922.00	1888646.00
344	52	85	1	16.00	90026.00	1440416.00
345	59	65	1	46.00	224705.00	10336430.00
346	69	7	2	30.00	356261.00	10687830.00
347	39	143	1	16.00	682530.00	10920480.00
348	77	11	1	40.00	554592.00	22183680.00
349	53	25	1	41.00	804310.00	32976710.00
350	69	24	2	42.00	214735.00	9018870.00
351	40	110	1	41.00	838877.00	34393957.00
352	3	119	1	30.00	348499.00	10454970.00
353	49	84	2	32.00	888915.00	28445280.00
354	35	53	2	7.00	401429.00	2810003.00
355	74	79	2	29.00	211626.00	6137154.00
356	84	84	1	43.00	1195.00	51385.00
357	65	110	1	46.00	435835.00	20048410.00
358	90	144	1	26.00	794648.00	20660848.00
359	15	52	1	50.00	230362.00	11518100.00
360	27	61	1	13.00	837733.00	10890529.00
361	80	31	2	40.00	901588.00	36063520.00
362	99	136	2	13.00	419481.00	5453253.00
363	18	78	2	36.00	239273.00	8613828.00
364	16	57	2	13.00	782193.00	10168509.00
365	96	150	1	12.00	726719.00	8720628.00
366	72	15	1	21.00	783665.00	16456965.00
367	32	148	2	40.00	297163.00	11886520.00
368	34	27	2	47.00	694417.00	32637599.00
369	8	84	2	50.00	962586.00	48129300.00
370	49	20	2	23.00	71173.00	1636979.00
371	95	33	1	30.00	761780.00	22853400.00
372	93	21	1	45.00	36613.00	1647585.00
373	70	38	1	37.00	809152.00	29938624.00
374	45	64	1	7.00	476958.00	3338706.00
375	13	55	1	7.00	655583.00	4589081.00
376	25	8	1	8.00	865797.00	6926376.00
377	37	62	2	18.00	560626.00	10091268.00
378	64	104	2	32.00	876183.00	28037856.00
379	86	21	1	25.00	395843.00	9896075.00
380	78	130	2	44.00	649457.00	28576108.00
381	4	48	1	38.00	52176.00	1982688.00
382	37	126	1	28.00	942755.00	26397140.00
383	4	139	2	22.00	597837.00	13152414.00
384	4	130	2	24.00	627133.00	15051192.00
385	46	112	1	23.00	891816.00	20511768.00
386	76	148	1	9.00	67826.00	610434.00
387	72	109	1	29.00	406257.00	11781453.00
388	91	9	2	17.00	714145.00	12140465.00
389	51	81	1	22.00	791922.00	17422284.00
390	38	121	2	45.00	780955.00	35142975.00
391	71	99	1	13.00	525544.00	6832072.00
392	49	122	2	38.00	668944.00	25419872.00
393	24	75	2	49.00	988785.00	48450465.00
394	75	102	2	15.00	617706.00	9265590.00
395	53	33	1	9.00	27282.00	245538.00
396	69	88	2	26.00	756689.00	19673914.00
397	89	40	1	31.00	838926.00	26006706.00
398	90	96	2	21.00	270540.00	5681340.00
399	80	111	1	41.00	253928.00	10411048.00
400	99	33	2	12.00	859436.00	10313232.00
401	42	10	1	11.00	880038.00	9680418.00
402	66	83	1	20.00	746090.00	14921800.00
403	24	102	1	33.00	922907.00	30455931.00
404	40	62	1	49.00	435683.00	21348467.00
405	70	115	1	21.00	928426.00	19496946.00
406	83	36	2	13.00	692975.00	9008675.00
407	76	87	2	7.00	785482.00	5498374.00
408	93	92	1	41.00	103438.00	4240958.00
409	12	5	1	16.00	920049.00	14720784.00
410	67	135	1	38.00	31149.00	1183662.00
411	8	78	1	24.00	477670.00	11464080.00
412	34	98	1	5.00	241604.00	1208020.00
413	51	57	1	3.00	209392.00	628176.00
414	13	106	2	4.00	587822.00	2351288.00
415	20	127	1	14.00	164339.00	2300746.00
416	15	87	1	16.00	947165.00	15154640.00
417	59	69	1	36.00	82501.00	2970036.00
418	71	115	1	8.00	472574.00	3780592.00
419	57	33	2	15.00	281662.00	4224930.00
420	73	120	2	35.00	665881.00	23305835.00
421	81	90	1	9.00	452499.00	4072491.00
422	84	84	2	24.00	156473.00	3755352.00
423	85	39	1	31.00	31574.00	978794.00
424	27	84	1	32.00	338451.00	10830432.00
425	75	77	2	47.00	836648.00	39322456.00
426	44	134	2	33.00	353360.00	11660880.00
427	12	18	1	29.00	827389.00	23994281.00
428	61	142	1	5.00	830034.00	4150170.00
429	25	77	2	28.00	21437.00	600236.00
430	4	4	2	48.00	860319.00	41295312.00
431	48	12	2	40.00	846378.00	33855120.00
432	17	27	1	6.00	999012.00	5994072.00
433	24	96	1	26.00	546029.00	14196754.00
434	43	19	2	5.00	786850.00	3934250.00
435	4	123	2	14.00	933785.00	13072990.00
436	47	53	2	11.00	601608.00	6617688.00
437	46	134	2	42.00	104970.00	4408740.00
438	69	19	1	38.00	691449.00	26275062.00
439	24	13	1	26.00	729100.00	18956600.00
440	29	16	2	36.00	171795.00	6184620.00
441	90	45	2	33.00	844345.00	27863385.00
442	2	16	2	29.00	696028.00	20184812.00
443	68	77	1	46.00	471108.00	21670968.00
444	84	124	1	8.00	641211.00	5129688.00
445	24	29	1	45.00	527157.00	23722065.00
446	54	137	2	38.00	310542.00	11800596.00
447	75	117	1	28.00	123850.00	3467800.00
448	24	59	2	22.00	952067.00	20945474.00
449	45	42	1	7.00	33210.00	232470.00
450	39	55	1	44.00	643950.00	28333800.00
451	39	98	2	42.00	994222.00	41757324.00
452	20	13	1	44.00	156232.00	6874208.00
453	84	25	1	43.00	650755.00	27982465.00
454	66	6	1	2.00	537952.00	1075904.00
455	3	55	1	28.00	497352.00	13925856.00
456	41	15	1	26.00	493302.00	12825852.00
457	64	23	1	26.00	207020.00	5382520.00
458	43	29	2	16.00	839375.00	13430000.00
459	1	56	2	18.00	730438.00	13147884.00
460	85	8	2	15.00	142512.00	2137680.00
461	8	71	2	45.00	439578.00	19781010.00
462	28	62	2	31.00	670929.00	20798799.00
463	11	129	1	3.00	467917.00	1403751.00
464	90	47	1	43.00	56263.00	2419309.00
465	46	85	2	40.00	561987.00	22479480.00
466	91	100	2	35.00	311035.00	10886225.00
467	57	92	1	20.00	41951.00	839020.00
468	70	130	2	17.00	543279.00	9235743.00
469	26	129	1	13.00	232675.00	3024775.00
470	18	65	1	42.00	878366.00	36891372.00
471	85	106	2	15.00	160255.00	2403825.00
472	67	36	1	49.00	174244.00	8537956.00
473	94	141	1	35.00	746214.00	26117490.00
474	94	102	2	19.00	795726.00	15118794.00
475	41	57	1	38.00	820708.00	31186904.00
476	28	96	1	46.00	539103.00	24798738.00
477	77	104	2	31.00	588535.00	18244585.00
478	13	145	2	44.00	708110.00	31156840.00
479	8	143	2	46.00	854414.00	39303044.00
480	87	52	1	48.00	659335.00	31648080.00
481	91	48	1	39.00	696007.00	27144273.00
482	96	105	1	29.00	611152.00	17723408.00
483	80	139	2	2.00	523819.00	1047638.00
484	14	110	2	28.00	487990.00	13663720.00
485	78	88	2	9.00	426737.00	3840633.00
486	43	63	1	2.00	604255.00	1208510.00
487	91	89	1	12.00	804005.00	9648060.00
488	41	67	1	45.00	996609.00	44847405.00
489	5	24	1	43.00	385292.00	16567556.00
490	77	59	1	37.00	562342.00	20806654.00
491	82	85	1	10.00	301125.00	3011250.00
492	81	27	2	14.00	109946.00	1539244.00
493	35	46	2	49.00	625600.00	30654400.00
494	65	110	1	46.00	415243.00	19101178.00
495	33	56	1	34.00	118713.00	4036242.00
496	89	103	1	26.00	281722.00	7324772.00
497	8	115	2	26.00	387775.00	10082150.00
498	56	91	1	2.00	306552.00	613104.00
499	51	15	1	38.00	122395.00	4651010.00
500	92	42	1	50.00	326536.00	16326800.00
501	91	43	1	45.00	651960.00	29338200.00
502	53	127	2	46.00	150114.00	6905244.00
503	41	123	2	31.00	651187.00	20186797.00
504	84	11	2	10.00	446589.00	4465890.00
505	29	57	2	4.00	56701.00	226804.00
506	36	101	1	25.00	349722.00	8743050.00
507	63	114	2	41.00	500288.00	20511808.00
508	42	88	1	25.00	617287.00	15432175.00
509	59	78	1	7.00	814827.00	5703789.00
510	31	30	1	36.00	709704.00	25549344.00
511	93	31	1	36.00	14992.00	539712.00
512	94	109	1	18.00	334268.00	6016824.00
513	55	101	2	35.00	439683.00	15388905.00
514	63	134	2	36.00	728870.00	26239320.00
515	65	19	2	5.00	780099.00	3900495.00
516	68	3	2	10.00	319409.00	3194090.00
517	93	65	2	34.00	177879.00	6047886.00
518	5	140	1	11.00	722911.00	7952021.00
519	98	119	2	12.00	139990.00	1679880.00
520	34	61	2	38.00	637223.00	24214474.00
521	99	142	1	38.00	958834.00	36435692.00
522	40	19	2	28.00	499255.00	13979140.00
523	74	53	1	12.00	560259.00	6723108.00
524	6	97	2	35.00	519967.00	18198845.00
525	26	67	2	43.00	204226.00	8781718.00
526	4	86	1	11.00	809903.00	8908933.00
527	69	38	1	50.00	164606.00	8230300.00
528	95	148	2	15.00	744378.00	11165670.00
529	14	45	1	40.00	57104.00	2284160.00
530	72	79	1	39.00	601212.00	23447268.00
531	79	105	1	46.00	154152.00	7090992.00
532	62	150	1	47.00	209487.00	9845889.00
533	52	34	2	18.00	624205.00	11235690.00
534	91	11	1	2.00	389261.00	778522.00
535	23	106	1	37.00	746485.00	27619945.00
536	11	9	1	50.00	908569.00	45428450.00
537	78	109	1	27.00	874316.00	23606532.00
538	93	35	1	45.00	677703.00	30496635.00
539	92	119	2	36.00	42273.00	1521828.00
540	50	148	2	11.00	82833.00	911163.00
541	73	15	2	19.00	856215.00	16268085.00
542	90	10	1	35.00	138331.00	4841585.00
543	71	114	2	45.00	960261.00	43211745.00
544	51	143	1	45.00	182665.00	8219925.00
545	32	54	1	27.00	428682.00	11574414.00
546	3	109	2	35.00	117721.00	4120235.00
547	44	97	2	22.00	995170.00	21893740.00
548	56	101	2	33.00	559743.00	18471519.00
549	65	79	1	13.00	657340.00	8545420.00
550	33	63	1	35.00	500014.00	17500490.00
551	100	149	2	7.00	990031.00	6930217.00
552	93	33	1	2.00	482091.00	964182.00
553	28	71	2	33.00	358928.00	11844624.00
554	89	117	1	10.00	789082.00	7890820.00
555	60	47	2	46.00	181653.00	8356038.00
556	35	44	1	44.00	456533.00	20087452.00
557	9	126	1	3.00	316809.00	950427.00
558	43	138	1	18.00	291739.00	5251302.00
559	72	33	1	18.00	897468.00	16154424.00
560	80	77	2	6.00	41771.00	250626.00
561	89	136	2	36.00	922931.00	33225516.00
562	21	63	1	41.00	430799.00	17662759.00
563	60	61	1	16.00	618149.00	9890384.00
564	49	95	2	10.00	9271.00	92710.00
565	77	76	1	9.00	566021.00	5094189.00
566	95	71	2	23.00	515764.00	11862572.00
567	34	56	2	40.00	245750.00	9830000.00
568	21	136	2	45.00	206733.00	9302985.00
569	42	35	2	18.00	608068.00	10945224.00
570	87	35	1	12.00	349719.00	4196628.00
571	65	22	1	27.00	904492.00	24421284.00
572	7	44	1	9.00	761037.00	6849333.00
573	61	31	1	18.00	952247.00	17140446.00
574	34	116	2	14.00	172555.00	2415770.00
575	77	97	2	50.00	905831.00	45291550.00
576	71	44	1	32.00	7356.00	235392.00
577	95	20	1	41.00	752100.00	30836100.00
578	22	23	1	19.00	653537.00	12417203.00
579	85	42	2	21.00	202814.00	4259094.00
580	28	142	1	41.00	560158.00	22966478.00
581	35	37	2	40.00	880957.00	35238280.00
582	54	8	1	23.00	462905.00	10646815.00
583	63	63	1	12.00	420528.00	5046336.00
584	54	142	1	19.00	780777.00	14834763.00
585	44	36	2	45.00	470238.00	21160710.00
586	11	43	2	25.00	532707.00	13317675.00
587	62	61	1	30.00	697097.00	20912910.00
588	10	134	2	14.00	233677.00	3271478.00
589	88	5	1	3.00	390162.00	1170486.00
590	30	24	2	39.00	631818.00	24640902.00
591	96	32	1	9.00	222927.00	2006343.00
592	43	29	2	12.00	624121.00	7489452.00
593	65	41	2	28.00	630848.00	17663744.00
594	12	9	2	18.00	280427.00	5047686.00
595	48	72	1	25.00	369182.00	9229550.00
596	41	74	2	20.00	39755.00	795100.00
597	16	85	2	3.00	389521.00	1168563.00
598	72	56	2	5.00	971861.00	4859305.00
599	71	74	1	35.00	984120.00	34444200.00
600	48	48	1	5.00	909828.00	4549140.00
601	62	103	2	49.00	66777.00	3272073.00
602	93	111	1	18.00	736796.00	13262328.00
603	74	38	2	19.00	596143.00	11326717.00
604	23	50	2	2.00	354948.00	709896.00
605	79	134	2	23.00	469304.00	10793992.00
606	80	38	1	31.00	511161.00	15845991.00
607	72	146	2	39.00	740978.00	28898142.00
608	4	61	1	21.00	744570.00	15635970.00
609	39	113	2	44.00	836147.00	36790468.00
610	42	103	1	34.00	178756.00	6077704.00
611	46	49	2	40.00	590049.00	23601960.00
612	75	46	2	20.00	140818.00	2816360.00
613	52	144	1	41.00	564568.00	23147288.00
614	98	146	1	42.00	961453.00	40381026.00
615	16	133	1	3.00	349466.00	1048398.00
616	16	103	1	19.00	497823.00	9458637.00
617	7	133	1	16.00	504285.00	8068560.00
618	72	77	1	4.00	86537.00	346148.00
619	92	148	1	32.00	246432.00	7885824.00
620	31	16	2	36.00	789277.00	28413972.00
621	24	131	2	32.00	477789.00	15289248.00
622	6	108	1	29.00	234408.00	6797832.00
623	100	14	1	10.00	98018.00	980180.00
624	96	125	1	25.00	53164.00	1329100.00
625	67	95	2	37.00	131119.00	4851403.00
626	55	6	1	31.00	956245.00	29643595.00
627	5	102	2	23.00	248949.00	5725827.00
628	75	41	2	10.00	15679.00	156790.00
629	11	102	2	8.00	246968.00	1975744.00
630	66	67	2	19.00	225464.00	4283816.00
631	12	21	2	46.00	388069.00	17851174.00
632	86	110	2	12.00	470478.00	5645736.00
633	31	39	1	2.00	442397.00	884794.00
634	33	19	2	14.00	495775.00	6940850.00
635	60	75	1	38.00	38785.00	1473830.00
636	76	97	2	48.00	536699.00	25761552.00
637	33	142	1	38.00	749276.00	28472488.00
638	32	73	1	24.00	550857.00	13220568.00
639	63	98	1	16.00	998089.00	15969424.00
640	13	13	1	11.00	456854.00	5025394.00
641	19	108	1	48.00	325210.00	15610080.00
642	9	29	2	16.00	954867.00	15277872.00
643	1	81	1	30.00	128299.00	3848970.00
644	94	28	1	45.00	36258.00	1631610.00
645	40	85	2	5.00	954723.00	4773615.00
646	26	38	2	30.00	981941.00	29458230.00
647	84	73	2	35.00	973578.00	34075230.00
648	31	59	2	31.00	295086.00	9147666.00
649	93	127	1	44.00	123696.00	5442624.00
650	73	72	1	32.00	20157.00	645024.00
651	54	88	2	16.00	671006.00	10736096.00
652	32	133	1	42.00	234963.00	9868446.00
653	14	100	2	10.00	362910.00	3629100.00
654	4	98	2	3.00	306122.00	918366.00
655	8	48	2	8.00	955525.00	7644200.00
656	17	63	1	14.00	53233.00	745262.00
657	65	121	2	40.00	218584.00	8743360.00
658	51	110	2	35.00	812236.00	28428260.00
659	97	45	1	7.00	457760.00	3204320.00
660	89	54	2	13.00	688058.00	8944754.00
661	12	45	2	23.00	965311.00	22202153.00
662	62	85	2	48.00	946263.00	45420624.00
663	42	130	1	11.00	544037.00	5984407.00
664	15	119	2	43.00	983234.00	42279062.00
665	46	57	2	6.00	490417.00	2942502.00
666	82	131	1	37.00	964123.00	35672551.00
667	87	109	1	8.00	845130.00	6761040.00
668	75	37	2	24.00	292914.00	7029936.00
669	71	23	2	43.00	111656.00	4801208.00
670	14	53	1	44.00	264494.00	11637736.00
671	45	53	2	34.00	979374.00	33298716.00
672	79	88	2	20.00	206795.00	4135900.00
673	12	70	2	19.00	38703.00	735357.00
674	3	131	1	35.00	751377.00	26298195.00
675	40	27	2	3.00	708222.00	2124666.00
676	96	79	2	24.00	555555.00	13333320.00
677	26	51	2	22.00	104827.00	2306194.00
678	13	112	1	2.00	540987.00	1081974.00
679	32	111	2	43.00	848158.00	36470794.00
680	90	124	1	20.00	904202.00	18084040.00
681	17	139	1	12.00	939312.00	11271744.00
682	50	63	2	12.00	342483.00	4109796.00
683	79	135	2	30.00	213258.00	6397740.00
684	98	30	2	18.00	759253.00	13666554.00
685	15	3	1	44.00	643362.00	28307928.00
686	83	101	2	42.00	183513.00	7707546.00
687	52	73	2	25.00	785244.00	19631100.00
688	86	120	2	48.00	321567.00	15435216.00
689	15	39	1	29.00	514526.00	14921254.00
690	94	61	2	14.00	714882.00	10008348.00
691	57	127	2	5.00	790599.00	3952995.00
692	64	53	2	8.00	49935.00	399480.00
693	98	90	1	41.00	334093.00	13697813.00
694	28	50	2	7.00	762039.00	5334273.00
695	9	120	1	30.00	127772.00	3833160.00
696	69	90	2	43.00	999439.00	42975877.00
697	67	64	1	6.00	14853.00	89118.00
698	86	116	2	31.00	235728.00	7307568.00
699	88	19	1	48.00	441112.00	21173376.00
700	68	119	1	25.00	959183.00	23979575.00
701	4	55	1	24.00	795947.00	19102728.00
702	64	45	1	38.00	520686.00	19786068.00
703	17	114	2	34.00	905092.00	30773128.00
704	16	27	1	37.00	912553.00	33764461.00
705	1	82	2	21.00	121338.00	2548098.00
706	69	80	2	42.00	542627.00	22790334.00
707	75	58	2	35.00	326110.00	11413850.00
708	31	4	2	21.00	331616.00	6963936.00
709	37	107	2	14.00	362714.00	5077996.00
710	14	78	1	45.00	494888.00	22269960.00
711	45	7	1	25.00	580006.00	14500150.00
712	82	112	2	8.00	254391.00	2035128.00
713	77	95	2	17.00	791683.00	13458611.00
714	55	75	1	46.00	905482.00	41652172.00
715	96	39	1	35.00	396543.00	13879005.00
716	38	62	2	33.00	949333.00	31327989.00
717	62	50	1	44.00	7986.00	351384.00
718	25	77	1	14.00	785612.00	10998568.00
719	37	19	1	49.00	582760.00	28555240.00
720	58	78	1	45.00	44551.00	2004795.00
721	17	62	2	46.00	768735.00	35361810.00
722	2	117	1	34.00	160867.00	5469478.00
723	76	53	2	25.00	560331.00	14008275.00
724	8	26	2	5.00	79889.00	399445.00
725	23	132	2	9.00	309542.00	2785878.00
726	20	101	2	5.00	821734.00	4108670.00
727	61	122	1	32.00	503171.00	16101472.00
728	21	21	2	9.00	354799.00	3193191.00
729	59	46	1	13.00	231124.00	3004612.00
730	25	103	1	33.00	824063.00	27194079.00
731	12	42	1	26.00	722761.00	18791786.00
732	46	35	2	45.00	305144.00	13731480.00
733	31	34	2	46.00	67565.00	3107990.00
734	1	36	1	34.00	762211.00	25915174.00
735	93	25	2	4.00	809217.00	3236868.00
736	64	144	1	6.00	330350.00	1982100.00
737	85	140	2	23.00	916365.00	21076395.00
738	31	62	1	4.00	859041.00	3436164.00
739	35	111	1	30.00	836861.00	25105830.00
740	35	30	1	18.00	302148.00	5438664.00
741	15	23	2	48.00	366085.00	17572080.00
742	18	150	2	33.00	488263.00	16112679.00
743	97	94	1	20.00	786072.00	15721440.00
744	84	45	1	20.00	299321.00	5986420.00
745	85	36	2	50.00	422166.00	21108300.00
746	14	78	1	46.00	695801.00	32006846.00
747	12	69	1	9.00	840112.00	7561008.00
748	29	118	2	12.00	516660.00	6199920.00
749	79	67	1	7.00	476456.00	3335192.00
750	53	6	2	18.00	249564.00	4492152.00
751	94	68	2	3.00	610923.00	1832769.00
752	35	105	1	29.00	152884.00	4433636.00
753	59	60	2	36.00	241667.00	8700012.00
754	71	95	1	17.00	908698.00	15447866.00
755	9	127	2	31.00	790092.00	24492852.00
756	19	112	1	12.00	278088.00	3337056.00
757	95	104	2	41.00	870226.00	35679266.00
758	20	46	1	28.00	972655.00	27234340.00
759	94	78	2	39.00	111905.00	4364295.00
760	47	50	1	45.00	471022.00	21195990.00
761	71	64	1	36.00	706093.00	25419348.00
762	13	147	2	39.00	919687.00	35867793.00
763	11	46	2	17.00	207139.00	3521363.00
764	86	108	2	18.00	444349.00	7998282.00
765	48	41	2	24.00	580479.00	13931496.00
766	43	137	2	29.00	817515.00	23707935.00
767	13	21	2	49.00	301649.00	14780801.00
768	84	10	1	25.00	872504.00	21812600.00
769	56	58	1	45.00	863934.00	38877030.00
770	75	137	1	15.00	694534.00	10418010.00
771	47	127	1	15.00	510039.00	7650585.00
772	70	84	2	15.00	56305.00	844575.00
773	18	16	2	9.00	906096.00	8154864.00
774	68	122	2	28.00	961125.00	26911500.00
775	22	71	1	6.00	931567.00	5589402.00
776	40	23	2	6.00	275528.00	1653168.00
777	67	105	1	6.00	917287.00	5503722.00
778	69	93	1	20.00	225962.00	4519240.00
779	76	103	2	24.00	677916.00	16269984.00
780	72	120	2	36.00	128740.00	4634640.00
781	24	49	1	4.00	320903.00	1283612.00
782	38	3	1	48.00	273810.00	13142880.00
783	53	103	2	31.00	197277.00	6115587.00
784	69	11	2	34.00	332072.00	11290448.00
785	81	57	2	24.00	475162.00	11403888.00
786	54	89	1	10.00	211502.00	2115020.00
787	70	101	2	30.00	924736.00	27742080.00
788	22	150	2	47.00	978038.00	45967786.00
789	66	89	2	12.00	412287.00	4947444.00
790	36	87	1	24.00	23423.00	562152.00
791	38	32	1	37.00	331074.00	12249738.00
792	44	116	1	36.00	31178.00	1122408.00
793	65	133	1	25.00	377817.00	9445425.00
794	55	65	1	5.00	379346.00	1896730.00
795	48	89	2	45.00	110269.00	4962105.00
796	81	30	2	26.00	750877.00	19522802.00
797	40	136	2	47.00	154809.00	7276023.00
798	9	145	1	20.00	288420.00	5768400.00
799	29	61	1	37.00	714476.00	26435612.00
800	91	139	2	34.00	465296.00	15820064.00
801	67	131	2	29.00	529070.00	15343030.00
802	23	117	1	9.00	166346.00	1497114.00
803	49	95	1	16.00	850471.00	13607536.00
804	13	98	1	17.00	908340.00	15441780.00
805	67	139	2	15.00	756816.00	11352240.00
806	62	4	1	5.00	937923.00	4689615.00
807	32	91	2	8.00	530224.00	4241792.00
808	98	4	1	39.00	65489.00	2554071.00
809	79	23	2	39.00	649434.00	25327926.00
810	42	54	1	23.00	71729.00	1649767.00
811	7	43	1	20.00	611382.00	12227640.00
812	27	93	2	39.00	30115.00	1174485.00
813	60	86	1	43.00	661817.00	28458131.00
814	89	2	2	9.00	122207.00	1099863.00
815	50	18	2	42.00	392906.00	16502052.00
816	29	114	1	30.00	301569.00	9047070.00
817	30	36	2	34.00	47472.00	1614048.00
818	59	72	2	9.00	775280.00	6977520.00
819	32	70	2	25.00	357766.00	8944150.00
820	41	36	2	9.00	513202.00	4618818.00
821	11	50	2	46.00	782606.00	35999876.00
822	5	50	2	23.00	973278.00	22385394.00
823	97	15	2	27.00	676573.00	18267471.00
824	4	99	1	44.00	737591.00	32454004.00
825	48	36	1	33.00	24626.00	812658.00
826	36	28	2	3.00	110107.00	330321.00
827	41	119	2	16.00	617239.00	9875824.00
828	26	49	2	25.00	969625.00	24240625.00
829	84	12	1	3.00	26060.00	78180.00
830	37	6	1	48.00	338414.00	16243872.00
831	74	135	1	47.00	120834.00	5679198.00
832	74	15	2	40.00	686612.00	27464480.00
833	97	40	2	47.00	829327.00	38978369.00
834	2	104	1	49.00	240557.00	11787293.00
835	13	111	1	12.00	352177.00	4226124.00
836	12	58	1	34.00	131827.00	4482118.00
837	69	108	2	46.00	553727.00	25471442.00
838	58	9	2	26.00	14740.00	383240.00
839	32	111	1	7.00	112488.00	787416.00
840	99	54	2	4.00	363480.00	1453920.00
841	50	130	1	25.00	179945.00	4498625.00
842	7	127	1	25.00	701548.00	17538700.00
843	24	119	1	8.00	548816.00	4390528.00
844	49	99	2	50.00	906393.00	45319650.00
845	23	55	1	42.00	456300.00	19164600.00
846	40	95	1	43.00	799893.00	34395399.00
847	60	60	2	34.00	402120.00	13672080.00
848	35	32	1	11.00	590241.00	6492651.00
849	77	26	1	31.00	333709.00	10344979.00
850	8	17	1	29.00	540797.00	15683113.00
851	27	145	2	36.00	128795.00	4636620.00
852	48	41	2	9.00	432116.00	3889044.00
853	46	130	1	27.00	29525.00	797175.00
854	15	107	1	26.00	937149.00	24365874.00
855	66	7	1	10.00	570134.00	5701340.00
856	74	5	1	11.00	251219.00	2763409.00
857	85	9	1	28.00	109642.00	3069976.00
858	88	17	1	24.00	798175.00	19156200.00
859	42	10	2	6.00	144569.00	867414.00
860	53	27	1	24.00	613619.00	14726856.00
861	27	76	2	41.00	772531.00	31673771.00
862	2	102	1	32.00	778911.00	24925152.00
863	37	6	1	33.00	575012.00	18975396.00
864	19	50	2	6.00	651765.00	3910590.00
865	74	143	2	8.00	589254.00	4714032.00
866	23	24	2	8.00	839316.00	6714528.00
867	44	69	2	32.00	514652.00	16468864.00
868	94	106	2	25.00	652038.00	16300950.00
869	7	87	2	40.00	41988.00	1679520.00
870	72	84	2	3.00	458021.00	1374063.00
871	37	21	2	37.00	71791.00	2656267.00
872	22	44	1	38.00	313078.00	11896964.00
873	83	112	1	41.00	906410.00	37162810.00
874	46	80	2	20.00	79794.00	1595880.00
875	65	101	1	13.00	130864.00	1701232.00
876	70	60	1	39.00	133103.00	5191017.00
877	40	111	1	49.00	26619.00	1304331.00
878	51	88	2	41.00	58510.00	2398910.00
879	85	85	1	12.00	943652.00	11323824.00
880	72	6	2	2.00	161825.00	323650.00
881	81	14	1	41.00	378905.00	15535105.00
882	49	20	2	8.00	143030.00	1144240.00
883	91	3	2	34.00	642661.00	21850474.00
884	29	10	1	47.00	429085.00	20166995.00
885	19	78	2	32.00	381405.00	12204960.00
886	64	114	1	23.00	762012.00	17526276.00
887	48	17	1	21.00	875986.00	18395706.00
888	36	114	2	48.00	712754.00	34212192.00
889	14	18	1	24.00	268098.00	6434352.00
890	82	101	2	8.00	289529.00	2316232.00
891	82	96	1	25.00	579072.00	14476800.00
892	91	135	2	43.00	642821.00	27641303.00
893	36	96	1	6.00	416149.00	2496894.00
894	71	106	1	7.00	247407.00	1731849.00
895	75	107	1	7.00	462111.00	3234777.00
896	56	123	2	11.00	46298.00	509278.00
897	66	33	2	46.00	877233.00	40352718.00
898	8	33	1	14.00	344834.00	4827676.00
899	6	21	1	23.00	396737.00	9124951.00
900	83	40	2	49.00	13995.00	685755.00
901	98	126	2	44.00	319420.00	14054480.00
902	25	84	1	16.00	473468.00	7575488.00
903	52	127	2	28.00	225160.00	6304480.00
904	59	67	1	33.00	737654.00	24342582.00
905	70	139	2	30.00	729846.00	21895380.00
906	26	50	2	30.00	940139.00	28204170.00
907	12	108	1	15.00	905222.00	13578330.00
908	4	128	2	5.00	9536.00	47680.00
909	42	98	1	28.00	536860.00	15032080.00
910	37	130	2	18.00	201985.00	3635730.00
911	49	84	2	30.00	930682.00	27920460.00
912	73	107	2	46.00	577740.00	26576040.00
913	55	27	1	16.00	364982.00	5839712.00
914	18	64	2	2.00	111137.00	222274.00
915	76	60	2	36.00	471969.00	16990884.00
916	21	112	2	36.00	497281.00	17902116.00
917	30	9	1	12.00	648175.00	7778100.00
918	45	43	1	34.00	989362.00	33638308.00
919	43	64	1	22.00	544586.00	11980892.00
920	14	122	2	2.00	11428.00	22856.00
961	6	18	2	50.00	658228.00	32911400.00
962	67	123	1	36.00	940373.00	33853428.00
963	81	106	1	27.00	367855.00	9932085.00
964	82	137	2	25.00	659448.00	16486200.00
965	19	147	2	38.00	651991.00	24775658.00
966	57	40	1	14.00	566041.00	7924574.00
967	8	59	2	47.00	53443.00	2511821.00
968	41	66	1	48.00	230176.00	11048448.00
969	32	92	2	35.00	517600.00	18116000.00
970	91	53	1	27.00	517103.00	13961781.00
971	68	50	1	14.00	381823.00	5345522.00
972	82	93	1	30.00	656438.00	19693140.00
973	97	94	2	3.00	17607.00	52821.00
974	53	77	2	32.00	681764.00	21816448.00
975	50	126	1	8.00	270719.00	2165752.00
976	56	61	1	15.00	453504.00	6802560.00
977	87	29	1	30.00	176160.00	5284800.00
978	42	150	1	5.00	240845.00	1204225.00
979	4	92	2	8.00	526131.00	4209048.00
980	28	123	2	33.00	879427.00	29021091.00
981	60	61	1	44.00	854271.00	37587924.00
982	97	80	2	32.00	931100.00	29795200.00
983	37	132	1	26.00	693889.00	18041114.00
984	43	5	1	37.00	833170.00	30827290.00
985	19	132	2	37.00	297820.00	11019340.00
986	58	59	2	24.00	376694.00	9040656.00
987	74	68	1	17.00	136976.00	2328592.00
988	92	18	1	20.00	160242.00	3204840.00
989	48	72	1	8.00	51839.00	414712.00
990	10	114	1	15.00	20693.00	310395.00
991	19	31	2	7.00	13220.00	92540.00
992	82	136	1	44.00	850050.00	37402200.00
993	75	102	1	43.00	751946.00	32333678.00
994	86	78	1	45.00	119376.00	5371920.00
995	23	15	1	39.00	698551.00	27243489.00
996	57	80	1	49.00	335603.00	16444547.00
997	69	7	1	13.00	410929.00	5342077.00
998	37	145	2	42.00	537186.00	22561812.00
999	38	53	1	44.00	484650.00	21324600.00
1000	10	101	2	8.00	572190.00	4577520.00
1	62	91	1	42.00	198763.00	8348046.00
2	40	86	1	47.00	284537.00	13373239.00
3	30	98	1	26.00	673243.00	17504318.00
4	65	136	2	37.00	743744.00	27518528.00
5	52	75	1	16.00	585111.00	9361776.00
6	44	136	1	12.00	604598.00	7255176.00
7	24	86	1	46.00	589705.00	27126430.00
8	86	95	1	37.00	991706.00	36693122.00
9	31	46	2	29.00	612532.00	17763428.00
10	91	60	2	3.00	263045.00	789135.00
11	37	52	1	15.00	947056.00	14205840.00
12	14	147	2	31.00	836123.00	25919813.00
13	77	117	2	13.00	161511.00	2099643.00
14	46	103	1	39.00	615366.00	23999274.00
15	76	21	2	21.00	844069.00	17725449.00
16	73	100	2	6.00	266510.00	1599060.00
17	4	120	2	14.00	686252.00	9607528.00
18	42	32	1	38.00	995239.00	37819082.00
19	50	62	1	50.00	437654.00	21882700.00
20	84	85	2	47.00	404691.00	19020477.00
21	65	65	1	37.00	92582.00	3425534.00
22	97	120	1	15.00	249294.00	3739410.00
23	41	46	2	13.00	920540.00	11967020.00
24	67	64	1	20.00	41687.00	833740.00
25	13	72	2	33.00	715609.00	23615097.00
26	14	115	2	37.00	999724.00	36989788.00
27	37	86	1	15.00	771624.00	11574360.00
28	85	127	2	41.00	86554.00	3548714.00
29	49	42	1	12.00	427902.00	5134824.00
30	80	73	2	23.00	946291.00	21764693.00
31	59	137	1	13.00	741735.00	9642555.00
32	36	28	2	5.00	441497.00	2207485.00
33	17	11	1	49.00	486269.00	23827181.00
34	53	27	1	8.00	879371.00	7034968.00
35	18	109	2	14.00	597436.00	8364104.00
36	63	102	1	31.00	366864.00	11372784.00
37	44	47	2	25.00	154437.00	3860925.00
38	41	109	2	35.00	706061.00	24712135.00
39	100	125	1	31.00	477476.00	14801756.00
40	2	109	1	14.00	483901.00	6774614.00
921	34	145	2	39.00	201497.00	7858383.00
922	17	104	2	46.00	730105.00	33584830.00
923	47	49	2	50.00	41106.00	2055300.00
924	3	78	1	19.00	569839.00	10826941.00
925	29	58	2	45.00	749575.00	33730875.00
926	64	22	1	32.00	343049.00	10977568.00
927	4	93	1	28.00	637893.00	17861004.00
928	63	129	1	7.00	547053.00	3829371.00
929	71	78	2	25.00	880505.00	22012625.00
930	86	73	1	45.00	478027.00	21511215.00
931	11	106	2	20.00	181539.00	3630780.00
932	18	143	1	28.00	62298.00	1744344.00
933	86	8	2	46.00	734842.00	33802732.00
934	94	48	2	19.00	353145.00	6709755.00
935	79	5	1	4.00	440509.00	1762036.00
936	47	126	2	28.00	238783.00	6685924.00
937	53	2	1	1.00	43827.00	43827.00
938	18	20	2	38.00	613242.00	23303196.00
939	52	14	2	22.00	348598.00	7669156.00
940	58	86	2	19.00	785072.00	14916368.00
941	11	3	1	3.00	191504.00	574512.00
942	47	30	1	48.00	183043.00	8786064.00
943	31	89	1	31.00	52299.00	1621269.00
944	84	40	1	33.00	594928.00	19632624.00
945	34	143	2	15.00	500899.00	7513485.00
946	53	46	2	8.00	716293.00	5730344.00
947	49	139	1	1.00	133655.00	133655.00
948	44	86	1	31.00	841460.00	26085260.00
949	47	68	2	20.00	548721.00	10974420.00
950	45	106	2	2.00	509648.00	1019296.00
951	2	63	2	40.00	338575.00	13543000.00
952	56	100	1	42.00	947124.00	39779208.00
953	51	125	1	16.00	798650.00	12778400.00
954	64	130	2	30.00	887658.00	26629740.00
955	31	98	2	36.00	563515.00	20286540.00
956	29	148	1	5.00	725200.00	3626000.00
957	30	69	2	21.00	787695.00	16541595.00
958	73	81	1	43.00	493086.00	21202698.00
959	71	100	2	20.00	800872.00	16017440.00
960	10	59	2	3.00	927682.00	2783046.00
\.


--
-- Data for Name: categories; Type: TABLE DATA; Schema: public; Owner: gb_user
--

COPY public.categories (categoryid, categoryname, tabindex, ismark) FROM stdin;
1	 	0	f
2	 	1	f
3	   	2	f
4	 	3	f
5	 	4	f
6	   	5	f
7		6	f
\.


--
-- Data for Name: feedback; Type: TABLE DATA; Schema: public; Owner: gb_user
--

COPY public.feedback (feedbackid, feedbacktime, username, useremail, usertext) FROM stdin;
1	2021-07-02 09:51:51	Zenia Weiss	amet@hotmail.edu	adipiscing elit. Aliquam auctor, velit eget laoreet posuere, enim nisl elementum purus, accumsan
2	2021-09-22 12:58:34	Orla Landry	nulla.vulputate@yahoo.edu	lectus pede, ultrices a, auctor non, feugiat nec, diam. Duis mi enim, condimentum eget,
3	2021-11-20 14:18:12	Kyle Flowers	pellentesque@outlook.edu	pede, nonummy ut, molestie in, tempus eu, ligula. Aenean euismod mauris eu elit. Nulla facilisi. Sed neque. Sed eget
4	2022-05-21 16:32:31	Meghan Floyd	quisque.tincidunt.pede@google.edu	neque vitae semper egestas, urna justo
5	2022-09-15 22:07:06	Rogan Williamson	orci.phasellus@hotmail.ca	adipiscing fringilla, porttitor vulputate, posuere vulputate, lacus. Cras interdum. Nunc sollicitudin commodo ipsum.
6	2022-02-06 22:29:51	Carissa Flowers	nullam.ut@outlook.net	senectus et netus et malesuada fames ac turpis egestas. Fusce aliquet magna a neque. Nullam ut
7	2021-07-11 04:03:18	Tiger Zimmerman	neque@aol.couk	lacinia mattis. Integer eu lacus. Quisque imperdiet, erat nonummy ultricies ornare, elit elit fermentum risus, at fringilla purus mauris
8	2023-04-22 11:17:09	Jenette Morrow	velit.egestas.lacinia@outlook.net	tellus. Aenean egestas hendrerit neque. In ornare sagittis
9	2022-08-27 17:06:22	Clementine Noble	tellus.lorem@google.com	nibh. Aliquam ornare, libero at auctor
10	2022-10-12 16:19:24	Idola Love	porttitor@aol.couk	Aliquam nec enim. Nunc ut erat. Sed nunc est, mollis non, cursus non, egestas a, dui. Cras
11	2021-10-10 11:24:31	Charity Walls	interdum.libero@hotmail.edu	in aliquet lobortis, nisi nibh lacinia orci, consectetuer euismod est arcu ac orci. Ut semper pretium neque. Morbi quis urna.
12	2022-12-04 11:11:04	Brock Hahn	ante.lectus@yahoo.org	ipsum. Suspendisse non leo. Vivamus nibh dolor, nonummy ac, feugiat non, lobortis quis, pede. Suspendisse dui.
13	2021-10-16 14:06:57	Mona O'brien	nonummy.ultricies@outlook.ca	Etiam vestibulum massa rutrum magna. Cras convallis convallis dolor. Quisque tincidunt pede ac urna. Ut tincidunt vehicula
14	2022-08-01 07:23:21	Mufutau Watts	nunc.ullamcorper.eu@outlook.org	in magna. Phasellus dolor elit, pellentesque a, facilisis non, bibendum
15	2021-09-20 01:57:46	Vivien Church	neque.nullam@hotmail.couk	dolor. Donec fringilla. Donec feugiat metus
16	2021-07-27 21:05:11	Faith Morris	et.magnis@hotmail.ca	magna. Ut tincidunt orci quis lectus. Nullam suscipit, est ac facilisis facilisis,
17	2022-11-02 14:09:24	Ivan Davenport	nam.porttitor.scelerisque@hotmail.net	convallis est, vitae sodales nisi magna
18	2022-11-06 20:18:46	Henry Lynn	lectus.a.sollicitudin@icloud.org	libero. Integer in magna. Phasellus dolor elit, pellentesque a, facilisis non, bibendum sed, est. Nunc laoreet lectus quis
19	2021-12-20 13:35:42	Kane Frost	enim@aol.com	nostra, per inceptos hymenaeos. Mauris ut quam vel sapien imperdiet ornare.
20	2022-09-08 09:04:25	Nehru Jacobs	sed@outlook.net	tincidunt nibh. Phasellus nulla. Integer vulputate, risus a ultricies adipiscing, enim mi tempor
21	2021-09-24 19:59:45	Robin Mccormick	nulla@icloud.org	in, hendrerit consectetuer, cursus et, magna. Praesent interdum ligula eu enim. Etiam imperdiet dictum magna. Ut tincidunt orci quis
22	2021-08-16 16:54:04	Quinn Cole	tellus.lorem@aol.ca	felis purus ac tellus. Suspendisse sed dolor. Fusce mi lorem, vehicula et, rutrum eu, ultrices
23	2022-10-24 15:31:38	Uriah Kline	nunc.ac.sem@protonmail.couk	sit amet, consectetuer adipiscing elit. Etiam laoreet, libero et tristique
24	2023-01-21 10:16:23	Burton Bass	nibh.dolor@google.org	interdum enim non nisi. Aenean eget metus. In nec orci. Donec nibh. Quisque nonummy ipsum non arcu. Vivamus sit
25	2021-09-24 00:31:24	Aretha Rhodes	in.lorem@hotmail.org	Donec vitae erat vel pede blandit congue.
26	2023-01-02 15:21:49	Daquan Wood	pellentesque.tincidunt.tempus@hotmail.net	primis in faucibus orci luctus et ultrices posuere cubilia Curae Donec tincidunt. Donec
27	2021-12-19 23:33:09	Dieter Hammond	mauris.erat.eget@outlook.net	interdum enim non nisi. Aenean eget metus. In nec orci. Donec
28	2022-01-26 16:09:24	Edan Good	rutrum.magna@yahoo.com	lorem, vehicula et, rutrum eu, ultrices sit amet, risus. Donec nibh
29	2021-09-08 08:04:23	Dara Abbott	diam.sed@protonmail.org	est, congue a, aliquet vel, vulputate eu, odio. Phasellus at
30	2022-05-07 03:36:51	Armando Franklin	dis.parturient@aol.ca	mauris. Integer sem elit, pharetra ut, pharetra sed, hendrerit a, arcu. Sed et libero. Proin
31	2021-09-04 20:18:52	Barbara Frye	enim.curabitur@protonmail.couk	per conubia nostra, per inceptos hymenaeos. Mauris ut quam
32	2021-07-14 06:36:23	Denton Dyer	aliquet@outlook.ca	congue, elit sed consequat auctor, nunc nulla vulputate dui, nec tempus
33	2023-01-17 14:58:16	Lacy Stanley	arcu.vel@hotmail.org	tortor nibh sit amet orci. Ut sagittis lobortis mauris. Suspendisse aliquet molestie tellus. Aenean egestas hendrerit neque. In ornare
34	2022-05-07 23:08:51	Shana Griffin	taciti.sociosqu@yahoo.net	auctor, nunc nulla vulputate dui, nec tempus mauris erat eget ipsum. Suspendisse sagittis. Nullam vitae diam. Proin dolor. Nulla
35	2022-08-09 04:21:44	Alexander Ingram	consectetuer.euismod.est@google.net	et netus et malesuada fames ac turpis egestas. Aliquam fringilla cursus purus.
36	2022-11-05 11:30:31	Daria Pearson	magna.malesuada@icloud.ca	sit amet ultricies sem magna nec quam. Curabitur vel lectus. Cum
37	2022-09-26 16:29:30	Joelle Leblanc	mauris.erat@yahoo.com	et, lacinia vitae, sodales at, velit. Pellentesque ultricies
38	2022-11-22 23:05:16	Ruth Riggs	elit.etiam.laoreet@protonmail.org	vel, venenatis vel, faucibus id, libero. Donec consectetuer mauris id
39	2022-03-28 03:59:26	Robert Bray	eget@protonmail.ca	ultricies dignissim lacus. Aliquam rutrum lorem
40	2022-05-24 15:30:04	Joelle Spears	dolor.quisque.tincidunt@hotmail.edu	sapien molestie orci tincidunt adipiscing. Mauris molestie pharetra nibh. Aliquam ornare, libero at auctor ullamcorper, nisl
41	2023-04-08 12:16:54	Sasha Stark	lobortis.ultrices@outlook.edu	feugiat non, lobortis quis, pede. Suspendisse dui. Fusce diam nunc, ullamcorper eu, euismod ac, fermentum
42	2023-01-30 00:27:36	Ciaran Mcclain	eu@hotmail.couk	facilisis vitae, orci. Phasellus dapibus quam quis diam. Pellentesque habitant morbi tristique senectus et netus et malesuada fames ac
43	2023-03-30 23:35:43	Russell Mcdaniel	et@outlook.ca	quis urna. Nunc quis arcu vel quam dignissim pharetra. Nam
44	2022-07-04 04:56:37	Octavius Justice	consectetuer.euismod.est@hotmail.ca	nibh lacinia orci, consectetuer euismod est arcu
45	2023-03-15 20:36:11	Tatyana Skinner	sapien.cursus@outlook.edu	augue ac ipsum. Phasellus vitae mauris sit amet lorem semper auctor. Mauris vel turpis.
46	2021-10-25 14:53:22	Aurora Dotson	ut@outlook.net	Integer vulputate, risus a ultricies adipiscing, enim mi tempor lorem, eget mollis lectus pede
47	2023-02-12 13:56:27	Kaseem Mccray	imperdiet@aol.couk	fringilla ornare placerat, orci lacus vestibulum lorem, sit amet ultricies sem
48	2023-04-17 03:15:31	Whilemina Jarvis	vivamus.non.lorem@hotmail.org	Curabitur sed tortor. Integer aliquam adipiscing lacus. Ut nec urna et arcu imperdiet
49	2022-05-28 08:01:39	Basia Wilkinson	elit@outlook.org	eget metus. In nec orci. Donec nibh. Quisque nonummy ipsum non arcu.
50	2022-12-13 21:19:27	Giselle White	blandit@aol.com	vel, mauris. Integer sem elit, pharetra
\.


--
-- Data for Name: news; Type: TABLE DATA; Schema: public; Owner: gb_user
--

COPY public.news (newsid, newstitle, newsdate, newsdetails) FROM stdin;
1	scelerisque mollis. Phasellus libero mauris, aliquam eu, accumsan sed,	2021-12-28	sem semper erat, in consectetuer ipsum nunc id enim. Curabitur massa. Vestibulum accumsan neque et nunc. Quisque ornare tortor at risus. Nunc ac sem ut dolor dapibus gravida. Aliquam tincidunt, nunc ac mattis ornare, lectus ante dictum mi, ac mattis
2	ultrices a, auctor non, feugiat nec, diam. Duis mi	2021-06-23	vehicula aliquet libero. Integer in magna. Phasellus dolor elit, pellentesque a, facilisis non, bibendum sed, est. Nunc laoreet lectus quis massa. Mauris vestibulum, neque sed dictum eleifend, nunc risus varius orci,
3	sagittis augue, eu tempor erat neque	2022-03-21	erat vitae risus. Duis a mi fringilla mi lacinia mattis. Integer eu lacus. Quisque imperdiet, erat nonummy ultricies ornare, elit elit fermentum risus,
4	eu dolor egestas rhoncus. Proin nisl sem, consequat	2022-03-11	blandit at, nisi. Cum sociis natoque penatibus et magnis dis parturient montes, nascetur ridiculus mus. Proin vel nisl. Quisque fringilla euismod enim. Etiam gravida molestie arcu. Sed eu nibh vulputate mauris sagittis placerat. Cras dictum ultricies ligula. Nullam
5	adipiscing ligula. Aenean gravida nunc sed pede. Cum	2021-10-04	magna. Phasellus dolor elit, pellentesque a, facilisis non, bibendum sed, est. Nunc laoreet lectus quis massa. Mauris vestibulum, neque sed dictum eleifend, nunc risus
6	adipiscing ligula. Aenean gravida nunc	2021-07-14	faucibus leo, in lobortis tellus justo sit amet nulla. Donec non justo.
7	Fusce fermentum fermentum arcu. Vestibulum ante	2022-01-29	eros turpis non enim. Mauris quis turpis vitae purus gravida sagittis. Duis gravida. Praesent eu nulla at sem molestie sodales. Mauris blandit
8	Morbi vehicula. Pellentesque tincidunt tempus risus.	2021-08-21	egestas. Aliquam nec enim. Nunc ut erat. Sed nunc est, mollis non, cursus non, egestas a, dui. Cras pellentesque. Sed dictum. Proin eget odio. Aliquam vulputate ullamcorper magna. Sed eu eros. Nam consequat dolor vitae dolor. Donec fringilla. Donec feugiat metus sit amet ante.
9	Cras sed leo. Cras vehicula aliquet libero. Integer in magna.	2021-12-25	ornare, elit elit fermentum risus, at fringilla purus mauris a nunc. In at pede. Cras vulputate velit eu sem. Pellentesque ut ipsum ac mi eleifend egestas. Sed pharetra, felis
10	pharetra, felis eget varius ultrices, mauris ipsum porta elit,	2022-01-19	orci. Ut sagittis lobortis mauris. Suspendisse aliquet molestie tellus. Aenean egestas hendrerit neque. In ornare sagittis felis. Donec tempor, est ac mattis semper, dui lectus rutrum
11	auctor velit. Aliquam nisl. Nulla eu neque	2021-08-18	non, egestas a, dui. Cras pellentesque. Sed dictum. Proin eget odio. Aliquam vulputate ullamcorper magna. Sed eu eros. Nam consequat
12	pede. Cum sociis natoque penatibus	2022-02-21	orci, in consequat enim diam vel arcu. Curabitur ut odio vel est tempor bibendum. Donec felis orci, adipiscing non, luctus sit amet, faucibus ut, nulla. Cras eu tellus eu
13	vulputate eu, odio. Phasellus at augue id ante dictum	2021-06-14	imperdiet, erat nonummy ultricies ornare, elit elit fermentum risus, at fringilla purus mauris a nunc. In at pede. Cras vulputate velit eu sem. Pellentesque ut ipsum ac mi eleifend egestas. Sed pharetra, felis eget varius ultrices, mauris ipsum porta elit, a feugiat tellus lorem eu metus. In lorem. Donec elementum,
14	ut nisi a odio semper cursus. Integer	2021-10-27	dui, semper et, lacinia vitae, sodales at, velit. Pellentesque ultricies dignissim lacus. Aliquam rutrum lorem ac risus. Morbi metus. Vivamus
15	pharetra. Nam ac nulla. In tincidunt congue turpis. In condimentum.	2022-04-03	porttitor tellus non magna. Nam ligula elit, pretium et, rutrum non, hendrerit id, ante. Nunc mauris sapien, cursus in, hendrerit consectetuer, cursus et, magna. Praesent interdum ligula
16	lacinia. Sed congue, elit sed	2021-11-06	augue porttitor interdum. Sed auctor odio a purus. Duis elementum, dui quis accumsan convallis, ante lectus convallis est, vitae sodales nisi magna sed dui. Fusce aliquam, enim nec tempus scelerisque, lorem ipsum sodales
17	posuere cubilia Curae Donec tincidunt. Donec	2021-07-14	non, egestas a, dui. Cras pellentesque. Sed dictum. Proin eget odio. Aliquam vulputate ullamcorper magna. Sed eu eros. Nam consequat dolor vitae dolor. Donec fringilla. Donec
18	felis. Nulla tempor augue ac ipsum.	2022-03-10	Proin sed turpis nec mauris blandit mattis. Cras eget nisi dictum augue malesuada malesuada. Integer
19	Donec nibh. Quisque nonummy ipsum non arcu. Vivamus	2022-02-16	Pellentesque habitant morbi tristique senectus et netus et malesuada fames ac turpis egestas. Fusce aliquet magna a neque. Nullam ut nisi a odio semper cursus. Integer mollis. Integer tincidunt aliquam arcu. Aliquam
20	tortor at risus. Nunc ac sem	2022-03-14	blandit congue. In scelerisque scelerisque dui. Suspendisse ac metus vitae velit egestas lacinia. Sed congue, elit sed consequat auctor, nunc nulla vulputate dui, nec tempus mauris erat eget ipsum. Suspendisse sagittis. Nullam vitae diam. Proin dolor. Nulla semper
21	Mauris non dui nec urna	2021-11-06	adipiscing non, luctus sit amet, faucibus ut, nulla. Cras eu tellus eu augue porttitor interdum. Sed auctor odio a purus. Duis
22	massa. Suspendisse eleifend. Cras sed leo.	2021-07-22	Phasellus fermentum convallis ligula. Donec luctus aliquet odio. Etiam ligula tortor, dictum eu, placerat eget, venenatis a, magna. Lorem ipsum dolor sit amet, consectetuer adipiscing elit. Etiam laoreet,
23	rhoncus. Donec est. Nunc ullamcorper, velit in aliquet lobortis, nisi	2021-07-26	laoreet lectus quis massa. Mauris vestibulum, neque sed dictum eleifend, nunc risus varius
24	vitae, orci. Phasellus dapibus quam quis diam. Pellentesque habitant	2021-12-15	Nam ligula elit, pretium et, rutrum non, hendrerit id, ante. Nunc mauris sapien, cursus in, hendrerit consectetuer, cursus et, magna. Praesent interdum ligula eu enim. Etiam imperdiet dictum magna. Ut tincidunt orci quis lectus. Nullam suscipit,
25	parturient montes, nascetur ridiculus mus. Donec dignissim magna	2022-02-18	Aenean gravida nunc sed pede. Cum sociis natoque penatibus et magnis dis parturient montes, nascetur ridiculus mus. Proin vel arcu eu odio tristique pharetra. Quisque ac libero nec ligula consectetuer rhoncus. Nullam velit dui,
26	inceptos hymenaeos. Mauris ut quam vel	2021-07-03	Etiam gravida molestie arcu. Sed eu nibh vulputate mauris sagittis placerat. Cras dictum ultricies ligula. Nullam enim. Sed nulla ante, iaculis nec, eleifend non, dapibus rutrum, justo. Praesent luctus. Curabitur egestas
27	Nam ac nulla. In tincidunt congue turpis. In condimentum.	2021-12-24	eget, dictum placerat, augue. Sed molestie. Sed id risus quis diam luctus lobortis. Class aptent taciti sociosqu ad litora torquent per
28	Pellentesque tincidunt tempus risus. Donec	2021-10-07	sed consequat auctor, nunc nulla vulputate dui, nec tempus mauris erat eget ipsum. Suspendisse sagittis. Nullam vitae diam. Proin dolor. Nulla
29	ultricies dignissim lacus. Aliquam rutrum lorem	2021-06-30	nec metus facilisis lorem tristique aliquet. Phasellus fermentum convallis ligula. Donec luctus aliquet odio. Etiam ligula tortor, dictum eu,
30	nibh. Quisque nonummy ipsum non	2021-07-31	enim. Sed nulla ante, iaculis nec, eleifend non, dapibus rutrum, justo. Praesent luctus. Curabitur egestas nunc sed libero. Proin sed turpis nec mauris blandit mattis. Cras eget nisi dictum augue malesuada malesuada. Integer id magna et ipsum cursus vestibulum. Mauris magna. Duis dignissim tempor arcu. Vestibulum ut eros
31	sit amet orci. Ut sagittis lobortis mauris.	2021-11-16	Cras dictum ultricies ligula. Nullam enim. Sed nulla ante, iaculis nec, eleifend non, dapibus rutrum, justo. Praesent luctus. Curabitur egestas nunc sed libero. Proin sed turpis nec mauris blandit mattis. Cras eget nisi dictum augue malesuada malesuada. Integer
32	ipsum. Curabitur consequat, lectus sit amet	2022-02-06	Morbi neque tellus, imperdiet non, vestibulum nec, euismod in, dolor. Fusce feugiat. Lorem ipsum dolor sit amet, consectetuer adipiscing elit.
33	lacus. Mauris non dui nec urna suscipit nonummy. Fusce fermentum	2021-11-25	dictum sapien. Aenean massa. Integer vitae nibh. Donec est mauris, rhoncus id, mollis nec, cursus a, enim. Suspendisse aliquet, sem ut cursus luctus, ipsum leo elementum sem, vitae aliquam eros turpis
34	tincidunt. Donec vitae erat vel pede blandit congue. In scelerisque	2021-06-08	elementum at, egestas a, scelerisque sed, sapien. Nunc pulvinar arcu et pede. Nunc sed orci lobortis augue scelerisque mollis. Phasellus libero mauris, aliquam eu, accumsan sed, facilisis vitae, orci. Phasellus dapibus quam quis diam. Pellentesque habitant
35	Cras interdum. Nunc sollicitudin commodo ipsum. Suspendisse non leo.	2022-04-12	ligula. Aliquam erat volutpat. Nulla dignissim. Maecenas ornare egestas ligula. Nullam feugiat placerat velit. Quisque varius. Nam porttitor scelerisque neque. Nullam nisl. Maecenas malesuada fringilla est. Mauris eu turpis. Nulla aliquet. Proin velit. Sed malesuada augue ut lacus. Nulla tincidunt, neque vitae semper egestas, urna justo faucibus lectus, a
36	id magna et ipsum cursus	2022-02-24	Nam porttitor scelerisque neque. Nullam nisl. Maecenas malesuada fringilla est. Mauris eu turpis. Nulla aliquet. Proin velit. Sed malesuada augue ut lacus. Nulla tincidunt, neque vitae semper egestas, urna justo faucibus lectus, a sollicitudin orci sem eget massa. Suspendisse eleifend. Cras sed leo.
37	purus. Nullam scelerisque neque sed sem egestas blandit. Nam nulla	2021-09-06	non, cursus non, egestas a, dui. Cras pellentesque. Sed dictum. Proin eget odio. Aliquam vulputate ullamcorper magna. Sed eu eros. Nam consequat dolor vitae dolor. Donec fringilla. Donec feugiat metus sit amet ante. Vivamus
38	dolor sit amet, consectetuer adipiscing elit.	2022-03-23	eu, ligula. Aenean euismod mauris eu elit. Nulla facilisi. Sed neque. Sed eget lacus. Mauris non dui
39	dolor. Fusce feugiat. Lorem ipsum dolor sit amet,	2022-05-13	sollicitudin adipiscing ligula. Aenean gravida nunc sed pede. Cum sociis natoque penatibus et magnis dis parturient montes, nascetur ridiculus mus. Proin vel arcu eu odio tristique pharetra. Quisque ac libero nec ligula
40	eu tempor erat neque non quam. Pellentesque habitant morbi	2022-05-03	Etiam imperdiet dictum magna. Ut tincidunt orci quis lectus. Nullam suscipit, est ac facilisis facilisis, magna tellus faucibus leo, in lobortis
41	dictum sapien. Aenean massa. Integer vitae	2022-02-16	nunc ac mattis ornare, lectus ante dictum mi, ac mattis velit justo nec ante. Maecenas mi felis, adipiscing fringilla, porttitor vulputate, posuere vulputate, lacus. Cras interdum. Nunc sollicitudin commodo ipsum. Suspendisse
42	velit. Aliquam nisl. Nulla eu neque pellentesque massa	2022-03-24	imperdiet ornare. In faucibus. Morbi vehicula. Pellentesque tincidunt tempus risus. Donec egestas. Duis ac arcu. Nunc mauris. Morbi non sapien molestie
43	nisl elementum purus, accumsan interdum	2021-11-02	urna. Ut tincidunt vehicula risus. Nulla eget metus eu erat semper rutrum. Fusce dolor quam, elementum at, egestas a, scelerisque sed, sapien. Nunc pulvinar arcu et pede. Nunc sed orci
44	Donec tempus, lorem fringilla ornare placerat, orci lacus vestibulum	2022-03-19	semper, dui lectus rutrum urna, nec luctus felis purus ac tellus. Suspendisse sed dolor. Fusce mi lorem, vehicula et, rutrum eu,
45	Fusce aliquet magna a neque. Nullam	2021-08-09	cursus non, egestas a, dui. Cras pellentesque. Sed dictum. Proin eget odio. Aliquam vulputate ullamcorper magna. Sed eu eros.
46	Pellentesque ultricies dignissim lacus. Aliquam rutrum lorem ac risus.	2022-05-07	enim consequat purus. Maecenas libero est, congue a, aliquet vel, vulputate eu, odio. Phasellus
47	mauris. Suspendisse aliquet molestie tellus. Aenean egestas hendrerit	2022-05-15	Donec tincidunt. Donec vitae erat vel pede blandit congue. In scelerisque scelerisque dui. Suspendisse ac metus vitae velit egestas lacinia. Sed congue, elit sed consequat auctor, nunc nulla vulputate dui, nec tempus mauris erat eget ipsum. Suspendisse sagittis. Nullam vitae diam. Proin dolor. Nulla semper
48	eu, accumsan sed, facilisis vitae, orci. Phasellus dapibus	2021-09-16	a, enim. Suspendisse aliquet, sem ut cursus luctus, ipsum leo elementum sem, vitae aliquam eros turpis non enim. Mauris quis turpis vitae purus gravida sagittis. Duis gravida. Praesent eu nulla at sem molestie sodales. Mauris blandit enim consequat purus. Maecenas libero
49	Duis dignissim tempor arcu. Vestibulum ut eros non	2022-05-04	fringilla. Donec feugiat metus sit amet ante. Vivamus non lorem vitae odio sagittis semper. Nam tempor diam dictum sapien. Aenean massa. Integer vitae nibh. Donec est mauris, rhoncus id, mollis nec, cursus a, enim. Suspendisse aliquet, sem ut cursus
50	pulvinar arcu et pede. Nunc sed orci lobortis augue	2021-12-16	ac metus vitae velit egestas lacinia. Sed congue, elit sed consequat auctor, nunc nulla vulputate dui, nec tempus mauris erat eget ipsum. Suspendisse sagittis. Nullam vitae diam. Proin dolor. Nulla semper tellus id nunc interdum
51	sit amet, dapibus id, blandit at, nisi. Cum sociis	2022-04-10	Suspendisse eleifend. Cras sed leo. Cras vehicula aliquet libero. Integer in magna. Phasellus dolor elit, pellentesque a, facilisis non, bibendum sed, est. Nunc laoreet lectus quis massa. Mauris vestibulum, neque sed dictum eleifend, nunc risus varius orci,
52	tristique senectus et netus et	2022-05-22	libero. Proin sed turpis nec mauris blandit mattis. Cras eget nisi dictum augue malesuada malesuada. Integer id magna et ipsum cursus vestibulum. Mauris magna. Duis dignissim tempor arcu. Vestibulum ut eros
53	in, hendrerit consectetuer, cursus et, magna.	2022-01-07	Aliquam tincidunt, nunc ac mattis ornare, lectus ante dictum mi, ac mattis velit justo nec ante. Maecenas mi felis, adipiscing fringilla, porttitor vulputate, posuere vulputate, lacus. Cras interdum. Nunc sollicitudin commodo ipsum. Suspendisse non leo. Vivamus nibh
54	ligula. Aenean gravida nunc sed pede. Cum sociis	2021-12-01	Fusce mollis. Duis sit amet diam eu dolor egestas rhoncus. Proin nisl sem, consequat nec, mollis vitae, posuere at, velit. Cras lorem lorem, luctus ut, pellentesque eget, dictum placerat, augue. Sed molestie. Sed id risus quis diam luctus lobortis. Class aptent taciti sociosqu ad litora torquent per conubia
160	mattis ornare, lectus ante dictum mi,	2022-01-19	est, congue a, aliquet vel, vulputate eu, odio. Phasellus at augue id ante dictum cursus. Nunc mauris elit, dictum eu, eleifend nec, malesuada ut,
55	sit amet ornare lectus justo eu arcu. Morbi sit amet	2022-04-03	placerat, augue. Sed molestie. Sed id risus quis diam luctus lobortis. Class aptent taciti sociosqu ad litora torquent per conubia nostra, per inceptos hymenaeos. Mauris ut quam vel sapien imperdiet ornare. In faucibus. Morbi vehicula. Pellentesque tincidunt tempus risus. Donec egestas. Duis
56	Duis risus odio, auctor vitae,	2021-08-29	arcu. Sed eu nibh vulputate mauris sagittis placerat. Cras dictum ultricies ligula. Nullam
57	Class aptent taciti sociosqu ad litora torquent per conubia	2021-08-06	tempus non, lacinia at, iaculis quis, pede. Praesent eu dui. Cum sociis natoque penatibus et magnis dis parturient montes, nascetur ridiculus mus. Aenean eget magna. Suspendisse tristique neque venenatis lacus. Etiam
58	Cras vulputate velit eu sem. Pellentesque	2021-06-26	sociis natoque penatibus et magnis dis parturient montes, nascetur ridiculus mus. Donec dignissim magna a tortor. Nunc commodo auctor velit. Aliquam nisl. Nulla eu neque pellentesque massa
59	lacinia at, iaculis quis, pede. Praesent eu dui.	2022-04-28	Nullam vitae diam. Proin dolor. Nulla semper tellus id nunc interdum feugiat. Sed nec metus facilisis lorem tristique aliquet. Phasellus fermentum convallis ligula. Donec luctus aliquet odio. Etiam ligula tortor, dictum eu, placerat eget, venenatis a, magna. Lorem ipsum dolor
60	pede. Cras vulputate velit eu sem. Pellentesque ut	2021-09-16	nulla. Donec non justo. Proin non massa non ante bibendum ullamcorper. Duis cursus, diam at pretium aliquet, metus urna convallis erat, eget tincidunt dui augue eu tellus. Phasellus elit pede, malesuada vel, venenatis
61	Fusce dolor quam, elementum at, egestas a, scelerisque sed, sapien.	2022-02-01	purus, in molestie tortor nibh sit amet orci. Ut sagittis lobortis mauris. Suspendisse aliquet molestie tellus. Aenean egestas hendrerit neque. In ornare sagittis felis. Donec tempor, est ac mattis semper,
62	Maecenas malesuada fringilla est. Mauris eu turpis. Nulla aliquet. Proin	2021-10-30	nisi. Mauris nulla. Integer urna. Vivamus molestie dapibus ligula. Aliquam erat volutpat. Nulla dignissim. Maecenas ornare egestas ligula. Nullam
63	ante dictum mi, ac mattis velit justo nec ante.	2021-07-03	interdum. Nunc sollicitudin commodo ipsum. Suspendisse non leo. Vivamus nibh dolor, nonummy ac, feugiat non, lobortis quis, pede. Suspendisse dui. Fusce
64	erat. Sed nunc est, mollis	2021-07-05	Sed congue, elit sed consequat auctor, nunc nulla vulputate dui, nec tempus mauris erat eget ipsum. Suspendisse sagittis. Nullam vitae diam. Proin dolor. Nulla semper tellus id nunc interdum feugiat. Sed nec metus facilisis lorem tristique aliquet. Phasellus fermentum convallis ligula. Donec luctus
65	sit amet nulla. Donec non justo. Proin non massa non	2021-12-26	erat volutpat. Nulla dignissim. Maecenas ornare egestas ligula. Nullam feugiat placerat velit. Quisque varius. Nam porttitor scelerisque neque. Nullam nisl. Maecenas malesuada fringilla est. Mauris eu turpis. Nulla aliquet. Proin velit. Sed malesuada augue ut
66	et, rutrum eu, ultrices sit amet, risus. Donec nibh	2021-09-28	consectetuer, cursus et, magna. Praesent interdum ligula eu enim. Etiam imperdiet dictum magna. Ut tincidunt orci quis lectus. Nullam suscipit, est ac facilisis facilisis, magna tellus faucibus leo, in lobortis tellus justo sit amet nulla. Donec non justo. Proin
67	ipsum dolor sit amet, consectetuer adipiscing	2021-11-10	Quisque porttitor eros nec tellus. Nunc lectus pede, ultrices a, auctor non, feugiat nec, diam. Duis mi enim, condimentum eget, volutpat ornare, facilisis eget, ipsum. Donec sollicitudin adipiscing ligula. Aenean gravida nunc sed pede. Cum sociis natoque penatibus et magnis dis parturient montes, nascetur ridiculus mus. Proin vel
68	Aenean eget magna. Suspendisse tristique neque	2021-08-10	ullamcorper magna. Sed eu eros. Nam consequat dolor vitae dolor. Donec fringilla. Donec feugiat metus sit amet ante. Vivamus non lorem vitae odio sagittis semper. Nam tempor
69	eu metus. In lorem. Donec elementum, lorem	2021-06-13	Nullam feugiat placerat velit. Quisque varius. Nam porttitor scelerisque neque. Nullam nisl. Maecenas malesuada fringilla est. Mauris eu turpis. Nulla aliquet.
70	pharetra. Nam ac nulla. In	2022-04-29	Quisque fringilla euismod enim. Etiam gravida molestie arcu. Sed eu nibh vulputate mauris sagittis placerat. Cras dictum ultricies
71	id nunc interdum feugiat. Sed nec metus facilisis	2021-11-29	sed sem egestas blandit. Nam nulla magna, malesuada vel, convallis in, cursus et, eros. Proin ultrices. Duis volutpat nunc sit amet metus. Aliquam erat volutpat. Nulla facilisis. Suspendisse commodo tincidunt nibh.
72	Suspendisse aliquet molestie tellus. Aenean egestas hendrerit neque.	2022-04-21	Cum sociis natoque penatibus et magnis dis parturient montes, nascetur
73	metus. In nec orci. Donec nibh. Quisque nonummy ipsum	2021-09-26	lacus pede sagittis augue, eu tempor erat neque non quam. Pellentesque habitant morbi tristique senectus et netus et malesuada fames ac turpis egestas. Aliquam fringilla cursus purus. Nullam scelerisque neque sed sem egestas blandit. Nam nulla magna, malesuada vel, convallis in, cursus et, eros.
74	lorem, vehicula et, rutrum eu, ultrices sit amet, risus. Donec	2021-11-25	eget tincidunt dui augue eu tellus. Phasellus elit pede, malesuada vel, venenatis vel, faucibus id, libero. Donec consectetuer mauris id sapien. Cras dolor dolor, tempus non, lacinia at, iaculis quis, pede. Praesent eu dui. Cum sociis natoque penatibus et magnis dis parturient montes, nascetur ridiculus mus.
75	eros non enim commodo hendrerit. Donec porttitor	2022-04-22	Nulla aliquet. Proin velit. Sed malesuada augue ut lacus. Nulla tincidunt, neque vitae semper egestas, urna justo faucibus lectus, a sollicitudin orci sem eget massa. Suspendisse eleifend. Cras sed leo. Cras vehicula aliquet libero. Integer in magna. Phasellus dolor elit, pellentesque a, facilisis non, bibendum sed, est. Nunc laoreet
76	magna nec quam. Curabitur vel lectus. Cum sociis natoque penatibus	2021-08-03	Praesent eu nulla at sem molestie sodales. Mauris blandit enim consequat purus. Maecenas libero est, congue a, aliquet vel, vulputate eu, odio. Phasellus at augue id ante dictum cursus.
77	dui. Suspendisse ac metus vitae velit egestas lacinia. Sed	2021-11-10	tortor. Integer aliquam adipiscing lacus. Ut nec urna et arcu imperdiet ullamcorper. Duis at lacus. Quisque purus sapien, gravida non, sollicitudin a, malesuada id, erat. Etiam vestibulum massa rutrum magna. Cras convallis convallis dolor. Quisque tincidunt pede ac urna. Ut tincidunt vehicula
78	tempus risus. Donec egestas. Duis ac arcu. Nunc mauris. Morbi	2022-01-27	a, aliquet vel, vulputate eu, odio. Phasellus at augue id ante dictum cursus. Nunc mauris elit, dictum eu, eleifend nec, malesuada ut, sem. Nulla interdum. Curabitur dictum. Phasellus in felis. Nulla tempor augue
79	quis diam luctus lobortis. Class aptent taciti	2021-06-29	Lorem ipsum dolor sit amet, consectetuer adipiscing elit. Etiam laoreet, libero et tristique pellentesque, tellus sem mollis dui, in sodales elit erat vitae risus. Duis
80	lorem, vehicula et, rutrum eu, ultrices sit amet, risus.	2022-02-28	Quisque purus sapien, gravida non, sollicitudin a, malesuada id, erat.
81	sit amet luctus vulputate, nisi sem	2022-05-11	Quisque imperdiet, erat nonummy ultricies ornare, elit elit fermentum risus, at fringilla purus mauris a nunc. In at pede. Cras vulputate velit eu sem. Pellentesque ut ipsum ac mi eleifend egestas. Sed pharetra, felis eget varius ultrices, mauris ipsum porta elit, a feugiat tellus
82	Vivamus euismod urna. Nullam lobortis	2022-04-13	Nulla tincidunt, neque vitae semper egestas, urna justo faucibus lectus, a sollicitudin orci sem eget massa. Suspendisse eleifend. Cras sed leo. Cras vehicula aliquet libero. Integer in magna. Phasellus dolor elit, pellentesque a, facilisis non, bibendum sed, est.
83	elit, pretium et, rutrum non, hendrerit	2021-06-15	orci sem eget massa. Suspendisse eleifend. Cras sed leo. Cras vehicula aliquet libero.
84	risus. Morbi metus. Vivamus euismod urna. Nullam lobortis quam	2021-08-20	arcu. Morbi sit amet massa. Quisque porttitor eros nec tellus. Nunc lectus
85	ullamcorper, nisl arcu iaculis enim, sit amet	2021-09-09	dictum mi, ac mattis velit justo nec ante. Maecenas mi felis, adipiscing fringilla, porttitor vulputate, posuere vulputate, lacus. Cras interdum. Nunc sollicitudin commodo ipsum. Suspendisse non leo. Vivamus nibh dolor, nonummy ac, feugiat
86	aliquam eros turpis non enim. Mauris	2022-03-11	nunc. In at pede. Cras vulputate velit eu sem. Pellentesque ut ipsum ac mi
87	lectus pede et risus. Quisque libero lacus, varius et,	2021-06-12	magna, malesuada vel, convallis in, cursus et, eros. Proin ultrices. Duis volutpat nunc
88	lectus rutrum urna, nec luctus felis purus ac	2021-07-17	placerat, orci lacus vestibulum lorem, sit amet ultricies sem magna nec quam. Curabitur vel lectus. Cum sociis natoque penatibus et magnis
89	et, commodo at, libero. Morbi accumsan laoreet ipsum. Curabitur	2021-11-26	lorem ipsum sodales purus, in molestie tortor nibh sit amet orci. Ut sagittis lobortis mauris. Suspendisse aliquet molestie tellus. Aenean egestas hendrerit neque. In ornare sagittis felis. Donec tempor, est ac mattis semper, dui lectus rutrum urna, nec luctus felis purus ac tellus. Suspendisse sed
90	bibendum ullamcorper. Duis cursus, diam at	2021-11-24	iaculis aliquet diam. Sed diam lorem, auctor quis, tristique ac, eleifend vitae, erat. Vivamus nisi. Mauris nulla. Integer urna. Vivamus molestie dapibus ligula. Aliquam erat volutpat. Nulla dignissim. Maecenas ornare egestas ligula. Nullam
91	nulla. Donec non justo. Proin non massa non	2021-07-06	nascetur ridiculus mus. Aenean eget magna. Suspendisse tristique neque venenatis lacus. Etiam
92	sociis natoque penatibus et magnis dis parturient montes, nascetur	2022-02-14	Sed nulla ante, iaculis nec, eleifend non, dapibus rutrum, justo. Praesent luctus. Curabitur egestas nunc sed libero. Proin sed turpis nec mauris blandit mattis. Cras eget nisi dictum augue malesuada malesuada. Integer id magna et ipsum cursus vestibulum. Mauris magna. Duis
93	sed, facilisis vitae, orci. Phasellus dapibus	2021-11-29	eu lacus. Quisque imperdiet, erat nonummy ultricies ornare, elit elit fermentum
94	Mauris quis turpis vitae purus gravida	2021-07-30	metus. In lorem. Donec elementum, lorem ut aliquam iaculis, lacus pede sagittis augue, eu tempor erat neque non quam. Pellentesque habitant morbi tristique senectus et netus et
95	risus. In mi pede, nonummy ut,	2021-10-15	fermentum fermentum arcu. Vestibulum ante ipsum primis in faucibus orci luctus et ultrices posuere cubilia Curae Phasellus ornare. Fusce mollis. Duis sit amet diam eu dolor egestas rhoncus. Proin nisl sem, consequat nec, mollis vitae, posuere at,
96	ligula. Nullam feugiat placerat velit. Quisque varius. Nam porttitor	2022-05-10	nisi dictum augue malesuada malesuada. Integer id magna et ipsum cursus vestibulum. Mauris magna. Duis dignissim tempor arcu. Vestibulum ut eros non enim commodo hendrerit. Donec porttitor tellus non magna. Nam ligula
97	justo nec ante. Maecenas mi felis,	2021-07-06	blandit at, nisi. Cum sociis natoque penatibus et magnis dis parturient montes, nascetur ridiculus mus. Proin vel nisl. Quisque fringilla euismod enim. Etiam gravida molestie arcu. Sed eu nibh vulputate mauris sagittis placerat. Cras dictum ultricies ligula. Nullam enim. Sed
98	nisi nibh lacinia orci, consectetuer	2022-05-01	molestie dapibus ligula. Aliquam erat volutpat. Nulla dignissim. Maecenas ornare egestas ligula. Nullam feugiat placerat velit. Quisque varius. Nam porttitor scelerisque neque. Nullam nisl. Maecenas malesuada fringilla est. Mauris eu turpis. Nulla aliquet. Proin
99	Fusce feugiat. Lorem ipsum dolor sit amet, consectetuer adipiscing elit.	2021-12-19	vestibulum lorem, sit amet ultricies sem magna nec quam. Curabitur
100	turpis egestas. Aliquam fringilla cursus purus. Nullam scelerisque	2021-09-21	dictum placerat, augue. Sed molestie. Sed id risus quis diam luctus lobortis. Class aptent taciti sociosqu ad litora torquent per conubia nostra, per inceptos hymenaeos. Mauris ut quam vel sapien imperdiet ornare. In faucibus. Morbi vehicula. Pellentesque tincidunt tempus risus. Donec egestas. Duis ac arcu. Nunc
101	egestas hendrerit neque. In ornare sagittis felis.	2022-05-17	et netus et malesuada fames ac turpis egestas. Fusce aliquet magna a neque. Nullam ut nisi a odio semper cursus. Integer mollis. Integer tincidunt
102	placerat. Cras dictum ultricies ligula. Nullam enim.	2022-04-07	lacus. Etiam bibendum fermentum metus. Aenean sed pede nec ante blandit viverra. Donec tempus, lorem fringilla ornare placerat,
103	magna tellus faucibus leo, in lobortis tellus justo sit	2021-07-27	ut, molestie in, tempus eu, ligula. Aenean euismod mauris eu elit. Nulla facilisi. Sed neque. Sed eget lacus. Mauris non dui nec urna suscipit nonummy. Fusce fermentum fermentum arcu. Vestibulum ante ipsum primis in
104	mattis semper, dui lectus rutrum urna, nec luctus felis purus	2021-09-26	Nunc mauris elit, dictum eu, eleifend nec, malesuada ut, sem. Nulla interdum. Curabitur dictum. Phasellus in felis. Nulla tempor augue ac
105	diam. Duis mi enim, condimentum eget, volutpat ornare,	2021-11-07	auctor velit. Aliquam nisl. Nulla eu neque pellentesque massa lobortis ultrices. Vivamus rhoncus. Donec est. Nunc ullamcorper, velit in aliquet lobortis, nisi nibh lacinia orci, consectetuer euismod est arcu ac orci. Ut semper pretium neque. Morbi quis urna. Nunc quis arcu vel quam dignissim pharetra. Nam ac nulla.
106	quis lectus. Nullam suscipit, est ac facilisis facilisis,	2021-12-25	eget lacus. Mauris non dui nec urna suscipit nonummy. Fusce fermentum fermentum arcu. Vestibulum ante ipsum primis in faucibus orci luctus et ultrices posuere cubilia Curae Phasellus ornare. Fusce mollis. Duis sit amet diam eu dolor egestas rhoncus. Proin nisl sem, consequat nec,
107	nonummy ut, molestie in, tempus	2021-12-07	eget lacus. Mauris non dui nec urna suscipit nonummy. Fusce fermentum fermentum arcu. Vestibulum ante ipsum primis in faucibus orci luctus et ultrices posuere cubilia Curae Phasellus ornare. Fusce mollis. Duis sit amet diam eu dolor egestas rhoncus. Proin nisl sem, consequat nec, mollis
108	ornare lectus justo eu arcu. Morbi sit amet massa.	2021-09-09	at lacus. Quisque purus sapien, gravida non, sollicitudin a, malesuada id, erat. Etiam vestibulum massa rutrum magna. Cras convallis convallis dolor. Quisque tincidunt pede ac urna. Ut tincidunt vehicula risus. Nulla eget metus eu erat semper
109	blandit congue. In scelerisque scelerisque dui. Suspendisse ac metus	2021-10-08	nulla. Integer vulputate, risus a ultricies adipiscing, enim mi tempor lorem, eget mollis lectus pede et risus. Quisque libero lacus, varius et, euismod et,
110	placerat, orci lacus vestibulum lorem,	2022-04-03	cursus in, hendrerit consectetuer, cursus et, magna. Praesent interdum ligula eu enim. Etiam imperdiet dictum magna. Ut tincidunt orci
111	quis lectus. Nullam suscipit, est ac facilisis facilisis, magna	2021-06-22	erat volutpat. Nulla facilisis. Suspendisse commodo tincidunt nibh. Phasellus nulla. Integer vulputate, risus a ultricies adipiscing, enim mi tempor lorem, eget mollis lectus pede et risus. Quisque libero lacus, varius et, euismod et, commodo at, libero. Morbi
112	dis parturient montes, nascetur ridiculus mus. Proin vel	2022-01-10	ante dictum cursus. Nunc mauris elit, dictum eu, eleifend nec, malesuada ut, sem. Nulla interdum. Curabitur dictum. Phasellus in felis. Nulla tempor augue ac ipsum. Phasellus vitae mauris
113	tincidunt. Donec vitae erat vel pede blandit congue.	2022-05-26	est, vitae sodales nisi magna sed dui. Fusce aliquam, enim nec tempus scelerisque, lorem ipsum sodales purus, in molestie tortor nibh sit amet orci. Ut sagittis lobortis mauris. Suspendisse aliquet molestie tellus. Aenean egestas
114	elementum, dui quis accumsan convallis, ante lectus convallis	2021-06-03	augue malesuada malesuada. Integer id magna et ipsum cursus vestibulum. Mauris magna. Duis dignissim tempor arcu. Vestibulum ut eros
115	leo. Cras vehicula aliquet libero. Integer	2021-06-02	dolor sit amet, consectetuer adipiscing elit. Etiam laoreet, libero et tristique pellentesque, tellus sem mollis dui, in sodales elit erat vitae risus. Duis a mi fringilla mi lacinia mattis. Integer eu lacus. Quisque imperdiet, erat nonummy ultricies ornare,
116	Proin nisl sem, consequat nec, mollis vitae, posuere at, velit.	2021-06-20	lorem vitae odio sagittis semper. Nam tempor diam dictum sapien. Aenean massa. Integer vitae nibh. Donec est mauris, rhoncus id, mollis nec, cursus a, enim. Suspendisse aliquet, sem ut cursus luctus, ipsum leo elementum sem, vitae aliquam eros turpis non enim. Mauris quis turpis
117	Quisque nonummy ipsum non arcu. Vivamus	2022-05-07	Phasellus fermentum convallis ligula. Donec luctus aliquet odio. Etiam ligula tortor, dictum eu, placerat eget, venenatis a, magna. Lorem ipsum dolor sit amet, consectetuer adipiscing elit. Etiam laoreet, libero et tristique pellentesque, tellus sem mollis dui, in sodales elit erat vitae risus. Duis a mi fringilla mi lacinia
118	sapien, cursus in, hendrerit consectetuer, cursus et, magna.	2021-06-26	Duis at lacus. Quisque purus sapien, gravida non, sollicitudin a, malesuada id, erat. Etiam vestibulum massa rutrum magna. Cras convallis convallis dolor. Quisque tincidunt pede ac urna. Ut tincidunt vehicula risus. Nulla eget metus eu erat semper rutrum. Fusce dolor quam, elementum at, egestas a, scelerisque sed,
119	aliquet odio. Etiam ligula tortor, dictum eu, placerat	2021-08-24	mollis dui, in sodales elit erat vitae risus. Duis a mi fringilla mi lacinia mattis. Integer eu lacus. Quisque imperdiet,
120	a purus. Duis elementum, dui quis accumsan convallis,	2021-10-05	et magnis dis parturient montes, nascetur ridiculus mus. Aenean eget magna. Suspendisse tristique neque venenatis lacus. Etiam bibendum fermentum metus. Aenean sed pede nec ante blandit viverra. Donec tempus, lorem fringilla
121	nunc sed libero. Proin sed turpis nec	2021-10-22	Fusce aliquam, enim nec tempus scelerisque, lorem ipsum sodales purus, in molestie tortor nibh sit amet orci. Ut sagittis lobortis mauris. Suspendisse aliquet molestie tellus. Aenean egestas hendrerit neque. In ornare sagittis felis. Donec tempor, est ac mattis semper, dui lectus rutrum urna, nec luctus
122	nisi magna sed dui. Fusce aliquam, enim	2021-12-27	eros nec tellus. Nunc lectus pede, ultrices a, auctor non, feugiat nec, diam. Duis mi enim, condimentum eget, volutpat ornare, facilisis eget, ipsum. Donec sollicitudin adipiscing
123	Sed eget lacus. Mauris non dui nec	2021-07-23	Phasellus vitae mauris sit amet lorem semper auctor. Mauris vel
124	feugiat tellus lorem eu metus. In lorem.	2022-05-22	et netus et malesuada fames ac turpis egestas. Fusce aliquet magna a neque. Nullam ut nisi a odio semper cursus. Integer mollis. Integer tincidunt aliquam arcu. Aliquam ultrices iaculis odio. Nam
125	dolor dapibus gravida. Aliquam tincidunt, nunc ac mattis ornare,	2022-03-04	non sapien molestie orci tincidunt adipiscing. Mauris molestie pharetra nibh. Aliquam ornare, libero at auctor ullamcorper, nisl arcu iaculis enim, sit amet ornare lectus justo eu arcu. Morbi sit amet massa. Quisque porttitor eros nec tellus. Nunc lectus pede, ultrices a, auctor
126	fringilla purus mauris a nunc. In at	2021-09-28	molestie tellus. Aenean egestas hendrerit neque. In ornare sagittis felis. Donec tempor, est ac mattis semper, dui lectus
127	blandit at, nisi. Cum sociis natoque penatibus et magnis	2022-04-12	eu, eleifend nec, malesuada ut, sem. Nulla interdum. Curabitur dictum. Phasellus in felis. Nulla tempor augue ac ipsum. Phasellus vitae mauris sit amet lorem semper auctor. Mauris vel turpis. Aliquam adipiscing lobortis risus. In mi pede, nonummy ut, molestie
128	odio. Etiam ligula tortor, dictum eu, placerat eget,	2021-10-19	gravida. Aliquam tincidunt, nunc ac mattis ornare, lectus ante dictum mi, ac mattis velit justo nec ante. Maecenas mi felis, adipiscing fringilla, porttitor vulputate, posuere vulputate, lacus. Cras interdum. Nunc sollicitudin commodo ipsum. Suspendisse non leo. Vivamus nibh dolor, nonummy ac, feugiat non, lobortis quis, pede. Suspendisse dui. Fusce diam
129	fermentum convallis ligula. Donec luctus aliquet odio. Etiam	2022-04-19	gravida non, sollicitudin a, malesuada id, erat. Etiam vestibulum massa rutrum magna. Cras convallis convallis dolor. Quisque tincidunt pede ac urna. Ut tincidunt vehicula risus. Nulla eget metus eu erat semper rutrum. Fusce dolor quam,
130	dolor sit amet, consectetuer adipiscing	2022-02-18	accumsan sed, facilisis vitae, orci. Phasellus dapibus quam quis diam. Pellentesque habitant morbi tristique senectus et netus et malesuada fames ac turpis egestas. Fusce
131	Nunc mauris. Morbi non sapien molestie orci tincidunt	2022-03-11	montes, nascetur ridiculus mus. Donec dignissim magna a tortor. Nunc commodo auctor velit. Aliquam nisl. Nulla eu neque pellentesque massa lobortis ultrices. Vivamus rhoncus. Donec est. Nunc ullamcorper, velit in aliquet lobortis, nisi nibh lacinia orci, consectetuer
132	Etiam laoreet, libero et tristique pellentesque, tellus sem mollis	2021-06-20	vel lectus. Cum sociis natoque penatibus et magnis dis parturient montes, nascetur ridiculus mus. Donec dignissim magna a tortor. Nunc commodo auctor velit. Aliquam nisl. Nulla eu neque pellentesque massa lobortis ultrices. Vivamus rhoncus. Donec est.
133	Curae Donec tincidunt. Donec vitae erat vel pede blandit	2021-10-07	congue. In scelerisque scelerisque dui. Suspendisse ac metus vitae velit egestas lacinia. Sed congue, elit sed consequat auctor, nunc nulla vulputate dui, nec tempus mauris erat eget ipsum. Suspendisse sagittis. Nullam vitae diam. Proin dolor. Nulla
134	nibh. Quisque nonummy ipsum non	2022-04-03	eget, ipsum. Donec sollicitudin adipiscing ligula. Aenean gravida nunc sed pede. Cum sociis natoque penatibus et magnis dis parturient montes, nascetur ridiculus mus. Proin vel arcu eu odio tristique pharetra. Quisque ac libero
135	neque. Nullam nisl. Maecenas malesuada fringilla est. Mauris	2022-02-16	et, rutrum non, hendrerit id, ante. Nunc mauris sapien, cursus in, hendrerit consectetuer, cursus et, magna. Praesent interdum ligula eu enim. Etiam imperdiet dictum magna. Ut tincidunt orci quis lectus. Nullam suscipit, est ac facilisis facilisis, magna tellus faucibus leo, in lobortis tellus justo
136	Fusce aliquet magna a neque. Nullam ut nisi a	2022-05-29	penatibus et magnis dis parturient montes, nascetur ridiculus mus. Donec
137	Mauris non dui nec urna suscipit nonummy. Fusce	2021-10-07	neque vitae semper egestas, urna justo faucibus lectus, a sollicitudin orci sem eget massa. Suspendisse eleifend. Cras
138	adipiscing elit. Aliquam auctor, velit eget	2021-06-17	diam luctus lobortis. Class aptent taciti sociosqu ad litora torquent per conubia nostra, per inceptos hymenaeos. Mauris ut quam vel sapien imperdiet ornare. In faucibus. Morbi vehicula. Pellentesque tincidunt tempus
139	magnis dis parturient montes, nascetur ridiculus	2022-02-04	auctor ullamcorper, nisl arcu iaculis enim, sit amet ornare lectus justo eu arcu. Morbi sit amet massa. Quisque porttitor eros nec tellus.
140	et, eros. Proin ultrices. Duis volutpat nunc sit	2022-02-20	hendrerit id, ante. Nunc mauris sapien, cursus in, hendrerit consectetuer, cursus et, magna. Praesent interdum ligula eu enim. Etiam imperdiet dictum magna. Ut tincidunt orci quis lectus. Nullam suscipit, est ac facilisis facilisis, magna tellus faucibus
141	venenatis a, magna. Lorem ipsum dolor sit amet, consectetuer	2022-04-20	a purus. Duis elementum, dui quis accumsan convallis, ante lectus convallis est, vitae sodales nisi magna sed dui. Fusce aliquam, enim nec tempus scelerisque, lorem ipsum sodales
142	tellus sem mollis dui, in sodales elit erat vitae	2022-05-19	ridiculus mus. Proin vel nisl. Quisque fringilla euismod enim. Etiam gravida molestie arcu. Sed eu nibh vulputate mauris sagittis placerat. Cras dictum ultricies ligula. Nullam enim. Sed nulla ante, iaculis nec, eleifend non, dapibus rutrum, justo. Praesent luctus. Curabitur egestas nunc sed libero. Proin sed turpis
143	eget ipsum. Suspendisse sagittis. Nullam vitae diam.	2021-12-21	Phasellus at augue id ante dictum cursus. Nunc mauris elit, dictum eu, eleifend nec, malesuada ut, sem. Nulla interdum. Curabitur dictum. Phasellus in felis. Nulla tempor augue ac ipsum. Phasellus vitae mauris sit amet lorem semper auctor. Mauris vel turpis. Aliquam adipiscing lobortis risus. In mi pede, nonummy
144	ac turpis egestas. Aliquam fringilla cursus purus. Nullam	2022-04-10	lorem lorem, luctus ut, pellentesque eget, dictum placerat, augue. Sed molestie. Sed id risus quis diam luctus lobortis. Class aptent taciti sociosqu ad litora torquent per conubia nostra, per inceptos hymenaeos. Mauris ut quam vel sapien imperdiet ornare. In faucibus. Morbi vehicula. Pellentesque
145	Proin ultrices. Duis volutpat nunc sit amet metus. Aliquam	2022-02-08	accumsan convallis, ante lectus convallis est, vitae sodales nisi magna sed dui. Fusce aliquam, enim nec tempus scelerisque, lorem ipsum sodales purus, in molestie tortor nibh sit amet orci. Ut sagittis lobortis mauris. Suspendisse aliquet molestie tellus. Aenean egestas hendrerit neque.
146	eget, ipsum. Donec sollicitudin adipiscing ligula. Aenean	2021-12-10	congue, elit sed consequat auctor, nunc nulla vulputate dui, nec tempus mauris erat eget ipsum. Suspendisse sagittis. Nullam vitae
147	elementum, lorem ut aliquam iaculis, lacus pede sagittis augue,	2021-11-19	Vivamus nisi. Mauris nulla. Integer urna. Vivamus molestie dapibus ligula. Aliquam erat volutpat. Nulla dignissim. Maecenas ornare egestas ligula. Nullam feugiat placerat
148	et tristique pellentesque, tellus sem mollis dui, in	2021-12-14	aliquam arcu. Aliquam ultrices iaculis odio. Nam interdum enim non nisi. Aenean eget metus. In nec orci. Donec nibh. Quisque nonummy ipsum non arcu. Vivamus sit amet risus. Donec egestas. Aliquam nec enim. Nunc ut erat. Sed nunc est, mollis non, cursus non, egestas a, dui. Cras
149	ac mattis semper, dui lectus rutrum urna, nec	2022-05-12	orci quis lectus. Nullam suscipit, est ac facilisis facilisis, magna tellus faucibus leo, in lobortis tellus justo sit amet nulla. Donec non justo. Proin
150	facilisis, magna tellus faucibus leo, in lobortis tellus	2021-07-02	magna. Cras convallis convallis dolor. Quisque tincidunt pede ac urna. Ut tincidunt vehicula risus. Nulla eget metus eu erat semper rutrum. Fusce
151	nec, cursus a, enim. Suspendisse aliquet, sem ut	2021-10-19	at risus. Nunc ac sem ut dolor dapibus gravida. Aliquam tincidunt, nunc ac mattis ornare, lectus ante dictum mi, ac mattis velit justo nec ante. Maecenas mi felis, adipiscing fringilla, porttitor vulputate,
152	diam. Proin dolor. Nulla semper tellus	2022-03-09	nunc nulla vulputate dui, nec tempus mauris erat eget ipsum. Suspendisse sagittis. Nullam vitae diam. Proin dolor. Nulla semper tellus id nunc interdum feugiat. Sed nec metus facilisis lorem tristique aliquet. Phasellus fermentum convallis ligula. Donec luctus aliquet odio. Etiam ligula tortor, dictum eu, placerat eget, venenatis
153	tincidunt pede ac urna. Ut tincidunt vehicula risus. Nulla	2021-09-25	mi, ac mattis velit justo nec ante. Maecenas mi felis, adipiscing fringilla, porttitor vulputate,
154	ut, sem. Nulla interdum. Curabitur dictum. Phasellus	2021-08-28	nisi a odio semper cursus. Integer mollis. Integer tincidunt aliquam arcu. Aliquam ultrices iaculis odio. Nam interdum enim non nisi. Aenean eget metus. In nec orci. Donec
155	ut, nulla. Cras eu tellus eu augue	2021-12-27	purus gravida sagittis. Duis gravida. Praesent eu nulla at sem molestie sodales. Mauris blandit enim consequat purus. Maecenas libero est, congue a, aliquet vel, vulputate eu, odio. Phasellus at augue id ante dictum cursus. Nunc mauris elit, dictum eu, eleifend nec, malesuada ut, sem. Nulla interdum.
156	urna. Nunc quis arcu vel quam dignissim pharetra. Nam	2022-03-28	hendrerit neque. In ornare sagittis felis. Donec tempor, est ac mattis semper, dui lectus rutrum urna, nec luctus felis purus ac tellus. Suspendisse sed dolor. Fusce mi lorem, vehicula et, rutrum eu, ultrices sit amet,
157	pede, nonummy ut, molestie in, tempus eu, ligula.	2022-04-13	orci tincidunt adipiscing. Mauris molestie pharetra nibh. Aliquam ornare, libero at auctor ullamcorper, nisl arcu iaculis enim, sit amet ornare lectus justo eu arcu. Morbi sit amet massa. Quisque porttitor eros nec tellus. Nunc lectus pede, ultrices a,
158	lorem, eget mollis lectus pede et risus. Quisque	2022-05-26	vitae mauris sit amet lorem semper auctor. Mauris vel turpis. Aliquam adipiscing lobortis risus. In mi pede, nonummy ut, molestie in, tempus eu, ligula. Aenean
159	pellentesque massa lobortis ultrices. Vivamus rhoncus. Donec est.	2022-04-22	feugiat non, lobortis quis, pede. Suspendisse dui. Fusce diam nunc, ullamcorper eu, euismod ac, fermentum vel, mauris. Integer sem elit, pharetra ut, pharetra sed, hendrerit a, arcu. Sed et libero. Proin mi. Aliquam
161	lorem ac risus. Morbi metus. Vivamus euismod urna.	2021-09-28	urna. Vivamus molestie dapibus ligula. Aliquam erat volutpat. Nulla dignissim. Maecenas ornare egestas ligula. Nullam feugiat placerat velit. Quisque varius. Nam porttitor scelerisque neque. Nullam nisl. Maecenas malesuada fringilla est. Mauris eu turpis. Nulla aliquet. Proin velit.
162	ridiculus mus. Aenean eget magna. Suspendisse	2021-06-27	mauris ut mi. Duis risus odio, auctor vitae, aliquet nec, imperdiet nec, leo. Morbi neque tellus, imperdiet non, vestibulum nec, euismod in,
163	faucibus leo, in lobortis tellus justo sit amet nulla.	2022-04-22	at lacus. Quisque purus sapien, gravida non, sollicitudin a, malesuada id, erat. Etiam vestibulum massa rutrum magna. Cras convallis convallis dolor. Quisque tincidunt pede ac urna. Ut tincidunt
164	Nullam lobortis quam a felis ullamcorper	2021-06-26	cursus. Nunc mauris elit, dictum eu, eleifend nec, malesuada ut, sem. Nulla
165	erat eget ipsum. Suspendisse sagittis. Nullam vitae diam. Proin dolor.	2022-05-20	ut lacus. Nulla tincidunt, neque vitae semper egestas, urna justo faucibus lectus, a sollicitudin orci sem eget massa. Suspendisse eleifend. Cras
166	Vivamus non lorem vitae odio sagittis semper. Nam	2021-10-16	Aenean sed pede nec ante blandit viverra. Donec tempus, lorem fringilla ornare placerat, orci lacus vestibulum lorem, sit amet ultricies sem magna
167	nisi nibh lacinia orci, consectetuer euismod	2022-03-24	Pellentesque habitant morbi tristique senectus et netus et malesuada fames ac turpis egestas. Aliquam fringilla cursus purus. Nullam scelerisque neque sed sem egestas blandit.
168	purus ac tellus. Suspendisse sed dolor. Fusce mi lorem,	2022-05-21	Proin vel nisl. Quisque fringilla euismod enim. Etiam gravida molestie arcu. Sed eu nibh vulputate
169	congue a, aliquet vel, vulputate eu,	2021-08-10	gravida. Praesent eu nulla at sem molestie sodales. Mauris blandit enim consequat purus. Maecenas libero est, congue a, aliquet vel, vulputate eu, odio. Phasellus at augue
170	ipsum primis in faucibus orci luctus	2021-07-08	hymenaeos. Mauris ut quam vel sapien imperdiet ornare. In faucibus. Morbi vehicula. Pellentesque tincidunt tempus risus. Donec egestas. Duis ac arcu. Nunc mauris. Morbi non sapien molestie orci tincidunt adipiscing. Mauris molestie pharetra nibh. Aliquam ornare, libero at auctor ullamcorper, nisl arcu iaculis enim, sit amet ornare
171	ipsum sodales purus, in molestie tortor nibh sit amet	2021-08-11	euismod urna. Nullam lobortis quam a felis ullamcorper viverra. Maecenas iaculis aliquet diam. Sed diam lorem, auctor quis, tristique ac, eleifend vitae, erat. Vivamus nisi. Mauris nulla. Integer urna. Vivamus molestie dapibus ligula. Aliquam erat volutpat. Nulla dignissim. Maecenas ornare egestas
172	ornare tortor at risus. Nunc ac sem ut dolor	2022-01-02	porttitor eros nec tellus. Nunc lectus pede, ultrices a, auctor non, feugiat nec, diam. Duis mi enim,
173	et magnis dis parturient montes, nascetur ridiculus mus. Donec dignissim	2021-10-22	id sapien. Cras dolor dolor, tempus non, lacinia at, iaculis quis, pede. Praesent eu dui. Cum sociis natoque penatibus et magnis dis parturient montes, nascetur ridiculus mus. Aenean eget magna.
174	neque tellus, imperdiet non, vestibulum nec,	2021-08-30	viverra. Donec tempus, lorem fringilla ornare placerat, orci lacus vestibulum lorem, sit amet ultricies sem magna nec quam. Curabitur vel lectus. Cum
175	felis. Nulla tempor augue ac ipsum.	2022-01-11	sem eget massa. Suspendisse eleifend. Cras sed leo. Cras vehicula aliquet libero. Integer in magna. Phasellus dolor elit, pellentesque
176	Maecenas iaculis aliquet diam. Sed diam lorem, auctor quis,	2022-05-06	sem ut dolor dapibus gravida. Aliquam tincidunt, nunc ac mattis ornare, lectus ante dictum mi, ac mattis velit justo nec ante. Maecenas mi felis, adipiscing fringilla, porttitor
177	ut, sem. Nulla interdum. Curabitur dictum. Phasellus in	2022-01-18	fringilla mi lacinia mattis. Integer eu lacus. Quisque imperdiet, erat nonummy ultricies ornare, elit elit fermentum risus, at fringilla purus mauris a nunc. In at pede. Cras vulputate velit eu sem. Pellentesque ut
178	in aliquet lobortis, nisi nibh lacinia orci,	2022-04-24	nec luctus felis purus ac tellus. Suspendisse sed dolor. Fusce mi lorem,
179	blandit enim consequat purus. Maecenas libero est, congue a,	2021-10-23	Integer aliquam adipiscing lacus. Ut nec urna et arcu imperdiet ullamcorper. Duis at lacus. Quisque purus sapien, gravida non, sollicitudin a, malesuada id, erat. Etiam vestibulum massa rutrum magna. Cras convallis convallis dolor. Quisque tincidunt pede ac urna. Ut tincidunt vehicula risus. Nulla
180	a, enim. Suspendisse aliquet, sem ut cursus luctus,	2021-09-01	nunc id enim. Curabitur massa. Vestibulum accumsan neque et nunc. Quisque ornare tortor at risus. Nunc ac sem ut dolor dapibus gravida. Aliquam tincidunt, nunc ac mattis ornare, lectus ante dictum mi, ac mattis velit justo nec ante. Maecenas mi felis, adipiscing fringilla, porttitor vulputate, posuere vulputate, lacus.
181	magna. Suspendisse tristique neque venenatis lacus. Etiam bibendum	2022-02-03	sem. Nulla interdum. Curabitur dictum. Phasellus in felis. Nulla tempor augue ac ipsum. Phasellus vitae mauris sit amet lorem semper auctor. Mauris vel turpis. Aliquam adipiscing lobortis risus. In mi pede, nonummy ut, molestie in, tempus eu, ligula. Aenean euismod mauris eu elit. Nulla facilisi. Sed neque.
182	sollicitudin orci sem eget massa. Suspendisse	2021-07-29	mollis lectus pede et risus. Quisque libero lacus, varius et, euismod et, commodo at, libero. Morbi accumsan laoreet ipsum.
183	Nam consequat dolor vitae dolor. Donec fringilla. Donec feugiat metus	2022-04-18	parturient montes, nascetur ridiculus mus. Donec dignissim magna a tortor. Nunc commodo auctor velit. Aliquam nisl. Nulla eu neque pellentesque massa lobortis ultrices. Vivamus rhoncus. Donec est. Nunc ullamcorper, velit in aliquet lobortis,
184	Nam interdum enim non nisi. Aenean	2021-11-11	hymenaeos. Mauris ut quam vel sapien imperdiet ornare. In faucibus. Morbi vehicula. Pellentesque tincidunt tempus risus. Donec egestas. Duis ac arcu. Nunc mauris. Morbi non sapien molestie orci tincidunt adipiscing. Mauris molestie pharetra nibh. Aliquam ornare, libero at auctor ullamcorper,
185	Aliquam ornare, libero at auctor	2021-11-29	quis urna. Nunc quis arcu vel quam dignissim pharetra. Nam ac nulla. In tincidunt congue turpis. In condimentum. Donec at arcu. Vestibulum ante ipsum primis in faucibus orci
186	vel sapien imperdiet ornare. In faucibus. Morbi vehicula.	2021-06-16	et magnis dis parturient montes, nascetur ridiculus mus. Donec dignissim magna a tortor. Nunc commodo auctor velit. Aliquam nisl. Nulla eu neque
187	libero est, congue a, aliquet vel, vulputate	2022-01-23	auctor non, feugiat nec, diam. Duis mi enim, condimentum eget, volutpat ornare, facilisis eget, ipsum. Donec sollicitudin adipiscing ligula. Aenean gravida nunc sed pede. Cum
188	velit. Pellentesque ultricies dignissim lacus.	2022-05-10	consectetuer mauris id sapien. Cras dolor dolor, tempus non, lacinia at, iaculis quis, pede. Praesent eu dui. Cum sociis natoque
189	vehicula risus. Nulla eget metus eu erat semper rutrum.	2022-02-27	convallis erat, eget tincidunt dui augue eu tellus. Phasellus elit pede, malesuada vel, venenatis vel, faucibus id,
190	Nulla tincidunt, neque vitae semper egestas,	2021-09-13	quam. Pellentesque habitant morbi tristique senectus et netus et malesuada fames
191	magna a tortor. Nunc commodo	2021-07-13	ut lacus. Nulla tincidunt, neque vitae semper egestas, urna justo faucibus lectus, a sollicitudin orci sem eget massa. Suspendisse eleifend. Cras sed leo. Cras vehicula aliquet libero. Integer in magna. Phasellus dolor elit, pellentesque a, facilisis non, bibendum sed,
192	neque sed dictum eleifend, nunc	2021-08-20	Nunc sollicitudin commodo ipsum. Suspendisse non leo. Vivamus nibh dolor, nonummy ac, feugiat non, lobortis quis, pede. Suspendisse dui. Fusce diam nunc, ullamcorper eu, euismod ac, fermentum vel, mauris. Integer sem elit, pharetra ut, pharetra sed, hendrerit a, arcu. Sed et libero. Proin mi. Aliquam gravida mauris
193	a nunc. In at pede. Cras vulputate velit eu sem.	2022-02-27	Integer in magna. Phasellus dolor elit, pellentesque a, facilisis non, bibendum sed, est. Nunc laoreet lectus quis massa. Mauris vestibulum, neque sed dictum eleifend, nunc risus varius orci, in consequat enim diam vel arcu. Curabitur ut odio vel est tempor bibendum. Donec felis orci, adipiscing non, luctus
194	tincidunt tempus risus. Donec egestas. Duis ac	2021-12-23	massa. Quisque porttitor eros nec tellus. Nunc lectus pede, ultrices a, auctor non, feugiat nec, diam. Duis mi enim, condimentum eget, volutpat ornare, facilisis eget, ipsum. Donec sollicitudin adipiscing ligula.
195	risus. Nulla eget metus eu erat semper rutrum. Fusce dolor	2021-07-13	metus vitae velit egestas lacinia. Sed congue, elit sed consequat auctor, nunc nulla vulputate dui, nec tempus
196	Duis elementum, dui quis accumsan convallis,	2021-06-27	consectetuer, cursus et, magna. Praesent interdum ligula eu enim. Etiam imperdiet dictum magna. Ut tincidunt orci quis lectus. Nullam suscipit, est ac facilisis facilisis, magna tellus faucibus leo, in lobortis
197	mauris, aliquam eu, accumsan sed, facilisis vitae, orci. Phasellus dapibus	2021-11-04	molestie orci tincidunt adipiscing. Mauris molestie pharetra nibh. Aliquam ornare, libero at auctor ullamcorper, nisl arcu iaculis enim, sit amet ornare lectus justo eu arcu.
198	fermentum fermentum arcu. Vestibulum ante ipsum primis	2021-07-23	sapien, gravida non, sollicitudin a, malesuada id, erat. Etiam vestibulum massa rutrum magna. Cras convallis convallis dolor. Quisque tincidunt pede ac urna. Ut tincidunt vehicula risus. Nulla eget metus eu erat semper rutrum. Fusce dolor quam,
199	vel lectus. Cum sociis natoque penatibus et magnis	2021-11-18	congue. In scelerisque scelerisque dui. Suspendisse ac metus vitae velit egestas lacinia. Sed congue,
200	ante lectus convallis est, vitae sodales nisi	2021-10-19	tincidunt, neque vitae semper egestas, urna justo faucibus lectus, a sollicitudin orci sem eget massa. Suspendisse eleifend. Cras sed leo. Cras vehicula aliquet libero. Integer in magna. Phasellus dolor elit, pellentesque a, facilisis non, bibendum sed, est. Nunc
\.


--
-- Data for Name: orderdetails; Type: TABLE DATA; Schema: public; Owner: gb_user
--

COPY public.orderdetails (orderdetailid, orderid, cartid, productid, quantity, price, sm) FROM stdin;
41	287	969	17	30.000	927856.00	27835680.00
42	451	925	37	44.000	429083.00	18879652.00
43	447	379	143	44.000	159511.00	7018484.00
44	178	938	71	2.000	714385.00	1428770.00
45	144	829	58	33.000	43847.00	1446951.00
46	471	930	56	6.000	347570.00	2085420.00
47	290	867	76	7.000	346557.00	2425899.00
48	99	455	60	39.000	552295.00	21539505.00
49	398	940	101	25.000	477658.00	11941450.00
50	117	403	117	45.000	652410.00	29358450.00
51	250	161	92	40.000	308951.00	12358040.00
52	56	496	105	34.000	364813.00	12403642.00
53	332	365	65	11.000	400456.00	4405016.00
54	437	252	71	2.000	467642.00	935284.00
55	164	923	113	12.000	146945.00	1763340.00
56	422	390	73	21.000	583514.00	12253794.00
57	209	287	142	38.000	116575.00	4429850.00
58	250	26	72	30.000	365055.00	10951650.00
59	240	56	94	7.000	430054.00	3010378.00
60	392	231	34	43.000	84809.00	3646787.00
61	449	190	54	21.000	766927.00	16105467.00
62	277	920	19	7.000	352672.00	2468704.00
63	400	836	107	45.000	320719.00	14432355.00
64	350	617	54	26.000	464799.00	12084774.00
65	195	672	114	4.000	524435.00	2097740.00
66	38	822	103	10.000	49781.00	497810.00
67	411	968	83	24.000	155425.00	3730200.00
68	149	77	128	40.000	838672.00	33546880.00
69	35	349	63	25.000	638438.00	15960950.00
70	62	22	85	6.000	214208.00	1285248.00
71	60	128	136	25.000	15001.00	375025.00
72	393	441	107	46.000	186000.00	8556000.00
73	242	878	90	14.000	877398.00	12283572.00
74	145	768	123	29.000	266699.00	7734271.00
75	446	961	115	14.000	315760.00	4420640.00
76	484	778	55	49.000	666839.00	32675111.00
77	275	881	139	19.000	968339.00	18398441.00
78	307	827	140	47.000	74333.00	3493651.00
79	248	454	32	47.000	376413.00	17691411.00
80	480	16	103	30.000	616448.00	18493440.00
81	295	391	2	19.000	788439.00	14980341.00
82	476	401	56	10.000	485181.00	4851810.00
83	57	773	120	31.000	352903.00	10939993.00
84	376	227	30	8.000	663237.00	5305896.00
85	57	645	85	22.000	122780.00	2701160.00
86	352	669	33	30.000	976827.00	29304810.00
87	313	721	87	40.000	480036.00	19201440.00
88	28	362	60	36.000	399930.00	14397480.00
89	426	448	141	14.000	767554.00	10745756.00
90	191	871	144	7.000	619970.00	4339790.00
91	252	650	107	20.000	32564.00	651280.00
92	203	522	81	6.000	278006.00	1668036.00
93	37	993	91	13.000	801726.00	10422438.00
94	177	437	22	4.000	301341.00	1205364.00
95	230	228	117	44.000	884758.00	38929352.00
96	256	558	22	12.000	227450.00	2729400.00
97	468	401	113	41.000	204088.00	8367608.00
98	199	368	81	15.000	878266.00	13173990.00
99	47	974	118	38.000	238777.00	9073526.00
100	450	971	83	10.000	712286.00	7122860.00
101	476	704	8	40.000	857396.00	34295840.00
102	225	276	139	49.000	639397.00	31330453.00
103	35	372	138	17.000	731258.00	12431386.00
104	160	343	58	8.000	881280.00	7050240.00
105	82	421	9	40.000	296112.00	11844480.00
106	498	218	58	47.000	670900.00	31532300.00
107	160	871	144	39.000	656117.00	25588563.00
108	250	909	101	30.000	530569.00	15917070.00
109	51	192	69	28.000	400905.00	11225340.00
110	479	129	80	50.000	775077.00	38753850.00
111	339	115	5	27.000	731562.00	19752174.00
112	170	868	8	5.000	728913.00	3644565.00
113	140	46	71	35.000	124750.00	4366250.00
114	179	653	94	3.000	191278.00	573834.00
115	491	88	114	30.000	463020.00	13890600.00
116	329	741	137	4.000	466385.00	1865540.00
117	476	678	38	17.000	391180.00	6650060.00
118	367	946	43	38.000	226117.00	8592446.00
119	397	463	39	44.000	508579.00	22377476.00
120	30	834	139	7.000	169556.00	1186892.00
121	400	191	75	44.000	548535.00	24135540.00
122	498	973	22	43.000	571699.00	24583057.00
123	196	524	103	17.000	644581.00	10957877.00
124	371	914	7	24.000	174189.00	4180536.00
125	202	116	122	40.000	415009.00	16600360.00
126	345	43	71	41.000	586233.00	24035553.00
127	58	771	99	33.000	419842.00	13854786.00
128	67	165	82	49.000	799567.00	39178783.00
129	57	271	37	19.000	184578.00	3506982.00
130	25	920	53	21.000	267382.00	5615022.00
131	100	729	46	23.000	100070.00	2301610.00
132	263	713	134	39.000	124451.00	4853589.00
133	309	196	6	13.000	816416.00	10613408.00
134	308	568	15	15.000	556705.00	8350575.00
135	376	183	49	12.000	720201.00	8642412.00
136	272	195	50	43.000	267098.00	11485214.00
137	199	169	132	31.000	728775.00	22592025.00
138	341	784	88	19.000	740668.00	14072692.00
139	149	853	46	3.000	247433.00	742299.00
140	468	112	145	50.000	92773.00	4638650.00
141	181	835	58	36.000	725463.00	26116668.00
142	28	846	35	37.000	688906.00	25489522.00
143	298	437	82	31.000	226714.00	7028134.00
144	405	706	120	12.000	805373.00	9664476.00
145	423	870	79	12.000	923911.00	11086932.00
146	213	755	125	8.000	451940.00	3615520.00
147	233	373	143	33.000	478855.00	15802215.00
148	161	357	23	15.000	69291.00	1039365.00
149	496	50	48	6.000	953505.00	5721030.00
150	250	67	145	1.000	789415.00	789415.00
151	309	224	65	49.000	826755.00	40510995.00
152	239	388	57	48.000	738395.00	35442960.00
153	409	763	38	19.000	600163.00	11403097.00
154	17	231	89	10.000	990577.00	9905770.00
155	490	670	12	4.000	16180.00	64720.00
156	305	485	126	43.000	760671.00	32708853.00
157	289	678	52	26.000	15888.00	413088.00
158	16	498	135	14.000	116657.00	1633198.00
159	441	126	14	7.000	233534.00	1634738.00
160	66	343	39	45.000	911578.00	41021010.00
161	117	550	73	48.000	358147.00	17191056.00
162	174	128	80	22.000	32767.00	720874.00
163	230	627	109	5.000	168080.00	840400.00
164	219	675	121	13.000	62408.00	811304.00
165	332	26	43	17.000	139940.00	2378980.00
166	475	658	33	26.000	197968.00	5147168.00
167	110	376	19	21.000	229018.00	4809378.00
168	313	690	7	35.000	659896.00	23096360.00
169	32	71	135	43.000	63229.00	2718847.00
170	190	48	37	20.000	512031.00	10240620.00
171	119	329	87	2.000	994335.00	1988670.00
172	271	213	51	48.000	37589.00	1804272.00
173	284	507	140	12.000	585295.00	7023540.00
174	64	386	17	28.000	708381.00	19834668.00
175	228	863	114	20.000	930348.00	18606960.00
176	34	837	64	23.000	312214.00	7180922.00
177	379	273	1	11.000	187596.00	2063556.00
178	79	341	75	7.000	968174.00	6777218.00
179	59	184	81	10.000	444751.00	4447510.00
180	98	79	58	25.000	103218.00	2580450.00
181	461	277	104	16.000	423601.00	6777616.00
182	359	827	55	36.000	840289.00	30250404.00
183	422	987	140	30.000	324248.00	9727440.00
184	146	382	104	7.000	895508.00	6268556.00
185	129	138	71	46.000	873969.00	40202574.00
186	311	53	73	16.000	794979.00	12719664.00
187	357	781	70	26.000	663272.00	17245072.00
188	475	818	140	35.000	688924.00	24112340.00
189	19	865	87	31.000	342658.00	10622398.00
190	247	498	82	8.000	609159.00	4873272.00
191	397	247	85	42.000	23937.00	1005354.00
192	392	710	36	40.000	379927.00	15197080.00
193	491	551	112	38.000	640995.00	24357810.00
194	255	4	126	45.000	706596.00	31796820.00
195	274	118	98	24.000	703954.00	16894896.00
196	12	497	74	48.000	437963.00	21022224.00
197	15	131	13	20.000	197690.00	3953800.00
198	418	676	30	20.000	656235.00	13124700.00
199	230	389	143	1.000	838770.00	838770.00
200	88	838	130	23.000	565588.00	13008524.00
201	121	642	139	48.000	614766.00	29508768.00
202	450	883	119	19.000	383754.00	7291326.00
203	111	710	5	32.000	68894.00	2204608.00
204	142	245	35	46.000	197138.00	9068348.00
205	383	98	111	46.000	503404.00	23156584.00
206	60	208	87	44.000	765882.00	33698808.00
207	427	966	36	32.000	791497.00	25327904.00
208	476	799	94	18.000	277872.00	5001696.00
209	409	941	9	4.000	42953.00	171812.00
210	32	612	96	14.000	388248.00	5435472.00
211	412	759	144	30.000	278404.00	8352120.00
212	53	862	37	12.000	103481.00	1241772.00
213	386	220	73	49.000	524653.00	25707997.00
214	27	189	136	21.000	965785.00	20281485.00
215	178	160	45	44.000	673120.00	29617280.00
216	420	618	13	22.000	977479.00	21504538.00
217	466	814	115	15.000	259359.00	3890385.00
218	203	937	112	22.000	695105.00	15292310.00
219	289	91	16	12.000	367265.00	4407180.00
220	242	671	90	3.000	87559.00	262677.00
221	176	620	65	47.000	694780.00	32654660.00
222	343	846	107	28.000	865642.00	24237976.00
223	57	602	22	35.000	192489.00	6737115.00
224	197	205	47	25.000	844004.00	21100100.00
225	172	507	43	28.000	591744.00	16568832.00
226	494	566	20	42.000	925171.00	38857182.00
227	460	170	19	26.000	596929.00	15520154.00
228	136	99	126	42.000	284402.00	11944884.00
229	465	733	37	10.000	79713.00	797130.00
230	355	827	121	27.000	226077.00	6104079.00
231	458	349	65	34.000	139720.00	4750480.00
232	291	129	110	45.000	487610.00	21942450.00
233	181	525	77	37.000	453218.00	16769066.00
234	89	977	48	36.000	433595.00	15609420.00
235	272	401	136	37.000	289908.00	10726596.00
236	343	825	1	28.000	632929.00	17722012.00
237	467	834	21	12.000	973514.00	11682168.00
238	253	250	60	44.000	327152.00	14394688.00
239	285	321	16	31.000	669297.00	20748207.00
240	208	677	55	35.000	640272.00	22409520.00
241	361	279	96	27.000	734176.00	19822752.00
242	158	969	145	9.000	724245.00	6518205.00
243	133	735	148	5.000	572694.00	2863470.00
244	496	743	108	3.000	345623.00	1036869.00
245	433	319	141	9.000	241032.00	2169288.00
246	452	679	93	25.000	835284.00	20882100.00
247	421	184	137	27.000	849093.00	22925511.00
248	6	660	10	8.000	203187.00	1625496.00
249	2	485	137	19.000	477298.00	9068662.00
250	202	923	137	35.000	45318.00	1586130.00
251	271	408	64	17.000	244295.00	4153015.00
252	491	624	101	22.000	242923.00	5344306.00
253	116	78	14	16.000	546851.00	8749616.00
254	182	460	62	48.000	339688.00	16305024.00
255	461	594	15	13.000	376935.00	4900155.00
256	159	296	9	45.000	649282.00	29217690.00
257	84	628	134	33.000	277750.00	9165750.00
258	326	32	141	10.000	588515.00	5885150.00
259	107	840	141	22.000	343907.00	7565954.00
260	128	959	67	21.000	214087.00	4495827.00
261	20	389	38	41.000	150030.00	6151230.00
262	375	894	141	45.000	222806.00	10026270.00
263	416	862	29	49.000	879583.00	43099567.00
264	307	236	86	43.000	306077.00	13161311.00
265	172	215	104	24.000	737311.00	17695464.00
266	260	227	26	21.000	281309.00	5907489.00
267	247	843	102	30.000	368285.00	11048550.00
268	325	546	25	19.000	438923.00	8339537.00
269	119	104	138	18.000	8475.00	152550.00
270	442	198	45	33.000	388246.00	12812118.00
271	382	660	149	40.000	642864.00	25714560.00
272	170	26	76	36.000	851996.00	30671856.00
273	97	81	138	40.000	157450.00	6298000.00
274	20	771	114	15.000	772936.00	11594040.00
275	225	57	80	45.000	427180.00	19223100.00
276	435	746	67	48.000	298406.00	14323488.00
277	443	751	20	31.000	776475.00	24070725.00
278	361	888	29	50.000	484175.00	24208750.00
279	23	245	50	39.000	384873.00	15010047.00
280	14	360	101	43.000	818516.00	35196188.00
281	89	234	18	22.000	536870.00	11811140.00
282	305	892	87	14.000	357651.00	5007114.00
283	413	744	139	48.000	223010.00	10704480.00
284	83	406	42	4.000	962032.00	3848128.00
285	262	461	135	41.000	749407.00	30725687.00
286	53	816	134	11.000	410740.00	4518140.00
287	30	762	145	37.000	701139.00	25942143.00
288	212	765	64	21.000	359800.00	7555800.00
289	471	804	97	43.000	741786.00	31896798.00
290	158	139	104	9.000	160014.00	1440126.00
291	481	343	70	32.000	501438.00	16046016.00
292	441	683	21	37.000	704121.00	26052477.00
293	152	424	110	47.000	948129.00	44562063.00
294	48	977	96	16.000	204704.00	3275264.00
295	431	542	31	24.000	283670.00	6808080.00
296	411	291	92	42.000	284344.00	11942448.00
297	412	653	117	22.000	357686.00	7869092.00
298	29	927	50	22.000	931744.00	20498368.00
299	382	503	50	23.000	691718.00	15909514.00
300	455	383	57	50.000	283824.00	14191200.00
301	422	740	33	14.000	63661.00	891254.00
302	84	776	100	36.000	503434.00	18123624.00
303	150	582	34	50.000	567052.00	28352600.00
304	214	325	86	18.000	918961.00	16541298.00
305	422	579	44	39.000	258181.00	10069059.00
306	466	676	85	18.000	969512.00	17451216.00
307	335	386	125	9.000	422646.00	3803814.00
308	175	60	70	11.000	61573.00	677303.00
309	283	586	29	17.000	728576.00	12385792.00
310	81	25	113	49.000	636706.00	31198594.00
311	321	267	97	34.000	68638.00	2333692.00
312	148	320	149	37.000	336587.00	12453719.00
313	274	949	111	37.000	562437.00	20810169.00
314	99	28	6	39.000	799584.00	31183776.00
315	10	151	11	43.000	224742.00	9663906.00
316	184	312	61	37.000	472659.00	17488383.00
317	491	844	43	1.000	811431.00	811431.00
318	127	31	118	36.000	479259.00	17253324.00
319	118	236	23	29.000	665144.00	19289176.00
320	101	695	49	39.000	209960.00	8188440.00
321	332	9	56	45.000	73155.00	3291975.00
322	174	19	16	34.000	148640.00	5053760.00
323	245	466	58	46.000	835071.00	38413266.00
324	316	68	136	10.000	492766.00	4927660.00
325	192	892	31	39.000	540628.00	21084492.00
326	243	478	45	29.000	786175.00	22799075.00
327	397	821	109	47.000	616926.00	28995522.00
328	117	60	6	35.000	187554.00	6564390.00
329	232	865	97	13.000	168346.00	2188498.00
330	9	991	40	38.000	725321.00	27562198.00
331	149	424	134	39.000	205908.00	8030412.00
332	444	248	136	30.000	941426.00	28242780.00
333	103	927	38	14.000	958498.00	13418972.00
334	347	571	41	11.000	483497.00	5318467.00
335	24	362	25	3.000	746500.00	2239500.00
336	340	392	93	48.000	645465.00	30982320.00
337	174	161	69	24.000	39645.00	951480.00
338	452	840	75	26.000	462253.00	12018578.00
339	228	523	144	18.000	346079.00	6229422.00
340	491	783	96	25.000	797461.00	19936525.00
341	173	743	49	43.000	786564.00	33822252.00
342	395	108	28	31.000	517145.00	16031495.00
343	411	966	114	41.000	794260.00	32564660.00
344	244	910	126	2.000	50930.00	101860.00
345	341	27	73	2.000	927260.00	1854520.00
346	90	787	36	14.000	39052.00	546728.00
347	7	36	83	39.000	287402.00	11208678.00
348	357	23	105	3.000	640229.00	1920687.00
349	23	742	61	12.000	755006.00	9060072.00
350	180	162	65	33.000	935834.00	30882522.00
351	142	315	139	14.000	660406.00	9245684.00
352	323	157	125	11.000	186612.00	2052732.00
353	408	40	38	49.000	753858.00	36939042.00
354	147	483	16	36.000	302092.00	10875312.00
355	101	618	11	23.000	807155.00	18564565.00
356	321	118	72	34.000	316554.00	10762836.00
357	417	170	144	36.000	613100.00	22071600.00
358	37	234	47	35.000	290920.00	10182200.00
359	46	643	6	3.000	632920.00	1898760.00
360	349	40	88	24.000	209974.00	5039376.00
361	433	269	135	15.000	129366.00	1940490.00
362	381	836	143	13.000	897178.00	11663314.00
363	363	392	30	17.000	702694.00	11945798.00
364	118	812	35	24.000	134372.00	3224928.00
365	89	427	113	25.000	57545.00	1438625.00
366	404	738	123	48.000	209962.00	10078176.00
367	296	653	58	17.000	904736.00	15380512.00
368	319	765	13	36.000	975382.00	35113752.00
369	344	783	32	34.000	917762.00	31203908.00
370	499	860	76	35.000	536865.00	18790275.00
371	21	75	137	23.000	19677.00	452571.00
372	397	990	4	44.000	675374.00	29716456.00
373	370	516	94	40.000	790797.00	31631880.00
374	249	639	19	29.000	709969.00	20589101.00
375	243	943	78	22.000	762433.00	16773526.00
376	81	162	51	32.000	654720.00	20951040.00
377	405	612	116	39.000	257121.00	10027719.00
378	461	339	34	6.000	50972.00	305832.00
379	165	695	86	37.000	975371.00	36088727.00
380	16	353	62	23.000	560918.00	12901114.00
381	114	123	100	29.000	885811.00	25688519.00
382	250	338	5	12.000	4860.00	58320.00
383	473	804	79	47.000	467681.00	21981007.00
384	489	456	53	30.000	461749.00	13852470.00
385	95	602	67	39.000	305010.00	11895390.00
386	346	902	85	48.000	603675.00	28976400.00
387	336	925	29	26.000	74401.00	1934426.00
388	55	600	17	37.000	67991.00	2515667.00
389	117	221	92	40.000	7394.00	295760.00
390	115	467	136	29.000	637007.00	18473203.00
391	72	608	57	16.000	920531.00	14728496.00
392	419	64	122	40.000	527179.00	21087160.00
393	245	168	53	21.000	669473.00	14058933.00
394	38	889	35	18.000	532761.00	9589698.00
395	449	816	141	5.000	845570.00	4227850.00
396	345	303	90	43.000	888026.00	38185118.00
397	280	782	23	35.000	67700.00	2369500.00
398	154	527	145	5.000	478847.00	2394235.00
399	219	880	84	49.000	229756.00	11258044.00
400	454	342	55	14.000	684342.00	9580788.00
401	251	331	64	34.000	462315.00	15718710.00
402	468	781	23	22.000	98098.00	2158156.00
403	269	147	109	23.000	268322.00	6171406.00
404	162	330	18	21.000	903708.00	18977868.00
405	367	616	146	12.000	39062.00	468744.00
406	139	580	131	21.000	387114.00	8129394.00
407	92	656	121	45.000	125908.00	5665860.00
408	185	6	39	9.000	68467.00	616203.00
409	152	426	94	43.000	147657.00	6349251.00
410	139	189	68	16.000	971169.00	15538704.00
411	161	52	45	41.000	713897.00	29269777.00
412	230	869	59	29.000	69862.00	2025998.00
413	174	22	69	45.000	878896.00	39550320.00
414	468	303	126	45.000	15797.00	710865.00
415	161	52	55	26.000	774413.00	20134738.00
416	271	395	111	43.000	50622.00	2176746.00
417	335	165	43	32.000	5919.00	189408.00
418	130	285	114	20.000	983043.00	19660860.00
419	298	205	5	22.000	411624.00	9055728.00
420	196	414	99	17.000	737082.00	12530394.00
421	191	110	135	25.000	393603.00	9840075.00
422	349	428	9	33.000	889111.00	29340663.00
423	154	944	34	12.000	420042.00	5040504.00
424	130	985	16	26.000	246280.00	6403280.00
425	13	237	124	2.000	310236.00	620472.00
426	190	407	114	44.000	158655.00	6980820.00
427	376	37	25	21.000	140221.00	2944641.00
428	390	638	18	4.000	569830.00	2279320.00
429	459	571	81	26.000	571743.00	14865318.00
430	383	367	111	5.000	50217.00	251085.00
431	93	885	44	5.000	711646.00	3558230.00
432	20	41	124	36.000	271705.00	9781380.00
433	152	826	72	12.000	349620.00	4195440.00
434	248	102	94	42.000	303955.00	12766110.00
435	352	220	104	25.000	40911.00	1022775.00
436	447	478	51	13.000	782180.00	10168340.00
437	289	169	14	45.000	577569.00	25990605.00
438	310	872	138	41.000	853440.00	34991040.00
439	461	991	96	26.000	41784.00	1086384.00
440	101	793	149	28.000	331075.00	9270100.00
441	53	290	67	29.000	717336.00	20802744.00
442	15	595	44	25.000	615984.00	15399600.00
443	72	289	80	26.000	185230.00	4815980.00
444	105	718	82	39.000	646841.00	25226799.00
445	194	899	32	30.000	400714.00	12021420.00
446	319	220	65	13.000	747871.00	9722323.00
447	198	737	63	33.000	128483.00	4239939.00
448	276	351	101	38.000	326933.00	12423454.00
449	130	342	48	14.000	641238.00	8977332.00
450	224	432	47	13.000	491550.00	6390150.00
451	1	652	102	46.000	440990.00	20285540.00
452	30	427	45	23.000	121420.00	2792660.00
453	203	494	88	6.000	749960.00	4499760.00
454	302	642	38	3.000	240864.00	722592.00
455	55	930	125	27.000	598648.00	16163496.00
456	152	551	139	35.000	391648.00	13707680.00
457	423	833	6	43.000	884875.00	38049625.00
458	302	34	32	6.000	64459.00	386754.00
459	173	119	90	6.000	259539.00	1557234.00
460	187	964	20	29.000	643901.00	18673129.00
461	459	420	8	11.000	55962.00	615582.00
462	377	898	20	16.000	863277.00	13812432.00
463	410	253	4	25.000	444860.00	11121500.00
464	396	676	86	48.000	557037.00	26737776.00
465	312	849	104	8.000	984502.00	7876016.00
466	12	975	57	33.000	916177.00	30233841.00
467	24	335	33	23.000	609929.00	14028367.00
468	20	73	137	16.000	589692.00	9435072.00
469	381	487	112	2.000	21344.00	42688.00
470	42	314	97	14.000	74258.00	1039612.00
471	368	371	54	15.000	986414.00	14796210.00
472	179	446	114	9.000	239160.00	2152440.00
473	21	548	125	49.000	326291.00	15988259.00
474	372	680	49	12.000	140822.00	1689864.00
475	330	662	148	14.000	958633.00	13420862.00
476	340	78	144	39.000	578854.00	22575306.00
477	103	857	35	29.000	582115.00	16881335.00
478	115	532	14	41.000	218712.00	8967192.00
479	345	763	73	34.000	335959.00	11422606.00
480	206	303	93	41.000	750381.00	30765621.00
481	404	361	80	49.000	383235.00	18778515.00
482	399	802	100	6.000	864984.00	5189904.00
483	391	88	17	2.000	666701.00	1333402.00
484	16	749	56	50.000	918098.00	45904900.00
485	124	380	18	2.000	314402.00	628804.00
486	75	875	88	17.000	653907.00	11116419.00
487	182	917	32	26.000	339685.00	8831810.00
488	59	32	20	19.000	936315.00	17789985.00
489	392	542	4	46.000	621797.00	28602662.00
490	145	542	109	43.000	357109.00	15355687.00
491	252	158	78	14.000	268357.00	3756998.00
492	342	971	2	5.000	421939.00	2109695.00
493	85	902	52	42.000	493813.00	20740146.00
494	48	857	145	14.000	68724.00	962136.00
495	296	627	13	10.000	927245.00	9272450.00
496	136	139	45	44.000	126508.00	5566352.00
497	487	54	2	27.000	531099.00	14339673.00
498	386	803	143	39.000	125027.00	4876053.00
499	163	312	142	8.000	163385.00	1307080.00
500	80	404	133	38.000	568279.00	21594602.00
501	492	146	132	32.000	237554.00	7601728.00
502	141	937	99	15.000	103054.00	1545810.00
503	284	876	84	24.000	651149.00	15627576.00
504	36	260	38	27.000	941461.00	25419447.00
505	417	197	141	45.000	124960.00	5623200.00
506	68	208	140	37.000	854429.00	31613873.00
507	12	468	47	25.000	274778.00	6869450.00
508	419	522	31	38.000	265938.00	10105644.00
509	17	806	21	34.000	583160.00	19827440.00
510	403	276	146	34.000	76381.00	2596954.00
511	385	631	139	2.000	421184.00	842368.00
512	287	795	27	42.000	419022.00	17598924.00
513	40	116	118	18.000	15832.00	284976.00
514	234	14	118	30.000	473795.00	14213850.00
515	287	98	14	47.000	689155.00	32390285.00
516	63	19	135	27.000	112099.00	3026673.00
517	404	54	47	27.000	112110.00	3026970.00
518	88	688	5	20.000	929668.00	18593360.00
519	236	201	59	9.000	316738.00	2850642.00
520	63	13	65	4.000	399958.00	1599832.00
521	486	697	134	13.000	313109.00	4070417.00
522	482	387	36	36.000	310799.00	11188764.00
523	420	785	9	48.000	673204.00	32313792.00
524	310	461	36	9.000	150465.00	1354185.00
525	38	566	83	7.000	493251.00	3452757.00
526	375	42	68	22.000	177498.00	3904956.00
527	180	260	148	39.000	898006.00	35022234.00
528	415	531	52	50.000	269530.00	13476500.00
529	445	646	137	42.000	72683.00	3052686.00
530	470	936	46	5.000	622625.00	3113125.00
531	336	387	42	37.000	205684.00	7610308.00
532	451	235	82	6.000	920195.00	5521170.00
533	378	21	49	44.000	966248.00	42514912.00
534	437	784	55	47.000	597359.00	28075873.00
535	386	21	23	3.000	413537.00	1240611.00
536	283	572	127	36.000	446439.00	16071804.00
537	415	953	52	2.000	894627.00	1789254.00
538	173	213	126	30.000	551277.00	16538310.00
539	341	515	123	32.000	781948.00	25022336.00
540	94	698	79	33.000	143377.00	4731441.00
541	379	861	49	34.000	743620.00	25283080.00
542	272	174	93	30.000	214741.00	6442230.00
543	364	703	90	26.000	312296.00	8119696.00
544	366	893	51	42.000	105059.00	4412478.00
545	147	425	121	2.000	590323.00	1180646.00
546	353	194	67	25.000	974625.00	24365625.00
547	172	790	35	3.000	266129.00	798387.00
548	14	592	29	29.000	800209.00	23206061.00
549	89	86	91	7.000	160356.00	1122492.00
550	69	8	65	29.000	835513.00	24229877.00
551	497	972	107	31.000	685299.00	21244269.00
552	191	716	143	17.000	616130.00	10474210.00
553	436	347	55	16.000	771176.00	12338816.00
554	284	30	101	40.000	602180.00	24087200.00
555	76	607	73	23.000	677167.00	15574841.00
556	43	262	92	36.000	76603.00	2757708.00
557	322	207	115	49.000	728808.00	35711592.00
558	12	406	111	25.000	382070.00	9551750.00
559	9	73	144	47.000	17860.00	839420.00
560	114	121	53	2.000	519967.00	1039934.00
561	194	93	129	48.000	901419.00	43268112.00
562	45	559	64	36.000	928807.00	33437052.00
563	435	61	88	46.000	148075.00	6811450.00
564	25	585	36	26.000	504867.00	13126542.00
565	226	170	10	9.000	766826.00	6901434.00
566	236	670	60	8.000	918511.00	7348088.00
567	434	392	73	47.000	403999.00	18987953.00
568	261	314	12	18.000	171774.00	3091932.00
569	247	720	128	4.000	793696.00	3174784.00
570	449	745	41	37.000	422984.00	15650408.00
571	315	753	85	12.000	547786.00	6573432.00
572	442	173	111	4.000	505439.00	2021756.00
573	461	984	67	5.000	220936.00	1104680.00
574	409	810	120	15.000	170345.00	2555175.00
575	264	148	118	10.000	704755.00	7047550.00
576	391	266	78	3.000	121376.00	364128.00
577	151	71	31	2.000	740457.00	1480914.00
578	201	329	87	41.000	434415.00	17811015.00
579	37	11	47	37.000	601634.00	22260458.00
580	424	956	140	33.000	618715.00	20417595.00
581	308	110	67	3.000	995950.00	2987850.00
582	190	150	29	45.000	200582.00	9026190.00
583	471	230	67	32.000	391295.00	12521440.00
584	191	125	137	27.000	128169.00	3460563.00
585	437	21	9	30.000	458675.00	13760250.00
586	88	614	82	41.000	782300.00	32074300.00
587	266	635	28	45.000	921645.00	41474025.00
588	443	949	116	14.000	495349.00	6934886.00
589	302	682	89	22.000	845379.00	18598338.00
590	154	366	144	31.000	918947.00	28487357.00
591	409	934	6	26.000	16629.00	432354.00
592	239	551	53	42.000	777767.00	32666214.00
593	302	167	55	49.000	558625.00	27372625.00
594	425	190	125	19.000	679256.00	12905864.00
595	257	719	9	38.000	993709.00	37760942.00
596	107	326	139	49.000	951831.00	46639719.00
597	270	210	131	4.000	610993.00	2443972.00
598	29	829	58	4.000	874381.00	3497524.00
599	54	108	43	25.000	375698.00	9392450.00
600	27	103	7	35.000	201818.00	7063630.00
601	295	506	26	8.000	108459.00	867672.00
602	416	555	55	24.000	36655.00	879720.00
603	92	974	142	31.000	449775.00	13943025.00
604	45	283	34	1.000	597440.00	597440.00
605	205	22	132	29.000	730564.00	21186356.00
606	190	784	94	19.000	539971.00	10259449.00
607	101	308	5	28.000	19652.00	550256.00
608	41	764	117	16.000	658955.00	10543280.00
609	98	864	107	28.000	919754.00	25753112.00
610	385	826	45	29.000	73931.00	2143999.00
611	38	134	51	23.000	42222.00	971106.00
612	352	291	122	31.000	677744.00	21010064.00
613	178	685	7	42.000	177062.00	7436604.00
614	106	267	150	20.000	344816.00	6896320.00
615	472	461	128	2.000	39387.00	78774.00
616	152	742	89	24.000	723307.00	17359368.00
617	405	172	120	5.000	17640.00	88200.00
618	420	277	95	1.000	834520.00	834520.00
619	327	115	45	4.000	548623.00	2194492.00
620	373	628	148	34.000	518750.00	17637500.00
621	59	92	48	12.000	965003.00	11580036.00
622	296	946	36	28.000	896337.00	25097436.00
623	19	11	62	44.000	441774.00	19438056.00
624	51	883	96	13.000	997567.00	12968371.00
625	167	653	105	16.000	899935.00	14398960.00
626	47	267	96	47.000	328340.00	15431980.00
627	208	676	79	28.000	441044.00	12349232.00
628	452	208	141	29.000	458503.00	13296587.00
629	85	390	135	5.000	619085.00	3095425.00
630	29	958	96	25.000	389929.00	9748225.00
631	64	314	119	29.000	952054.00	27609566.00
632	69	745	43	47.000	835838.00	39284386.00
633	190	883	61	35.000	72281.00	2529835.00
634	144	537	71	22.000	456161.00	10035542.00
635	317	679	60	25.000	696773.00	17419325.00
636	352	436	89	47.000	412135.00	19370345.00
637	441	948	72	8.000	766573.00	6132584.00
638	347	129	35	20.000	664526.00	13290520.00
639	202	143	59	38.000	675870.00	25683060.00
640	53	529	96	27.000	33995.00	917865.00
641	360	80	118	44.000	651881.00	28682764.00
642	348	454	11	37.000	266643.00	9865791.00
643	6	807	90	20.000	639250.00	12785000.00
644	226	289	22	50.000	704277.00	35213850.00
645	333	522	2	14.000	375298.00	5254172.00
646	241	409	12	17.000	681773.00	11590141.00
647	243	80	93	35.000	483636.00	16927260.00
648	400	436	103	36.000	861299.00	31006764.00
649	257	642	32	35.000	226667.00	7933345.00
650	238	549	78	9.000	696018.00	6264162.00
651	219	985	102	44.000	447242.00	19678648.00
652	342	634	122	1.000	886639.00	886639.00
653	174	117	95	16.000	236775.00	3788400.00
654	498	36	141	11.000	244823.00	2693053.00
655	219	405	3	18.000	780870.00	14055660.00
656	300	415	93	21.000	811105.00	17033205.00
657	390	826	124	38.000	139937.00	5317606.00
658	211	799	99	35.000	229675.00	8038625.00
659	163	205	22	29.000	754077.00	21868233.00
660	84	909	62	34.000	507463.00	17253742.00
661	304	842	46	29.000	671164.00	19463756.00
662	482	475	25	14.000	827071.00	11578994.00
663	197	750	32	28.000	424098.00	11874744.00
664	358	457	55	27.000	794599.00	21454173.00
665	224	156	127	28.000	869131.00	24335668.00
666	321	438	74	7.000	639355.00	4475485.00
667	65	839	133	46.000	648105.00	29812830.00
668	224	715	47	22.000	683669.00	15040718.00
669	197	467	115	35.000	160725.00	5625375.00
670	75	419	46	3.000	833303.00	2499909.00
671	387	313	80	25.000	938072.00	23451800.00
672	151	811	52	29.000	941077.00	27291233.00
673	462	439	39	29.000	980069.00	28422001.00
674	352	268	128	29.000	947715.00	27483735.00
675	49	563	88	47.000	270030.00	12691410.00
676	414	754	62	24.000	926364.00	22232736.00
677	40	296	70	12.000	368542.00	4422504.00
678	205	812	94	32.000	9327.00	298464.00
679	205	321	62	17.000	47691.00	810747.00
680	308	117	26	50.000	538951.00	26947550.00
681	289	922	54	22.000	911181.00	20045982.00
682	452	567	77	33.000	987999.00	32603967.00
683	266	203	102	26.000	613172.00	15942472.00
684	297	259	6	43.000	162715.00	6996745.00
685	293	820	34	28.000	538699.00	15083572.00
686	255	842	123	35.000	513226.00	17962910.00
687	396	604	31	21.000	59977.00	1259517.00
688	122	468	63	4.000	610895.00	2443580.00
689	360	166	100	33.000	492359.00	16247847.00
690	248	368	70	50.000	822783.00	41139150.00
691	264	330	78	20.000	793220.00	15864400.00
692	97	534	141	12.000	596093.00	7153116.00
693	299	995	98	6.000	491052.00	2946312.00
694	428	541	117	20.000	609217.00	12184340.00
695	149	276	75	10.000	686749.00	6867490.00
696	363	804	13	41.000	840679.00	34467839.00
697	374	762	137	32.000	103529.00	3312928.00
698	285	117	8	33.000	738009.00	24354297.00
699	395	222	7	44.000	357342.00	15723048.00
700	42	120	5	3.000	837268.00	2511804.00
701	136	135	96	39.000	868628.00	33876492.00
702	318	171	90	14.000	53192.00	744688.00
703	408	413	147	29.000	381703.00	11069387.00
704	476	743	108	20.000	564517.00	11290340.00
705	69	977	3	38.000	700846.00	26632148.00
706	306	717	105	37.000	964499.00	35686463.00
707	203	825	109	49.000	728559.00	35699391.00
708	103	928	133	30.000	796871.00	23906130.00
709	112	877	110	39.000	141940.00	5535660.00
710	22	224	17	17.000	612426.00	10411242.00
711	193	712	61	16.000	842702.00	13483232.00
712	479	960	136	13.000	984537.00	12798981.00
713	412	706	66	47.000	212742.00	9998874.00
714	47	301	110	1.000	54869.00	54869.00
715	164	325	30	30.000	536376.00	16091280.00
716	268	21	22	19.000	556340.00	10570460.00
717	264	905	43	21.000	13014.00	273294.00
718	192	900	75	9.000	36859.00	331731.00
719	485	673	6	21.000	931462.00	19560702.00
720	296	157	116	2.000	543521.00	1087042.00
721	355	689	31	33.000	796829.00	26295357.00
722	5	725	70	8.000	206038.00	1648304.00
723	28	35	43	26.000	918712.00	23886512.00
724	222	237	101	7.000	7892.00	55244.00
725	34	252	78	20.000	312263.00	6245260.00
726	411	702	19	6.000	884543.00	5307258.00
727	144	519	87	3.000	466124.00	1398372.00
728	435	384	102	33.000	810885.00	26759205.00
729	68	550	49	36.000	841451.00	30292236.00
730	24	443	114	26.000	298097.00	7750522.00
731	129	359	15	22.000	838501.00	18447022.00
732	65	598	22	33.000	775876.00	25603908.00
733	327	926	33	10.000	393638.00	3936380.00
734	268	589	89	33.000	208064.00	6866112.00
735	177	883	13	17.000	496129.00	8434193.00
736	131	584	67	41.000	792579.00	32495739.00
737	10	621	101	43.000	770430.00	33128490.00
738	411	787	1	6.000	589629.00	3537774.00
739	492	111	138	44.000	57197.00	2516668.00
740	144	214	111	48.000	703226.00	33754848.00
741	199	945	91	13.000	693261.00	9012393.00
742	231	215	77	23.000	25375.00	583625.00
743	297	798	64	43.000	530149.00	22796407.00
744	307	419	16	21.000	38809.00	814989.00
745	415	342	45	4.000	917420.00	3669680.00
746	393	840	86	14.000	328994.00	4605916.00
747	426	283	110	29.000	476960.00	13831840.00
748	125	595	141	18.000	530108.00	9541944.00
749	470	163	65	39.000	440764.00	17189796.00
750	450	281	83	13.000	808319.00	10508147.00
751	5	461	84	9.000	642185.00	5779665.00
752	497	276	51	13.000	316388.00	4113044.00
753	474	183	7	3.000	633206.00	1899618.00
754	205	780	83	25.000	381923.00	9548075.00
755	287	823	98	31.000	29958.00	928698.00
756	138	188	23	35.000	786093.00	27513255.00
757	234	777	11	27.000	965763.00	26075601.00
758	179	761	65	43.000	412357.00	17731351.00
759	69	396	35	23.000	239732.00	5513836.00
760	46	697	87	45.000	26789.00	1205505.00
761	345	941	119	8.000	868307.00	6946456.00
762	185	18	109	29.000	640307.00	18568903.00
763	499	912	130	42.000	438853.00	18431826.00
764	175	973	85	5.000	409732.00	2048660.00
765	72	42	51	28.000	583585.00	16340380.00
766	338	979	11	3.000	836531.00	2509593.00
767	65	874	66	20.000	833959.00	16679180.00
768	25	888	103	24.000	386825.00	9283800.00
769	175	174	77	20.000	6798.00	135960.00
770	212	4	30	36.000	871683.00	31380588.00
771	127	97	19	20.000	569379.00	11387580.00
772	275	450	89	16.000	728654.00	11658464.00
773	295	907	2	34.000	577645.00	19639930.00
774	430	586	96	7.000	185028.00	1295196.00
775	330	655	105	41.000	115608.00	4739928.00
776	138	863	119	25.000	343339.00	8583475.00
777	325	173	72	14.000	584073.00	8177022.00
778	367	319	125	34.000	71429.00	2428586.00
779	75	879	51	25.000	306999.00	7674975.00
780	292	673	60	18.000	898608.00	16174944.00
781	145	469	114	42.000	920753.00	38671626.00
782	154	346	147	50.000	404393.00	20219650.00
783	153	285	130	29.000	911815.00	26442635.00
784	327	494	18	5.000	893996.00	4469980.00
785	17	47	35	24.000	989087.00	23738088.00
786	355	424	136	5.000	14676.00	73380.00
787	155	993	31	41.000	772838.00	31686358.00
788	130	261	137	43.000	918800.00	39508400.00
789	100	598	140	16.000	900002.00	14400032.00
790	233	329	79	28.000	598272.00	16751616.00
791	228	40	110	27.000	922308.00	24902316.00
792	201	331	146	5.000	446945.00	2234725.00
793	324	690	100	20.000	368774.00	7375480.00
794	229	723	27	27.000	17700.00	477900.00
795	398	859	81	49.000	476994.00	23372706.00
796	227	156	124	27.000	616314.00	16640478.00
797	119	591	92	31.000	389216.00	12065696.00
798	290	941	115	28.000	580276.00	16247728.00
799	204	653	55	3.000	335038.00	1005114.00
800	410	318	17	2.000	821187.00	1642374.00
801	267	317	132	47.000	228580.00	10743260.00
802	376	115	81	36.000	749179.00	26970444.00
803	468	131	104	3.000	226152.00	678456.00
804	29	603	51	22.000	416780.00	9169160.00
805	94	220	20	47.000	784317.00	36862899.00
806	454	771	20	49.000	165591.00	8113959.00
807	73	562	23	31.000	719606.00	22307786.00
808	97	430	41	3.000	183725.00	551175.00
809	42	195	21	17.000	404242.00	6872114.00
810	220	197	96	27.000	2900.00	78300.00
811	455	267	127	7.000	848112.00	5936784.00
812	481	518	21	17.000	636583.00	10821911.00
813	479	893	71	24.000	222133.00	5331192.00
814	488	863	52	12.000	79616.00	955392.00
815	83	376	68	5.000	708610.00	3543050.00
816	242	150	138	26.000	590861.00	15362386.00
817	206	531	8	15.000	587569.00	8813535.00
818	86	682	12	33.000	708316.00	23374428.00
819	487	764	78	28.000	789185.00	22097180.00
820	220	519	147	39.000	806540.00	31455060.00
821	419	758	2	14.000	600472.00	8406608.00
822	40	94	16	38.000	342480.00	13014240.00
823	243	530	123	47.000	557859.00	26219373.00
824	374	759	35	8.000	419845.00	3358760.00
825	411	786	21	19.000	750285.00	14255415.00
826	470	656	45	30.000	686800.00	20604000.00
827	184	73	65	5.000	567674.00	2838370.00
828	349	208	10	16.000	206075.00	3297200.00
829	415	471	135	42.000	87898.00	3691716.00
830	54	511	96	13.000	175479.00	2281227.00
831	413	224	37	39.000	407885.00	15907515.00
832	393	176	144	38.000	684693.00	26018334.00
833	446	389	116	39.000	826058.00	32216262.00
834	330	376	53	24.000	125564.00	3013536.00
835	84	633	110	36.000	341514.00	12294504.00
836	72	42	63	30.000	240244.00	7207320.00
837	495	995	23	46.000	431786.00	19862156.00
838	131	629	85	36.000	10993.00	395748.00
839	229	649	11	49.000	177642.00	8704458.00
840	224	717	42	14.000	266556.00	3731784.00
841	392	268	69	38.000	335642.00	12754396.00
842	51	13	58	28.000	692718.00	19396104.00
843	78	785	9	49.000	770506.00	37754794.00
844	456	722	14	44.000	405069.00	17823036.00
845	238	470	15	7.000	895440.00	6268080.00
846	396	960	147	19.000	189578.00	3601982.00
847	239	507	131	44.000	30744.00	1352736.00
848	246	645	19	38.000	572089.00	21739382.00
849	313	862	77	17.000	950191.00	16153247.00
850	41	342	8	17.000	45183.00	768111.00
851	166	609	70	22.000	586556.00	12904232.00
852	210	81	3	24.000	7813.00	187512.00
853	143	22	41	4.000	617117.00	2468468.00
854	2	679	104	18.000	793608.00	14284944.00
855	7	162	132	19.000	596133.00	11326527.00
856	114	511	139	42.000	993011.00	41706462.00
857	458	883	89	12.000	257637.00	3091644.00
858	497	373	88	22.000	381963.00	8403186.00
859	58	787	2	28.000	269165.00	7536620.00
860	153	650	142	36.000	881790.00	31744440.00
861	477	400	57	39.000	845219.00	32963541.00
862	416	594	77	32.000	858264.00	27464448.00
863	127	309	47	16.000	952981.00	15247696.00
864	50	217	117	6.000	630309.00	3781854.00
865	237	272	88	5.000	738573.00	3692865.00
866	489	723	129	43.000	123290.00	5301470.00
867	467	405	24	46.000	58731.00	2701626.00
868	441	89	123	9.000	274470.00	2470230.00
869	3	584	131	35.000	270181.00	9456335.00
870	481	143	42	49.000	538627.00	26392723.00
871	435	592	125	34.000	626181.00	21290154.00
872	483	307	27	39.000	129143.00	5036577.00
873	226	754	97	34.000	615987.00	20943558.00
874	93	27	105	35.000	678748.00	23756180.00
875	65	270	85	49.000	76132.00	3730468.00
876	119	658	124	30.000	862368.00	25871040.00
877	60	9	100	31.000	608865.00	18874815.00
878	398	889	68	5.000	894923.00	4474615.00
879	247	178	142	42.000	32809.00	1377978.00
880	150	985	58	31.000	307342.00	9527602.00
881	268	370	129	16.000	776028.00	12416448.00
882	459	60	51	47.000	660344.00	31036168.00
883	69	641	113	23.000	937709.00	21567307.00
884	66	989	15	27.000	501368.00	13536936.00
885	435	621	96	37.000	802550.00	29694350.00
886	73	108	139	26.000	531716.00	13824616.00
887	244	407	2	12.000	484630.00	5815560.00
888	98	427	133	6.000	511383.00	3068298.00
889	234	594	73	31.000	834192.00	25859952.00
890	498	535	37	33.000	465718.00	15368694.00
891	109	285	145	9.000	981277.00	8831493.00
892	464	273	55	15.000	729543.00	10943145.00
893	451	413	81	39.000	712383.00	27782937.00
894	469	633	79	43.000	481692.00	20712756.00
895	174	5	68	6.000	95894.00	575364.00
896	211	293	54	1.000	363366.00	363366.00
897	7	139	60	50.000	158665.00	7933250.00
898	129	817	86	7.000	612945.00	4290615.00
899	42	792	132	12.000	165359.00	1984308.00
900	172	187	139	40.000	537336.00	21493440.00
901	92	180	125	8.000	102185.00	817480.00
902	113	507	65	41.000	780242.00	31989922.00
903	292	779	133	2.000	81865.00	163730.00
904	358	373	1	20.000	444613.00	8892260.00
905	451	23	148	3.000	309958.00	929874.00
906	77	457	21	50.000	139995.00	6999750.00
907	31	556	144	45.000	327304.00	14728680.00
908	165	157	17	35.000	708445.00	24795575.00
909	222	898	120	49.000	40070.00	1963430.00
910	367	393	105	17.000	407454.00	6926718.00
911	429	82	140	16.000	577428.00	9238848.00
912	413	822	16	41.000	37218.00	1525938.00
913	210	239	69	33.000	185627.00	6125691.00
914	77	97	60	2.000	27903.00	55806.00
915	252	38	42	18.000	617288.00	11111184.00
916	372	373	129	28.000	615676.00	17238928.00
917	71	146	147	24.000	400117.00	9602808.00
918	217	98	122	39.000	656380.00	25598820.00
919	63	322	19	25.000	723214.00	18080350.00
920	262	386	140	24.000	260497.00	6251928.00
961	162	443	124	27.000	768305.00	20744235.00
962	362	89	13	5.000	558037.00	2790185.00
963	142	761	80	35.000	821630.00	28757050.00
964	311	109	98	35.000	998975.00	34964125.00
965	326	24	27	20.000	30049.00	600980.00
966	16	280	101	15.000	569890.00	8548350.00
967	130	446	116	9.000	319672.00	2877048.00
968	474	41	137	1.000	480187.00	480187.00
969	342	23	3	39.000	287929.00	11229231.00
970	220	774	77	37.000	542355.00	20067135.00
971	138	916	78	25.000	627954.00	15698850.00
972	227	793	63	45.000	262521.00	11813445.00
973	221	495	19	30.000	908770.00	27263100.00
974	65	381	8	34.000	831573.00	28273482.00
975	468	674	121	12.000	790212.00	9482544.00
976	154	32	35	15.000	693640.00	10404600.00
977	460	12	144	15.000	968744.00	14531160.00
978	42	496	126	43.000	156124.00	6713332.00
979	218	507	124	24.000	489548.00	11749152.00
980	14	537	103	11.000	931016.00	10241176.00
981	290	807	43	45.000	330412.00	14868540.00
982	409	305	12	50.000	286167.00	14308350.00
983	200	124	100	5.000	869213.00	4346065.00
984	91	857	110	37.000	952225.00	35232325.00
985	100	218	6	5.000	560504.00	2802520.00
986	160	443	34	44.000	689650.00	30344600.00
987	429	689	97	43.000	778666.00	33482638.00
988	152	442	83	3.000	256412.00	769236.00
989	335	463	87	13.000	445009.00	5785117.00
990	474	740	98	12.000	942885.00	11314620.00
991	449	92	91	41.000	980833.00	40214153.00
992	9	897	146	46.000	721699.00	33198154.00
993	198	169	78	38.000	913186.00	34701068.00
994	124	989	77	22.000	817012.00	17974264.00
995	450	640	17	42.000	355929.00	14949018.00
996	207	717	131	22.000	49472.00	1088384.00
997	23	902	48	3.000	743941.00	2231823.00
998	4	448	140	34.000	901597.00	30654298.00
999	221	563	71	9.000	987710.00	8889390.00
1000	485	916	26	29.000	531093.00	15401697.00
1	121	158	79	37.000	505811.00	18715007.00
2	488	397	31	38.000	881881.00	33511478.00
3	225	37	46	3.000	335749.00	1007247.00
4	176	371	80	38.000	566634.00	21532092.00
5	119	702	70	9.000	428968.00	3860712.00
6	451	196	122	8.000	924964.00	7399712.00
7	76	89	127	16.000	707073.00	11313168.00
8	152	253	109	17.000	700447.00	11907599.00
9	168	352	140	23.000	470425.00	10819775.00
10	177	568	107	22.000	793348.00	17453656.00
11	333	606	43	29.000	498974.00	14470246.00
12	421	658	148	14.000	119681.00	1675534.00
13	178	43	35	10.000	449451.00	4494510.00
14	214	986	71	19.000	734543.00	13956317.00
15	448	580	97	18.000	788671.00	14196078.00
16	168	411	3	35.000	637804.00	22323140.00
17	312	71	124	3.000	781832.00	2345496.00
18	390	808	36	24.000	658272.00	15798528.00
19	20	810	44	32.000	275219.00	8807008.00
20	255	387	22	16.000	843132.00	13490112.00
21	397	209	130	48.000	21773.00	1045104.00
22	287	797	121	10.000	6274.00	62740.00
23	337	967	79	11.000	63410.00	697510.00
24	333	354	14	21.000	98463.00	2067723.00
25	312	141	44	48.000	438237.00	21035376.00
26	479	712	13	16.000	495280.00	7924480.00
27	228	859	45	23.000	207264.00	4767072.00
28	18	624	76	4.000	714968.00	2859872.00
29	146	56	54	48.000	766353.00	36784944.00
30	210	92	34	11.000	246792.00	2714712.00
31	79	194	144	18.000	294803.00	5306454.00
32	162	571	13	45.000	102228.00	4600260.00
33	229	484	142	10.000	315881.00	3158810.00
34	4	818	5	27.000	912369.00	24633963.00
35	491	946	7	30.000	811377.00	24341310.00
36	224	230	110	42.000	993512.00	41727504.00
37	318	42	84	45.000	522602.00	23517090.00
38	315	582	113	43.000	925472.00	39795296.00
39	495	512	97	44.000	197145.00	8674380.00
40	348	889	31	27.000	772843.00	20866761.00
921	39	172	80	11.000	665101.00	7316111.00
922	368	136	88	25.000	856646.00	21416150.00
923	260	935	51	42.000	72846.00	3059532.00
924	460	877	38	5.000	472605.00	2363025.00
925	443	96	108	35.000	79809.00	2793315.00
926	404	856	145	3.000	163261.00	489783.00
927	146	144	73	9.000	575457.00	5179113.00
928	96	359	28	45.000	156515.00	7043175.00
929	490	376	135	33.000	881342.00	29084286.00
930	33	221	95	30.000	900009.00	27000270.00
931	400	779	102	25.000	207210.00	5180250.00
932	197	522	99	49.000	190692.00	9343908.00
933	113	219	14	15.000	304095.00	4561425.00
934	177	150	61	12.000	547836.00	6574032.00
935	361	801	59	6.000	252708.00	1516248.00
936	342	625	8	16.000	252799.00	4044784.00
937	86	366	100	20.000	547023.00	10940460.00
938	488	641	63	9.000	222049.00	1998441.00
939	285	359	139	32.000	748396.00	23948672.00
940	366	942	70	31.000	615669.00	19085739.00
941	402	82	84	37.000	680534.00	25179758.00
942	341	423	49	38.000	254555.00	9673090.00
943	283	815	52	16.000	305308.00	4884928.00
944	492	438	18	48.000	178725.00	8578800.00
945	305	936	143	4.000	253534.00	1014136.00
946	233	787	27	2.000	151919.00	303838.00
947	495	642	21	11.000	20660.00	227260.00
948	375	392	22	26.000	940064.00	24441664.00
949	163	8	130	12.000	346796.00	4161552.00
950	467	985	61	2.000	547199.00	1094398.00
951	474	236	26	44.000	565880.00	24898720.00
952	293	167	72	35.000	716493.00	25077255.00
953	164	166	146	39.000	162786.00	6348654.00
954	383	151	98	29.000	252579.00	7324791.00
955	33	125	25	4.000	272169.00	1088676.00
956	185	131	72	32.000	381542.00	12209344.00
957	298	362	135	10.000	620057.00	6200570.00
958	210	511	105	14.000	103326.00	1446564.00
959	222	727	53	49.000	291851.00	14300699.00
960	181	629	135	18.000	21594.00	388692.00
\.


--
-- Data for Name: orders; Type: TABLE DATA; Schema: public; Owner: gb_user
--

COPY public.orders (orderid, userid, orderstatusid, customername, customertel, customeremail, contactperson, isdelivery, deliveryaddress, isonlinepay, inn, bik, rasch, bank, ordernote, ordertime, ordersum, deliverysum, lastchagestime) FROM stdin;
1	8	6	Carson Fisher	1-843-216-3718	proin.non@google.ca	Rose Whitaker	f	461-8412 Adipiscing Rd.	f	0363 785 9713	835818	RS41056168786293525765	Adobe	malesuada augue ut lacus. Nulla tincidunt, neque vitae semper egestas,	2022-06-08 10:57:54	450789.00	36644.00	2021-12-10 04:34:48
2	43	4	Chantale Alston	1-452-318-4156	neque.tellus.imperdiet@aol.org	Quin Davenport	f	6616 Amet Road	f	0850 373 6956	5716	HR3315411119594003858	Yahoo	ante, iaculis nec, eleifend non, dapibus	2021-08-05 19:49:45	682981.00	20767.00	2023-01-29 21:38:28
3	44	6	Marcia Galloway	1-475-386-7643	in@aol.com	Maryam Flynn	t	P.O. Box 459, 7952 Ac Street	f	(0114) 366 1104	7612 IO	SK3214792121343592460527	Borland	pede et risus. Quisque libero lacus, varius et, euismod	2023-04-12 11:46:13	127958.00	43798.00	2023-01-15 20:55:43
4	77	3	Vanna Estes	1-293-511-4869	sit.amet@protonmail.com	Cameron Wise	t	126-2511 Odio. Avenue	t	055 1749 6011	848296	HR4969584619327683524	Chami	nonummy ut, molestie in, tempus eu, ligula. Aenean	2021-12-03 03:35:14	945776.00	31601.00	2021-06-21 10:21:10
5	46	6	Kasimir Lott	1-296-711-4619	sollicitudin.a@icloud.com	Damian Lyons	f	858-2573 Consectetuer Road	t	070 1881 5536	328933	MK69556111319573969	Sibelius	Nunc mauris elit, dictum eu,	2022-01-19 04:50:57	883593.00	60194.00	2021-09-09 04:29:51
6	78	6	Jordan Kennedy	(313) 828-3458	pede.nec@google.org	Elaine Torres	f	Ap #626-5809 Nisi. Ave	t	(016977) 1189	3756-3323	SK2164854970653031126388	Yahoo	Phasellus fermentum convallis ligula. Donec luctus	2023-05-04 04:19:51	120923.00	57464.00	2021-06-02 20:48:06
7	12	4	Guy Bradford	(745) 545-5379	felis.ullamcorper@google.couk	Curran Chandler	t	P.O. Box 517, 8227 Scelerisque Ave	f	0837 388 5440	5250	IS372372411871735176561634	Cakewalk	et risus. Quisque libero lacus, varius et,	2023-01-14 21:16:05	975750.00	87928.00	2022-12-18 19:35:30
8	15	6	Marcia Parsons	(758) 828-4671	magna@aol.net	Ella Gill	t	Ap #612-4248 Ligula. Av.	f	(017646) 88286	26873	PK0719011174634163671160	Microsoft	ac sem ut dolor dapibus	2023-02-08 00:43:26	636777.00	52530.00	2021-06-15 09:48:58
9	88	3	Quinn Landry	1-665-221-1904	dolor@protonmail.com	Gray Riggs	f	414-5927 A Rd.	f	0845 46 43	LH6 8QF	FO5287375417623978	Apple	euismod et, commodo at, libero. Morbi accumsan laoreet	2022-05-22 06:41:55	839192.00	40508.00	2023-01-27 21:08:21
10	24	4	Connor Long	(938) 755-4523	lorem@icloud.ca	Aiko Bradshaw	f	4541 Ligula Ave	t	056 3351 6373	26811	DK3166647226872212	Sibelius	consectetuer euismod est arcu ac orci. Ut semper pretium neque.	2022-05-16 09:30:26	804607.00	86226.00	2023-01-05 06:48:43
11	71	2	Hadassah O'brien	(331) 615-3462	sed.eu.nibh@yahoo.edu	Andrew Mcmahon	t	881-2530 Sit Rd.	t	(01556) 42576	31265	AE071833376955305506978	Sibelius	aliquet libero. Integer in magna. Phasellus dolor	2021-07-02 17:02:22	819766.00	67041.00	2021-11-20 06:52:27
12	24	6	Keelie Mcbride	(913) 767-7887	iaculis@outlook.couk	Urielle Gregory	t	700 Felis, Street	t	(0121) 833 8753	586243	FR6625452728158889438858284	Cakewalk	suscipit, est ac facilisis facilisis, magna	2022-04-30 13:07:38	613951.00	20873.00	2023-03-12 14:56:57
13	13	2	Orla Pruitt	1-876-462-7526	facilisis@outlook.edu	Roanna Collins	f	269-1046 Nunc. Av.	f	0965 022 2889	76-71	FI6327717698181574	Cakewalk	ut cursus luctus, ipsum leo elementum sem, vitae aliquam	2021-10-25 16:46:18	159349.00	87827.00	2023-01-17 10:21:12
14	58	6	Moana Barr	1-818-422-4746	felis.adipiscing@icloud.couk	Vaughan Velasquez	f	1742 Placerat, Avenue	f	056 9522 4233	40928	HR9752586316878027007	Google	leo. Vivamus nibh dolor, nonummy ac, feugiat non, lobortis	2021-11-29 11:03:40	428705.00	34598.00	2022-10-23 00:06:43
15	7	3	Sybil Mathis	1-380-477-7003	mus@hotmail.com	Camden Rose	t	650-8511 Eget, Av.	f	0800 1111	27666	AD7173476289315114565719	Cakewalk	Duis elementum, dui quis accumsan convallis, ante lectus convallis	2022-02-15 15:56:23	499389.00	3939.00	2023-04-19 04:25:24
16	87	5	Mark Fox	1-211-316-5585	ornare.sagittis.felis@aol.edu	Simon Jarvis	t	Ap #645-1744 Lorem. Av.	t	0800 332697	4765-3235	CY58569125592291116140246024	Lavasoft	tellus id nunc interdum feugiat. Sed	2022-01-27 20:37:56	674841.00	37894.00	2023-04-26 11:05:13
17	69	6	Orlando Perry	(925) 206-1750	metus.facilisis.lorem@outlook.net	Hoyt Duke	f	Ap #167-8264 Malesuada Rd.	t	(01180) 018572	WW57 6RK	GI25RXTR140120235415286	Adobe	Duis dignissim tempor arcu. Vestibulum ut	2022-10-11 23:26:24	750141.00	88037.00	2022-07-02 05:21:07
18	11	5	Declan Stout	(966) 486-2342	amet.nulla@hotmail.couk	Felicia Roy	f	Ap #459-116 Mi Ave	t	0800 029 6156	6619 PH	MD7031322779241428615585	Microsoft	sollicitudin commodo ipsum. Suspendisse non leo. Vivamus nibh	2022-02-03 19:53:10	86697.00	63856.00	2021-06-03 07:47:00
19	17	4	Dexter Cline	1-735-453-3206	metus.vitae@icloud.net	Nola Rivas	t	P.O. Box 287, 3889 Magnis St.	f	(01693) 673423	11304	MC7346148921217154882747155	Google	et ultrices posuere cubilia Curae Phasellus	2021-09-24 08:00:10	73976.00	69373.00	2023-02-11 01:04:25
20	70	2	Ursa Lancaster	1-542-421-4431	vulputate.dui.nec@aol.com	Devin Fowler	t	P.O. Box 629, 5000 Sapien Av.	f	0845 46 43	98268	MU9166580327624491957763312771	Amazon	nec orci. Donec nibh. Quisque nonummy ipsum non arcu.	2022-06-26 13:43:23	378279.00	59414.00	2022-12-30 02:09:21
21	72	4	Ryder Horne	1-493-307-4142	in.tempus@hotmail.edu	Chaney Mccarty	f	6649 Justo St.	f	(0113) 817 7796	12140-37658	GR1271730570582611374805040	Apple	aliquam eu, accumsan sed, facilisis vitae, orci.	2022-05-16 18:32:05	570091.00	48845.00	2022-01-31 17:47:08
22	94	3	Cooper Francis	(484) 559-6088	amet.nulla.donec@aol.couk	Paul Mclaughlin	f	570-3313 Volutpat Rd.	t	056 2646 2646	83951-543	VG8749263477438636318156	Finale	facilisi. Sed neque. Sed eget lacus.	2023-01-19 23:29:29	195819.00	60128.00	2022-07-31 07:46:08
23	84	3	Fiona Morgan	(654) 789-8378	dolor.dolor.tempus@protonmail.com	Nolan Brooks	t	606-2579 Gravida Rd.	t	(01047) 73932	5407	RS40734244826616383325	Adobe	neque venenatis lacus. Etiam bibendum fermentum metus. Aenean sed	2021-09-17 22:22:16	48408.00	11423.00	2022-04-17 11:55:55
24	39	7	Garth Huber	1-575-575-5412	tristique@hotmail.com	Rinah Munoz	t	125-6097 Et, St.	t	056 1498 8123	85144	HU28615211524266617255733562	Apple	non, sollicitudin a, malesuada id, erat. Etiam	2022-03-15 08:01:46	508310.00	29668.00	2021-08-01 15:11:42
25	28	5	Thomas Walton	1-445-484-6385	vivamus@google.org	Timon Allen	f	P.O. Box 582, 3107 Et St.	f	07742 986393	5234	KW6645432837174856866151874192	Adobe	vitae risus. Duis a mi	2021-10-27 01:27:32	112643.00	20944.00	2021-09-30 10:57:37
26	86	3	Ivana Russell	(765) 323-9328	facilisis.facilisis@aol.org	Georgia Franklin	f	P.O. Box 103, 8156 Fames Rd.	f	(014199) 75762	942423	FR5115002435421080752090185	Google	lectus pede, ultrices a, auctor non, feugiat nec,	2023-05-03 20:43:23	453059.00	46459.00	2022-11-07 13:18:44
27	59	4	Chava Cline	1-649-819-7996	erat.neque@google.com	Jillian Everett	t	9836 Ut Rd.	f	056 7322 0477	978338	CZ3753022381576824161826	Borland	enim commodo hendrerit. Donec porttitor tellus non	2022-07-26 05:04:36	45605.00	2085.00	2021-12-07 08:16:26
28	76	3	Basia O'connor	1-252-304-9861	interdum.curabitur.dictum@outlook.ca	Galvin Watts	t	Ap #976-2141 Mauris, St.	t	0845 46 48	01565	GE22607454803692774922	Borland	dolor sit amet, consectetuer adipiscing elit.	2022-06-22 11:27:02	26484.00	61109.00	2022-01-23 08:10:39
29	23	5	Ezra Pennington	(781) 758-6889	quam@outlook.couk	Henry Sargent	f	P.O. Box 551, 2410 Tortor, Rd.	t	0906 286 1598	263364	MC5730397509845345348123448	Yahoo	lorem. Donec elementum, lorem ut	2022-03-27 03:36:18	70643.00	13644.00	2022-12-11 06:42:02
30	37	4	Karina Merrill	1-238-354-4047	pede@outlook.com	Lawrence Garrett	f	P.O. Box 763, 5273 Et Street	t	055 7727 6742	2451	LI8190142056316229553	Microsoft	quis turpis vitae purus gravida sagittis. Duis gravida. Praesent	2022-04-20 06:24:23	326500.00	31326.00	2023-01-05 12:06:46
31	66	5	Lisandra Haney	1-325-835-2175	ac.sem@hotmail.org	Travis Love	t	Ap #920-6690 Elit Rd.	f	0877 040 2477	3231 GI	PS462737123607545315436358523	Microsoft	Cum sociis natoque penatibus et	2022-10-12 01:35:36	670572.00	49124.00	2022-04-17 18:40:58
32	27	6	Leonard Ross	1-527-727-4119	eu.ligula@aol.net	Lawrence Flowers	t	Ap #673-9985 A, Rd.	f	07637 734823	51145	GI84QEUG276921808893133	Lavasoft	Nam ligula elit, pretium et, rutrum non, hendrerit	2022-11-28 06:35:20	420426.00	32524.00	2023-05-29 17:34:24
33	65	3	Nolan Haynes	1-661-828-1225	lorem.ipsum.dolor@outlook.edu	Jamal Briggs	f	745-3388 Bibendum Rd.	f	(01075) 23187	5701	KW7925860648785537699830502677	Apple	aliquet. Proin velit. Sed malesuada augue ut lacus. Nulla	2021-06-28 20:33:33	507191.00	57048.00	2022-05-16 04:53:32
34	17	3	Caldwell Berry	(453) 757-8910	mauris@outlook.com	Thane Knowles	f	Ap #677-6483 Nunc Av.	t	0800 1111	1315	CY20549781171386464724161583	Microsoft	litora torquent per conubia nostra, per inceptos hymenaeos. Mauris ut	2021-12-30 22:47:08	324357.00	98698.00	2021-07-22 06:45:46
35	99	4	Chelsea Fuller	(936) 146-3822	ut.tincidunt@outlook.ca	Tanner Preston	t	1797 Nullam Avenue	t	0800 1111	3852	PL37605455361625877041313587	Borland	lobortis quam a felis ullamcorper viverra. Maecenas	2022-10-07 19:58:45	417404.00	69103.00	2022-03-15 07:22:22
36	45	6	Graiden Tran	(846) 677-1631	ultricies.dignissim@protonmail.ca	Iliana Tate	t	Ap #481-3323 Vulputate Ave	t	(0115) 436 5568	859972	LT908953543936313257	Apple	dapibus rutrum, justo. Praesent luctus. Curabitur	2023-02-24 09:08:45	547425.00	77209.00	2023-02-16 15:35:22
37	82	3	Tamara Bowman	1-443-624-8437	volutpat.nulla.facilisis@hotmail.net	Hamilton George	f	7292 Lacus. Rd.	f	0800 487 6170	9849	SK4927773455150744477202	Apple	Fusce aliquam, enim nec tempus scelerisque, lorem ipsum sodales purus,	2022-10-24 10:08:51	362240.00	15135.00	2022-11-20 16:40:39
38	61	5	Octavius Mcdonald	1-516-783-5918	nec.tempus@protonmail.couk	Joseph Wilder	f	811-8274 Dictum Street	f	(01715) 067138	50584	MR8786424218566749381259431	Finale	elit, a feugiat tellus lorem eu	2023-04-27 14:48:27	139420.00	97953.00	2022-08-27 19:13:07
39	77	2	Gwendolyn Short	(476) 780-1735	pede.praesent@aol.edu	Colin Weber	t	P.O. Box 426, 1865 Neque. Street	f	0332 254 7937	670336	EE512247942757878568	Chami	orci sem eget massa. Suspendisse eleifend. Cras sed leo.	2021-06-07 19:15:40	809800.00	66780.00	2021-10-24 10:06:51
40	65	5	Raphael Stevens	(568) 636-4676	natoque.penatibus@icloud.net	Sopoline Kim	t	167-3404 Eu, Road	t	(024) 7857 8134	33897	DK5681222622870017	Lavasoft	Aenean euismod mauris eu elit. Nulla facilisi. Sed neque.	2022-05-15 21:36:20	123758.00	46038.00	2021-08-08 21:41:38
41	50	3	Driscoll Baldwin	1-933-945-7593	semper.egestas@google.ca	Upton Kelley	f	P.O. Box 544, 1187 Dolor. Street	t	0994 361 5687	UK21 6KV	MT72GBNH80183444368559862361346	Yahoo	dui lectus rutrum urna, nec luctus felis purus	2021-06-08 17:33:38	52819.00	80029.00	2022-05-14 16:09:41
42	30	3	Lewis Johnson	(386) 726-2677	at.egestas.a@icloud.org	Drew Steele	f	565-7322 Cum Road	t	076 0368 3734	28-583	AE784777733283036432526	Amazon	accumsan laoreet ipsum. Curabitur consequat, lectus sit	2023-02-06 16:19:04	124217.00	38447.00	2021-08-25 11:51:41
43	12	5	Roanna Hanson	(613) 133-2691	pulvinar.arcu@icloud.net	Maile Mitchell	t	Ap #851-4443 Ullamcorper Road	f	(0121) 315 4203	164787	SI90697048543101797	Microsoft	a sollicitudin orci sem eget massa. Suspendisse eleifend. Cras	2022-06-28 03:45:11	757527.00	6602.00	2023-02-22 08:08:03
44	62	3	Francis Perry	(886) 450-5380	eleifend.vitae.erat@yahoo.ca	Mechelle Reyes	t	Ap #744-5627 Ultricies St.	f	(01314) 883227	7662	IL744386567673885440521	Chami	Donec vitae erat vel pede blandit congue. In	2023-03-15 18:11:06	22287.00	69855.00	2021-07-29 09:14:56
45	83	3	Geraldine Leach	1-664-728-3334	massa.lobortis.ultrices@hotmail.ca	Edan Bradshaw	f	Ap #910-6931 Dapibus Rd.	f	(015760) 84250	26417	SK2523805614436212323278	Microsoft	urna justo faucibus lectus, a sollicitudin orci sem eget	2022-09-18 00:06:01	623935.00	34818.00	2023-02-12 15:02:47
46	4	3	Echo Koch	1-512-441-7010	pretium.neque@google.net	Wyoming Cote	f	Ap #903-9520 Turpis. Street	t	0817 296 9455	11328	ES7685397832777517566754	Finale	nonummy ultricies ornare, elit elit fermentum	2022-12-15 22:35:45	669357.00	82986.00	2022-06-29 18:40:48
47	72	5	Hayley Fowler	1-958-415-3820	et@icloud.edu	Odysseus Wolf	t	127-7151 Turpis. Av.	t	0800 851 2211	30784	SM8154478173982181618143586	Apple	risus quis diam luctus lobortis.	2022-06-08 20:08:04	426149.00	67190.00	2022-09-22 06:37:33
48	86	5	Xantha Foreman	(376) 411-2907	interdum.feugiat@outlook.edu	Jenette Garner	t	3612 Ipsum Ave	t	(016977) 8149	0311	BE85895178405944	Amazon	ac urna. Ut tincidunt vehicula risus. Nulla eget metus eu	2022-10-30 14:56:00	775707.00	32208.00	2022-10-30 02:27:38
49	81	7	Donna Howell	(381) 344-1357	duis@google.couk	Carolyn Zimmerman	f	952-2500 Montes, Av.	f	055 7037 7802	14784	GE92775625763760412047	Finale	sed pede nec ante blandit viverra. Donec tempus, lorem	2022-06-04 05:46:37	208094.00	3813.00	2022-10-24 23:49:30
50	99	4	Keegan Cameron	1-248-843-4097	magnis@icloud.org	Ferris Stanley	f	Ap #848-8257 Ipsum Av.	f	0365 380 3048	81268-24912	PS843057712793934625207411636	Lavasoft	cursus luctus, ipsum leo elementum sem, vitae aliquam	2021-07-23 17:52:09	762378.00	3728.00	2023-02-28 20:19:14
51	88	3	Stewart Wolf	(523) 654-3658	etiam.ligula@google.couk	Clayton Golden	t	5314 Metus St.	f	0813 786 1108	28684	FI8110888145268235	Lavasoft	nonummy ut, molestie in, tempus eu, ligula. Aenean euismod mauris	2023-05-27 04:23:15	651262.00	71532.00	2022-12-12 16:27:19
52	51	3	Mercedes O'donnell	(723) 741-5196	ligula.nullam@hotmail.org	Charissa Robinson	t	Ap #844-9975 Leo. Av.	t	07633 746134	5064	RO36VQVS2181516332760155	Microsoft	dolor vitae dolor. Donec fringilla. Donec feugiat metus	2022-11-08 13:55:19	682786.00	41289.00	2022-11-18 20:59:06
53	47	5	Mufutau Wright	1-966-924-8691	ipsum.leo.elementum@icloud.couk	Lucius Walter	f	Ap #517-5688 Libero. Rd.	t	(012272) 76293	237255	FI1065227576853586	Google	consequat nec, mollis vitae, posuere at, velit.	2023-04-14 22:54:25	522114.00	45549.00	2021-09-07 23:19:36
54	27	3	Adena Aguilar	1-427-224-4776	lorem.vitae@outlook.ca	Conan Snow	f	439-8732 Ut, Rd.	t	(01746) 33482	D83 4KD	FR1507466538671794761935514	Borland	velit. Quisque varius. Nam porttitor scelerisque neque.	2022-09-23 16:01:01	995779.00	32252.00	2023-04-20 08:55:35
55	53	4	Irma Kelly	1-348-515-4119	inceptos.hymenaeos.mauris@google.couk	Fuller Williamson	t	422-4880 Erat. Ave	f	(0111) 724 7026	21424	GE20478767314345629603	Amazon	magna a tortor. Nunc commodo auctor velit. Aliquam nisl.	2022-04-06 12:32:54	262445.00	14683.00	2021-07-15 15:33:28
56	100	5	Tiger Welch	(732) 181-2535	cum.sociis@aol.org	Oliver Duran	t	Ap #460-4222 Proin Rd.	f	(0171) 813 9485	22927	TN8631185608467718462862	Sibelius	gravida non, sollicitudin a, malesuada id,	2022-03-22 17:07:16	916225.00	30984.00	2022-04-20 00:51:20
57	60	5	Richard Farmer	(878) 291-4271	eget.laoreet@icloud.net	Wang Nicholson	f	782-3396 Dolor. Street	f	(013353) 54057	823349	BA732773245029048245	Adobe	purus gravida sagittis. Duis gravida. Praesent	2022-11-18 10:26:23	360189.00	42871.00	2022-05-16 12:44:16
58	51	6	Acton Booth	(517) 247-5413	mauris.suspendisse@hotmail.com	Blythe Dorsey	f	264-9355 A Ave	t	(025) 8018 6900	377314	MC3766618432747047232881211	Lavasoft	fermentum metus. Aenean sed pede nec	2022-07-18 20:11:55	18463.00	82009.00	2023-04-02 00:11:31
59	7	4	Ashely Byrd	(307) 208-8278	sed.dolor@yahoo.com	Gisela Franklin	t	Ap #833-1861 In Road	t	07624 782054	01791	LV88BXRZ4751655677944	Sibelius	Etiam bibendum fermentum metus. Aenean sed pede	2023-04-10 05:00:04	312529.00	19666.00	2023-05-11 09:56:10
60	32	7	Arsenio Velasquez	(765) 861-8237	nam.nulla@icloud.couk	Garth Ayers	t	P.O. Box 699, 3848 Luctus, Ave	t	0845 46 46	7488	EE802328582861141184	Lavasoft	Curabitur consequat, lectus sit amet luctus vulputate, nisi sem semper	2022-05-11 02:16:42	801693.00	12695.00	2021-12-15 07:39:47
61	12	5	Macon Griffith	(390) 711-9615	non.justo@yahoo.ca	Kessie Estes	f	697-5872 Vitae Rd.	f	0500 678674	673176	MK88670837401066408	Apple	dolor sit amet, consectetuer adipiscing elit. Etiam laoreet, libero	2021-07-30 22:56:49	538101.00	63121.00	2022-01-27 06:50:22
62	8	5	Anastasia Townsend	(675) 141-3167	nullam@aol.ca	Rebekah Sparks	f	Ap #362-8808 Vel St.	f	(0191) 326 3771	5515	NL05CIBU3881637634	Lavasoft	montes, nascetur ridiculus mus. Proin vel arcu	2021-07-08 08:58:25	520940.00	70579.00	2022-06-06 11:41:45
63	33	3	Adam Frank	(227) 413-8343	nec@hotmail.com	Melinda Kirk	t	P.O. Box 222, 6933 Posuere Rd.	f	(017478) 64560	30601	HR2056445592559704568	Adobe	dolor. Nulla semper tellus id nunc interdum feugiat.	2023-04-05 15:19:07	91907.00	36986.00	2022-01-25 04:34:37
64	92	4	Reagan Newton	(743) 144-9323	aliquam.nisl@protonmail.org	Cedric Armstrong	t	Ap #508-1404 Ornare Rd.	t	0392 437 5030	339293	SI42804012083845148	Yahoo	posuere cubilia Curae Phasellus ornare.	2022-09-08 10:49:39	338401.00	35994.00	2022-10-04 18:42:04
65	86	6	Reuben Coleman	(589) 255-6788	sed.dolor.fusce@google.org	Veda Osborn	f	786-970 Risus Avenue	t	(011330) 64345	7285	FI4680328660183685	Finale	Nulla eget metus eu erat semper	2022-01-08 20:30:30	294545.00	28633.00	2022-03-04 09:01:14
66	40	3	Sybill Frederick	1-792-757-7278	diam.luctus@google.net	Renee Benjamin	f	276-1859 Lacus. Avenue	t	0954 621 6287	8547	LB85476118785538271672079166	Google	Suspendisse tristique neque venenatis lacus. Etiam bibendum	2022-03-30 19:51:13	760387.00	20281.00	2021-11-11 04:12:51
67	19	4	Fredericka Delaney	1-267-186-1762	suspendisse.aliquet@hotmail.edu	Jorden Mccormick	t	2698 Aliquet Ave	f	0824 751 9816	32-16	AZ73225072723993651055407529	Yahoo	urna. Nullam lobortis quam a	2023-03-01 18:47:21	520596.00	32418.00	2022-09-13 12:33:02
68	67	2	Allegra Savage	(277) 871-8527	tempus.scelerisque@aol.com	Elijah Flynn	t	Ap #317-8832 Leo. Av.	f	(01436) 81760	58415-278	GI42CBDZ428126425394305	Lavasoft	fringilla est. Mauris eu turpis. Nulla aliquet. Proin	2022-03-21 23:15:29	339041.00	30234.00	2021-11-08 17:43:41
69	26	5	Hannah Mason	(432) 701-1748	volutpat.nulla.dignissim@protonmail.edu	Marshall Hester	f	P.O. Box 196, 2364 Gravida Ave	f	0313 392 6661	15571	MC0458820470384733427314027	Sibelius	Donec egestas. Aliquam nec enim. Nunc ut erat. Sed nunc	2022-02-09 22:21:48	113638.00	16868.00	2021-09-21 17:48:19
70	68	3	Valentine Dunlap	1-698-338-2814	at.velit@yahoo.com	Jameson Figueroa	f	Ap #432-1681 Et Rd.	t	055 4386 0485	M1 3DB	AE127682913536149483223	Lavasoft	nec, leo. Morbi neque tellus, imperdiet	2022-07-29 22:43:10	353320.00	87424.00	2022-01-19 12:32:12
71	21	3	Barrett Osborne	1-737-449-4598	interdum.libero@hotmail.com	Carol Hodge	t	P.O. Box 582, 7493 A St.	t	07637 447774	532518	ES4983200363185169055793	Google	nunc. Quisque ornare tortor at risus. Nunc ac	2021-07-30 16:24:40	967125.00	12608.00	2022-08-10 23:08:36
72	62	3	Pearl Schwartz	(469) 757-3772	faucibus@google.ca	Lucas Fitzgerald	t	Ap #569-3844 Elit Road	t	(021) 1771 2767	36465	NO3739105511253	Chami	ante dictum mi, ac mattis velit justo nec	2021-12-27 12:08:20	710356.00	81661.00	2021-11-16 13:21:39
73	95	2	Sharon Washington	(273) 818-4159	sed@aol.net	Sebastian Rodriguez	f	P.O. Box 538, 8524 Nam Street	f	(010889) 02351	323486	IS447715231894827841262744	Microsoft	ultricies ligula. Nullam enim. Sed	2023-02-02 16:58:40	137671.00	4962.00	2021-10-07 22:34:14
74	50	4	September Myers	1-300-473-5647	ultricies.dignissim.lacus@aol.net	Blossom Ratliff	f	Ap #638-4367 Taciti Avenue	f	(016977) 4574	38581	PT73765567631361032372586	Microsoft	enim. Nunc ut erat. Sed nunc est, mollis non,	2021-07-24 04:52:46	855711.00	30172.00	2023-03-30 09:16:35
75	31	7	Jackson Anderson	(669) 861-4276	ac@google.edu	Wing Rivers	t	310-1841 Sit Ave	f	0957 897 2461	17-705	CH2092037120507831972	Cakewalk	Aliquam vulputate ullamcorper magna. Sed eu eros.	2021-12-15 14:53:36	924297.00	50553.00	2022-01-21 22:58:51
76	10	6	Carissa Turner	(443) 872-6343	mauris.magna.duis@aol.com	Quinn Franklin	t	6499 Sed, St.	t	(016977) 2243	15346	AE264865753728775089227	Sibelius	at sem molestie sodales. Mauris blandit enim	2022-04-19 04:34:20	885870.00	60573.00	2021-09-14 22:08:47
77	82	2	Shellie Kline	(887) 803-0676	mauris@yahoo.edu	Oliver Hopkins	f	Ap #918-8250 Felis. St.	t	(0112) 812 3557	21168	AE975125128402373613758	Cakewalk	tincidunt adipiscing. Mauris molestie pharetra nibh.	2021-09-06 17:03:42	525714.00	48069.00	2022-06-22 04:57:35
78	70	3	Levi Kane	1-870-741-0061	porttitor.eros@icloud.net	Fallon Moss	f	P.O. Box 169, 8009 Suspendisse Av.	t	(023) 3217 8151	8158-1545	RS91361018845856779435	Chami	convallis convallis dolor. Quisque tincidunt pede	2021-06-17 23:26:38	100944.00	23410.00	2022-03-10 22:10:30
79	63	6	Morgan Cline	1-264-686-2043	accumsan@hotmail.ca	Fredericka Watts	t	Ap #412-1805 Elit. Avenue	f	0800 772 9263	46716	MU3964911662113885721272479626	Yahoo	in lobortis tellus justo sit	2022-07-08 00:16:19	711190.00	86179.00	2023-05-27 04:20:58
80	92	4	Gareth Hernandez	(117) 667-1663	sed@aol.edu	Kirk Weeks	t	277-237 Taciti Rd.	f	(01955) 97312	96188	LI5650138854289752680	Cakewalk	Nunc laoreet lectus quis massa. Mauris vestibulum,	2022-02-09 23:36:15	557807.00	54163.00	2022-11-06 09:43:26
81	21	3	Amena Mueller	(437) 797-2215	pharetra@protonmail.net	Deacon Newton	f	422-6181 Non Rd.	f	0500 542553	388184	BG93THTU47572939561262	Google	sit amet, faucibus ut, nulla. Cras eu tellus eu augue	2023-02-14 02:48:52	656335.00	80226.00	2021-11-14 07:02:19
82	5	4	Kermit Christensen	(328) 343-2658	massa.vestibulum.accumsan@google.org	Lyle Dorsey	f	Ap #498-3411 Leo. Avenue	t	0389 371 2554	14361	IE38SNRN56522193695075	Finale	a nunc. In at pede. Cras	2022-05-28 20:31:34	574406.00	30095.00	2023-01-10 01:58:14
83	84	4	Tanisha Sherman	1-451-688-6371	eget.nisi@protonmail.edu	Sybil Callahan	t	Ap #341-2101 Pellentesque Street	t	0831 667 9813	603253	BA518526779179687154	Cakewalk	Cras eu tellus eu augue porttitor	2022-04-12 17:37:11	716113.00	68433.00	2021-07-06 23:14:17
84	30	7	Zena Valentine	1-610-359-8613	id@hotmail.edu	Prescott Bowers	t	P.O. Box 692, 9611 Nunc Road	t	0992 943 8572	12183	AL76745573022412152261403689	Amazon	erat neque non quam. Pellentesque habitant	2022-03-07 08:43:58	123185.00	9084.00	2022-02-08 01:49:39
85	19	3	Russell Hunter	1-459-835-5954	lorem@outlook.couk	Madison Kaufman	f	Ap #966-1911 Morbi Av.	f	(016977) 3362	568449	GI36JBVF523522527732786	Finale	feugiat nec, diam. Duis mi enim, condimentum	2023-01-01 06:10:11	788002.00	35145.00	2022-03-20 04:55:15
86	98	4	Gannon Sharpe	1-560-827-9885	tellus.imperdiet@google.net	Martina Middleton	f	P.O. Box 586, 2993 Ornare St.	f	(0113) 631 3423	90450	GE84382495860183613654	Finale	enim diam vel arcu. Curabitur	2021-07-02 12:56:52	805658.00	71359.00	2022-04-20 02:43:22
87	66	6	Owen Hale	(352) 135-3482	ligula.aenean@hotmail.couk	Basil O'donnell	t	Ap #468-1725 Phasellus Avenue	f	(01888) 070127	H5C 2R9	CH0595763238516552350	Adobe	pellentesque massa lobortis ultrices. Vivamus rhoncus. Donec est. Nunc	2021-11-01 19:25:12	485310.00	48236.00	2022-01-12 15:25:22
88	18	4	Mason Dixon	(580) 725-6154	sollicitudin.a.malesuada@google.couk	Kristen Mitchell	t	Ap #720-6082 Libero. Road	t	(016977) 7541	18823	TN6718521802691641228655	Yahoo	Mauris vestibulum, neque sed dictum eleifend, nunc	2022-10-20 01:01:37	440188.00	62354.00	2021-08-08 21:37:41
89	72	4	Maxwell Curry	1-858-886-5045	eu.tellus@icloud.couk	Adria Case	f	Ap #397-4471 Vivamus Avenue	t	0977 280 9424	23202	GE37207147813647235510	Microsoft	in, dolor. Fusce feugiat. Lorem ipsum dolor	2021-10-26 19:34:41	779117.00	9886.00	2022-02-06 02:58:40
90	64	5	Giacomo Baker	(849) 275-6868	donec.luctus@outlook.net	Coby Knowles	f	991-6271 Porttitor Rd.	t	070 6238 4829	51713	GT43656700126061224360135853	Yahoo	et ultrices posuere cubilia Curae	2021-08-29 05:39:59	914372.00	92390.00	2022-01-04 05:27:14
91	84	7	Basia Farley	(572) 164-1042	duis.mi.enim@outlook.com	Neve Kline	t	459-4556 Odio, Road	f	0500 733685	04561	HU57348774143010675588383113	Finale	condimentum eget, volutpat ornare, facilisis eget, ipsum. Donec	2022-02-28 07:04:49	708057.00	13372.00	2022-09-03 05:42:22
92	80	3	Jasmine Saunders	1-427-795-5468	quis.urna@outlook.net	Colin Hays	t	3127 Metus. St.	f	0387 434 8671	236842	SI15155709367447854	Chami	fames ac turpis egestas. Aliquam fringilla cursus purus. Nullam	2021-08-11 10:16:39	811529.00	98987.00	2021-07-01 05:44:49
93	58	6	Flynn Whitaker	(546) 657-5706	ornare.tortor@protonmail.net	Abigail Long	f	Ap #918-2552 Est. Rd.	f	055 8721 3668	BP5 6UE	LU458982288431290248	Borland	enim, condimentum eget, volutpat ornare,	2022-01-30 15:10:04	624735.00	52236.00	2021-07-10 03:41:34
94	34	3	Sage Calhoun	1-633-164-1472	lacus.quisque@outlook.edu	Clare Blackwell	f	223-1337 Non, Street	t	0845 46 45	30407	LB47866135212772651861633114	Borland	pharetra sed, hendrerit a, arcu. Sed	2023-03-09 06:09:07	523912.00	86755.00	2022-06-15 20:32:14
95	74	4	Alfreda Foley	1-434-578-1277	massa.lobortis@google.com	Larissa Carpenter	t	Ap #605-9845 Dictum. Street	t	(0118) 648 7143	3159	RO04MPNG3689395745568013	Google	Praesent eu dui. Cum sociis natoque penatibus et magnis	2022-11-15 01:42:19	658713.00	38732.00	2022-03-02 20:45:50
96	68	5	Davis Shaffer	(481) 382-2585	quisque.porttitor@icloud.ca	Minerva Greer	t	P.O. Box 965, 7386 Cursus Av.	t	055 8206 6639	45138	MC9824430317662420861389188	Amazon	ultrices posuere cubilia Curae Donec tincidunt. Donec	2021-12-19 18:23:52	712464.00	23228.00	2021-12-30 08:11:06
97	19	2	Flynn Crane	(915) 516-3204	rhoncus.donec.est@icloud.net	Jonas Hardin	f	1115 Posuere Avenue	f	0800 635 5766	216882	RS91033519573862274801	Amazon	Pellentesque tincidunt tempus risus. Donec egestas. Duis	2022-10-23 19:22:43	72231.00	85364.00	2022-07-02 17:34:49
98	50	5	Sonya Williams	1-596-718-8182	etiam.bibendum@protonmail.edu	Jamalia Gomez	f	3374 Luctus Rd.	f	0391 381 6023	669427	PK4451816722115875866865	Microsoft	feugiat. Lorem ipsum dolor sit amet, consectetuer adipiscing elit. Aliquam	2023-05-28 20:18:55	453324.00	62404.00	2023-02-18 04:00:29
99	91	7	Armand Simon	1-282-675-8651	lorem@aol.org	Clarke Monroe	t	619-2386 Dui Road	f	07384 966344	705038	IS253651069446047847752125	Lavasoft	imperdiet ornare. In faucibus. Morbi vehicula. Pellentesque	2022-10-17 23:23:17	692172.00	94887.00	2021-08-09 09:29:32
100	22	2	Rogan Holder	1-518-833-8738	habitant@aol.couk	Wynne Glenn	t	P.O. Box 591, 2064 Pede. St.	t	07624 881586	726481	LI2044551479533967545	Amazon	dolor egestas rhoncus. Proin nisl sem, consequat nec,	2023-03-29 22:29:01	443239.00	15678.00	2021-06-07 05:42:27
101	21	6	Rhiannon Lyons	(761) 263-3766	lorem@outlook.edu	Flynn Sherman	f	691-6892 Enim Ave	t	(0121) 433 0023	3936	CH6311612556551711317	Cakewalk	Mauris magna. Duis dignissim tempor arcu. Vestibulum	2023-04-24 19:18:36	295666.00	20239.00	2022-04-17 16:35:50
102	16	4	Quinn Holloway	1-598-537-3910	sed@protonmail.couk	Chava York	f	P.O. Box 750, 3096 Tortor, Av.	t	055 5786 1715	63-37	MT73SSCV64462929367651278871144	Borland	est, congue a, aliquet vel,	2022-04-11 05:53:35	722195.00	39191.00	2021-11-18 19:54:59
103	36	3	Amelia Luna	(876) 961-7817	sit.amet.diam@aol.com	Stella Brown	t	Ap #308-3641 Curabitur Av.	f	07255 359325	53083	BA363277524297694137	Lavasoft	neque sed sem egestas blandit. Nam nulla magna, malesuada	2021-10-11 05:30:01	47519.00	93081.00	2022-08-16 07:24:24
104	14	7	Galvin Trujillo	(643) 746-1425	magna@outlook.couk	Burton Cross	t	559-1854 Sed St.	f	0845 46 46	86508-863	GB98MOKB14444355825288	Sibelius	parturient montes, nascetur ridiculus mus. Donec	2022-10-20 17:28:44	608345.00	9245.00	2022-11-09 16:37:34
105	4	5	Madonna Miller	1-387-845-2518	egestas.ligula@outlook.couk	Talon Newton	f	2105 Mi Ave	f	0975 822 5731	2751	PS574997562546101843424643349	Amazon	mollis nec, cursus a, enim. Suspendisse aliquet,	2023-05-27 05:57:20	836650.00	74403.00	2023-03-10 17:50:34
106	79	5	Beatrice Ford	(432) 166-0364	diam.proin.dolor@google.com	Hilel Padilla	f	727-1597 Laoreet, Avenue	t	(0117) 843 2629	17195	KW4287473344642448739632755812	Amazon	Sed nulla ante, iaculis nec, eleifend non,	2023-05-10 20:56:27	344752.00	70245.00	2022-10-10 01:52:10
107	75	2	Briar Carrillo	(413) 686-1811	donec.elementum.lorem@outlook.org	Aphrodite Webb	t	9823 Adipiscing Avenue	t	0845 46 48	44121	BH25308468752561729522	Cakewalk	suscipit, est ac facilisis facilisis, magna tellus faucibus leo,	2022-10-30 08:26:03	431279.00	43099.00	2021-07-09 10:46:15
108	28	4	Keith Sullivan	(406) 411-7463	justo.proin@outlook.couk	Nyssa Franklin	t	831-7225 Sem St.	t	(022) 2186 4146	52-64	BG72TWPJ32442291549173	Lavasoft	hendrerit consectetuer, cursus et, magna.	2022-02-04 03:22:06	998643.00	5954.00	2023-02-23 07:42:22
109	43	6	Ori Reese	1-633-819-3896	lobortis.mauris@hotmail.org	Cadman Macias	f	870-4874 Feugiat St.	f	07624 816743	KC7 7DV	ES6675162515881183895872	Yahoo	placerat velit. Quisque varius. Nam porttitor scelerisque neque.	2022-09-29 10:02:54	177324.00	43817.00	2022-04-07 07:18:19
110	66	4	Frances Morgan	(471) 271-0516	at.velit@protonmail.edu	McKenzie Sampson	f	Ap #469-1250 Adipiscing. Av.	f	0845 46 46	44-54	IL583316216576648135772	Yahoo	Fusce aliquam, enim nec tempus scelerisque, lorem ipsum sodales purus,	2021-08-26 09:06:01	723340.00	7360.00	2023-04-25 12:39:45
111	37	4	Meredith Mccoy	(614) 182-9321	dolor.quisque@yahoo.net	Garth Spears	t	Ap #442-3953 Massa. Ave	f	055 5623 4176	528883	CY97654093654135844725857713	Chami	mauris a nunc. In at pede. Cras vulputate velit	2021-08-02 06:47:40	700386.00	37800.00	2022-04-10 21:44:57
112	40	3	Zia Mcconnell	(239) 365-4527	nascetur@yahoo.org	Jarrod Chen	t	389-5946 Nunc Street	t	0845 46 48	151918	GE39606042843928755131	Amazon	Quisque nonummy ipsum non arcu. Vivamus sit amet	2022-07-28 16:45:40	645333.00	90625.00	2023-01-19 17:47:17
113	61	4	Jayme Mathews	(630) 216-4234	ligula@hotmail.net	Connor Newman	f	226-9727 Ante Av.	t	(023) 8606 2703	CZ54 7RO	MK09690928241563047	Adobe	a, scelerisque sed, sapien. Nunc pulvinar arcu	2022-01-25 18:24:03	878055.00	95736.00	2022-10-01 06:53:30
114	80	4	Luke Vega	(817) 672-8401	at.libero.morbi@outlook.edu	Teegan Huber	f	956-6753 Orci. St.	t	0845 46 47	11002	SI98345348506123632	Sibelius	non magna. Nam ligula elit, pretium et, rutrum non,	2021-09-03 11:00:56	160170.00	52415.00	2023-04-03 10:40:21
115	29	6	Byron Knowles	(952) 958-0857	et.magnis@google.org	Leo Jacobs	t	1706 Nisl Street	f	0867 854 8254	41207	AL89801719166852346951753133	Apple	felis purus ac tellus. Suspendisse sed dolor. Fusce mi	2022-04-12 05:49:46	641166.00	41992.00	2022-08-18 01:34:40
116	11	4	Hyatt Blackwell	(144) 647-6791	nam@google.net	Cally Richard	t	7207 Aliquam Street	f	070 3056 8761	82-86	BE70248368797599	Borland	luctus lobortis. Class aptent taciti sociosqu ad	2021-06-04 04:38:31	831838.00	50928.00	2022-05-17 14:57:28
117	70	3	Sandra Harding	1-174-231-7625	pellentesque.ut@icloud.net	Claudia Flynn	f	P.O. Box 115, 7508 Augue. Ave	f	(027) 1602 2442	4339	HU39156686674667566934815435	Adobe	gravida nunc sed pede. Cum sociis natoque penatibus et	2022-01-23 20:00:22	901413.00	90856.00	2023-05-20 10:22:11
118	8	5	Scott Lopez	1-816-544-5226	donec.feugiat@yahoo.org	Marshall Wells	f	Ap #992-4223 Cras Ave	t	056 1793 3051	9804	RO75PGSK1451584895155694	Borland	scelerisque dui. Suspendisse ac metus	2022-05-08 16:06:55	915587.00	69869.00	2022-08-23 01:09:49
119	5	6	Alfonso Ferrell	(918) 873-5931	est@icloud.org	Holmes Griffin	t	648-8230 Quisque Street	t	07624 443116	T45 2ZI	CY47736295241615163622144896	Finale	vitae risus. Duis a mi fringilla mi lacinia mattis.	2022-08-25 08:06:58	791761.00	15408.00	2022-01-19 10:04:46
120	77	4	Uta Taylor	1-368-794-5417	lacus.quisque.purus@outlook.couk	Hop Farrell	t	462-634 Euismod Ave	t	0960 630 7112	252365	RS95437437518941215378	Apple	dui, in sodales elit erat vitae risus.	2023-02-04 21:26:12	240225.00	42667.00	2022-02-13 23:44:07
121	55	5	Ali Dickson	1-346-237-8507	ornare.in@icloud.couk	Christian Juarez	f	7823 Mi Road	f	07624 009324	266277	CZ4865822467362062132784	Sibelius	amet diam eu dolor egestas	2022-06-11 01:01:09	83300.00	81317.00	2021-10-24 11:38:13
122	66	3	Arthur Adams	1-723-568-8227	donec.tempus@aol.net	Unity Kirk	f	Ap #155-5507 Tellus Av.	f	(013855) 10421	84-64	VG5243815348427081142465	Google	ultrices iaculis odio. Nam interdum enim non	2021-09-09 15:09:05	626150.00	12566.00	2021-07-10 17:49:09
123	36	3	Ginger Riley	1-980-548-6361	enim.diam.vel@yahoo.org	Connor Ingram	t	Ap #221-7233 Euismod Road	f	0955 867 1286	47055	MU4273756654685456666477516322	Lavasoft	quis turpis vitae purus gravida sagittis. Duis gravida.	2021-10-25 10:54:52	797610.00	31970.00	2022-05-30 07:51:26
124	95	4	Celeste Barrett	(434) 881-6400	et.lacinia@yahoo.edu	Aphrodite Benton	t	P.O. Box 607, 6615 Vel St.	t	055 9167 8566	5244	AE658894073845441447653	Amazon	dui lectus rutrum urna, nec luctus felis	2022-10-28 09:25:02	994626.00	86306.00	2022-11-08 06:54:08
125	71	3	Daniel Jennings	(649) 749-6506	turpis.vitae@outlook.org	Darrel Macdonald	f	305-6424 Augue Ave	t	0845 46 49	12V 2E6	BA473306003281763888	Sibelius	lectus sit amet luctus vulputate, nisi	2022-08-30 16:06:09	861531.00	5026.00	2022-03-11 05:06:20
126	59	4	Kyra Freeman	(692) 311-6437	quisque.ornare@yahoo.edu	Ray Moss	f	983-4058 Nam Road	t	0500 251753	455716	FI0338270747753729	Microsoft	placerat velit. Quisque varius. Nam	2022-09-04 09:51:40	888266.00	63693.00	2022-08-19 00:50:55
127	99	6	Cathleen Pitts	(933) 333-4464	ligula@aol.org	Roanna Day	t	P.O. Box 858, 4158 Aliquet St.	f	(01643) 91854	631117	FO7006973535946111	Borland	Aliquam nisl. Nulla eu neque pellentesque massa lobortis ultrices.	2023-05-30 10:13:44	340178.00	40637.00	2021-06-03 19:22:41
128	100	3	Ariel Kaufman	1-304-643-5415	et.lacinia@protonmail.com	Jaquelyn Simpson	t	168-8349 Blandit. Rd.	f	0845 46 40	G6P 0DJ	CZ1846276290131293333788	Amazon	magna tellus faucibus leo, in lobortis tellus justo sit	2022-08-30 07:22:12	613906.00	56982.00	2021-09-24 11:41:52
129	74	4	Daquan Neal	(761) 665-2145	erat.in@aol.org	Nichole Hill	f	P.O. Box 626, 6646 At, Av.	f	0845 46 40	606357	GR7282884552291682585043252	Sibelius	Sed eget lacus. Mauris non dui nec	2021-09-27 13:30:32	560304.00	17448.00	2022-08-08 20:17:15
130	95	4	Hollee Riley	1-669-559-9501	odio.tristique@yahoo.org	Cedric Rojas	f	Ap #377-5675 Ac Road	t	055 8561 2715	5910	SK6832824524472517329178	Adobe	nibh vulputate mauris sagittis placerat. Cras	2022-12-24 03:49:31	304152.00	83543.00	2023-01-10 03:52:46
131	67	7	Armando Shannon	1-715-665-5999	sollicitudin@outlook.couk	Fay Horne	t	128-5089 Adipiscing Ave	t	0942 069 6912	78057	RS86831648668473331954	Google	Ut tincidunt orci quis lectus. Nullam suscipit, est ac facilisis	2022-03-15 16:51:15	503084.00	38067.00	2023-03-27 22:41:59
132	4	4	Daniel Baker	(628) 343-0504	ipsum.phasellus@outlook.net	Basia Curtis	t	Ap #640-7225 Faucibus Rd.	t	(016977) 1176	774711	GE25242137250692171874	Borland	Cras interdum. Nunc sollicitudin commodo ipsum.	2023-01-04 06:54:22	874896.00	13773.00	2023-02-14 10:05:41
133	57	6	Kermit Greer	(824) 642-3936	condimentum.donec@google.com	Geraldine Grimes	f	9796 Eros. Rd.	f	(01836) 81331	08-682	TR338694980417258314825975	Chami	eleifend egestas. Sed pharetra, felis eget varius ultrices, mauris	2022-05-09 19:55:31	879348.00	3255.00	2021-09-28 07:41:15
134	65	6	Hope Parks	1-258-563-1519	dolor.quam@outlook.edu	Portia Ramsey	f	Ap #855-4577 Commodo St.	f	07624 373217	G0S 0E7	LU936729113724947444	Chami	tempus scelerisque, lorem ipsum sodales purus, in molestie tortor	2022-02-22 06:07:06	526552.00	8673.00	2021-07-18 08:29:18
135	37	7	Grady Bush	1-571-741-9513	mauris.nulla@hotmail.edu	Rhea Bauer	t	Ap #526-6417 Montes, Rd.	f	(0114) 576 0747	42432	GL9348351060647673	Chami	malesuada fringilla est. Mauris eu	2022-04-01 00:20:58	519740.00	11119.00	2021-06-25 04:51:50
136	94	6	Jack Harmon	(701) 585-5972	dictum.eleifend@aol.ca	Steven Figueroa	t	P.O. Box 611, 3826 Commodo Street	t	0389 278 0892	68282	RO48WTNT2050584615485051	Yahoo	In at pede. Cras vulputate velit eu	2022-12-25 02:04:52	317717.00	56931.00	2023-02-15 19:10:09
137	57	4	Rosalyn Brewer	1-195-885-4521	lacus.cras.interdum@hotmail.org	Bruno Mendoza	f	P.O. Box 209, 4567 Eu Ave	t	(016977) 1672	86782-88735	ES2378112289498045787288	Borland	tincidunt vehicula risus. Nulla eget metus eu	2021-11-01 13:25:32	788822.00	74640.00	2022-01-10 16:31:33
138	72	6	Olivia Newman	1-458-606-7953	condimentum.eget@aol.ca	Aristotle Kramer	f	4280 Nulla Ave	t	056 8524 4633	12-323	LV79EVGC3132835888625	Google	eleifend vitae, erat. Vivamus nisi. Mauris nulla. Integer	2022-03-11 17:02:51	896108.00	33871.00	2022-12-19 04:15:32
139	83	4	Solomon Albert	1-454-268-8874	quis.diam.pellentesque@protonmail.ca	Jakeem Mckay	t	4291 A St.	f	(0141) 285 8131	25538-81617	ME82845196100857575384	Adobe	ullamcorper eu, euismod ac, fermentum vel,	2023-01-19 21:12:04	332562.00	46843.00	2023-02-12 16:17:01
140	46	6	Rhea Mcguire	(734) 508-8058	arcu.eu@protonmail.ca	Sara Cherry	t	Ap #270-2213 Pellentesque Av.	f	0500 894907	233237	FI8003031882409471	Adobe	risus. Quisque libero lacus, varius et, euismod et, commodo	2022-04-09 10:02:12	547182.00	6111.00	2022-08-21 01:28:03
141	40	6	Ignatius Whitehead	(814) 185-3535	blandit@outlook.edu	Vance Keith	f	7194 Tellus. Street	f	0921 457 1218	32577	ES9289463215713871116740	Yahoo	dui. Cras pellentesque. Sed dictum. Proin	2022-06-14 00:59:28	756454.00	18657.00	2021-11-06 08:13:51
142	25	3	Ashton Ward	1-434-345-0852	eget@outlook.net	Quentin Shaw	f	922 Nunc Av.	t	055 7812 9435	6718	IT343QGRXI36551866611318106	Amazon	tortor. Integer aliquam adipiscing lacus. Ut nec	2022-05-07 19:31:19	520609.00	66999.00	2023-04-24 01:45:55
143	75	3	Anika Dillard	1-427-689-5247	dolor.elit@outlook.com	Eleanor Gross	t	7505 Sed St.	t	0854 012 2257	625762	PK3718042488753773864637	Google	sapien. Aenean massa. Integer vitae nibh. Donec est mauris,	2022-04-02 15:54:44	767106.00	58061.00	2022-08-16 08:47:32
144	64	7	Adena Harrington	(478) 275-0857	aliquam.eu@icloud.com	Iliana Robbins	t	Ap #688-8067 Enim Avenue	t	055 3754 0443	4147	ME44276411482137425782	Borland	a neque. Nullam ut nisi	2022-08-24 02:06:51	849008.00	44096.00	2021-06-11 10:55:45
145	25	6	Cara Robertson	1-957-300-6465	lacinia.mattis.integer@aol.couk	Maryam Benton	f	Ap #560-2631 In Rd.	f	0845 46 45	9443	AE522087650510536745041	Chami	Duis sit amet diam eu dolor egestas rhoncus. Proin	2022-12-25 12:03:50	181955.00	16642.00	2021-07-03 12:24:31
146	1	3	Driscoll Bowman	(776) 935-3722	consequat.lectus.sit@aol.couk	Brian Santana	f	Ap #466-3786 In, Street	f	(016977) 8703	359195	ME73984035466821326861	Borland	eu, euismod ac, fermentum vel, mauris. Integer	2021-07-08 13:43:57	205696.00	23578.00	2022-12-18 16:50:33
147	9	6	Rogan Silva	1-895-867-0576	lacus.mauris@icloud.ca	Finn Bartlett	t	Ap #275-6023 Nec Avenue	f	07215 584293	667679	SM6868863862833632515728550	Amazon	est, mollis non, cursus non, egestas a, dui. Cras	2021-07-31 11:34:56	955252.00	96124.00	2023-02-28 02:25:37
148	27	4	Flavia Petty	(849) 204-4271	dignissim.magna.a@aol.net	Carl Ruiz	t	Ap #125-807 Volutpat. Street	t	0845 46 42	53843	LV83CIKW6460204113680	Apple	nec metus facilisis lorem tristique aliquet.	2021-06-19 22:50:16	633187.00	52175.00	2022-11-09 14:12:48
149	78	6	Elvis Burgess	(818) 842-8222	ac.libero@yahoo.com	Simon Luna	f	Ap #490-7335 A Ave	t	(016977) 1718	K5 9DY	SK6648705493601125953254	Yahoo	Lorem ipsum dolor sit amet, consectetuer adipiscing elit. Curabitur sed	2023-03-13 20:28:43	11186.00	50587.00	2023-01-06 03:01:38
150	85	3	Ivor Howell	1-152-393-0824	aliquet@icloud.ca	Hadassah Moss	f	Ap #424-4722 Hendrerit St.	t	076 3786 6786	252803	GT57523784463184471632303685	Finale	eget, venenatis a, magna. Lorem	2022-12-17 21:32:34	25270.00	47852.00	2021-08-28 14:12:22
151	79	6	Gray Young	1-370-228-1751	aliquet.diam@outlook.couk	Kieran Hughes	t	P.O. Box 780, 8520 Ipsum St.	f	0950 127 1945	R2V 0M2	KZ807484628153684142	Chami	sollicitudin adipiscing ligula. Aenean gravida nunc sed pede. Cum sociis	2022-12-23 14:16:26	421052.00	73577.00	2022-06-07 21:38:16
152	5	3	Gisela White	(299) 107-6839	adipiscing@protonmail.ca	Rowan King	t	374-4649 Ligula. Ave	f	(0115) 538 3231	8568	VG4981738550820046903360	Finale	et ipsum cursus vestibulum. Mauris magna. Duis dignissim	2021-08-25 09:10:22	680160.00	87619.00	2021-06-06 18:01:40
153	14	4	Avye Stephens	(632) 178-4326	nec.tempus.mauris@icloud.org	Kathleen Crosby	f	556-7593 Porttitor St.	f	07417 425423	1072	GL1437378728459292	Chami	ligula. Nullam enim. Sed nulla ante,	2022-03-10 01:49:54	331540.00	45132.00	2021-09-08 02:24:32
154	25	3	Marah Richardson	(536) 343-5581	iaculis@yahoo.couk	Harding Fry	f	1035 Ut Av.	t	055 4744 6224	767251	BH42337630121334265401	Lavasoft	eu metus. In lorem. Donec elementum,	2022-08-23 09:15:45	231450.00	82017.00	2021-07-19 12:52:20
155	75	6	Austin Sandoval	(676) 701-4515	mattis.cras.eget@icloud.edu	Guinevere Whitfield	t	P.O. Box 145, 353 Dolor Street	t	0800 1111	95-264	AT454991228781323204	Borland	fringilla. Donec feugiat metus sit amet ante.	2023-02-01 22:15:12	947791.00	8592.00	2021-08-03 17:19:49
156	86	6	Wendy Cortez	1-459-866-3651	porttitor.scelerisque@hotmail.edu	Charlotte Goodman	t	9066 Sit Avenue	t	0500 727130	1381 XS	FO7040680932467384	Adobe	in sodales elit erat vitae risus. Duis a	2022-11-02 15:10:33	874843.00	42593.00	2023-04-09 16:50:50
157	97	4	Jescie Wright	(214) 396-7576	vestibulum.massa@google.ca	Brynne Howard	f	375-5223 Iaculis Avenue	f	076 6738 3883	430545	BG88EMBF95675839832893	Adobe	Praesent eu dui. Cum sociis natoque penatibus	2023-03-03 10:24:41	313308.00	31583.00	2022-05-25 05:20:51
158	40	6	Angela Rose	1-755-373-6938	scelerisque.dui.suspendisse@outlook.com	Hashim Cleveland	f	560-9981 Mauris St.	f	07166 162048	249837	SK1870528038733642712228	Finale	commodo auctor velit. Aliquam nisl. Nulla eu neque pellentesque massa	2022-03-18 08:26:20	206249.00	61731.00	2022-09-06 00:51:03
159	11	3	Constance Rich	1-736-345-8071	sit.amet@aol.ca	Tara Curtis	t	Ap #300-9088 Proin Rd.	f	0800 627 2028	6386	TR421164293462201158475438	Microsoft	nec ante blandit viverra. Donec tempus, lorem fringilla	2022-06-01 05:11:39	143297.00	24157.00	2023-04-06 00:19:19
160	76	3	Vivian Odom	1-878-164-3196	nam@yahoo.org	Dillon Day	t	P.O. Box 196, 3854 Phasellus Street	t	(01692) 21812	3472	LI4666475232438762697	Lavasoft	rutrum urna, nec luctus felis purus ac	2022-04-11 23:23:36	565088.00	23574.00	2022-07-13 12:48:56
161	58	6	Vielka Valenzuela	(631) 932-4873	facilisis.facilisis@outlook.couk	Gretchen Bartlett	f	180-1496 Metus Rd.	t	055 7906 5163	885928	GI18KCHR511232817853228	Yahoo	amet, consectetuer adipiscing elit. Etiam laoreet, libero et tristique	2022-10-07 23:14:39	152536.00	24753.00	2022-08-19 03:08:11
162	48	7	Lara Brewer	(464) 579-8664	amet.metus.aliquam@hotmail.com	Ulla Koch	f	897-501 Nascetur Road	t	0800 881611	2632	AZ46847022865257333682341210	Cakewalk	odio, auctor vitae, aliquet nec, imperdiet nec, leo. Morbi	2023-05-30 16:49:05	339745.00	81794.00	2023-01-08 16:00:39
163	26	5	Nora Tate	1-835-376-4921	hymenaeos@hotmail.org	Janna Cote	t	8112 Ultrices Rd.	f	(01275) 293254	38878	AT631543342474153888	Lavasoft	fames ac turpis egestas. Fusce aliquet magna a neque.	2023-03-19 11:47:25	984882.00	12878.00	2022-01-30 20:32:09
164	7	4	Frances Ryan	(341) 133-3738	augue.ac@hotmail.ca	Whoopi Mckinney	t	Ap #888-9859 Lectus Street	f	07624 685323	56077	SI55751298265575585	Borland	auctor non, feugiat nec, diam. Duis mi	2023-02-17 01:53:25	30814.00	29602.00	2022-12-07 19:11:41
165	98	6	Carson Conway	(671) 231-9647	gravida.aliquam@yahoo.com	Cora Gentry	f	Ap #883-9563 Suspendisse Road	f	(01668) 642285	26381	TN6134582244551705432260	Adobe	arcu iaculis enim, sit amet ornare lectus justo	2022-12-22 23:20:55	478548.00	9633.00	2022-01-31 12:44:18
166	78	2	Audra Haynes	1-332-264-3889	sollicitudin@yahoo.net	Kylee Dodson	f	642-1848 A Ave	t	(01726) 371424	S2B 7L9	AT123174142384692713	Yahoo	Curabitur consequat, lectus sit amet luctus vulputate, nisi sem	2023-05-25 11:50:27	621092.00	74134.00	2021-07-06 01:58:13
167	94	4	Lila Mosley	(461) 723-9142	lobortis.class@hotmail.net	April Carr	t	Ap #579-4891 Malesuada Ave	t	0845 46 41	88823	CR2683171624856141780	Lavasoft	parturient montes, nascetur ridiculus mus. Aenean	2023-05-17 04:55:22	242667.00	39285.00	2021-10-23 06:16:49
168	97	5	Forrest Dillard	(169) 959-3252	facilisis.eget@yahoo.com	Celeste Nicholson	t	683 Quis, St.	t	0500 713791	36516	LT577253764292457807	Google	felis eget varius ultrices, mauris ipsum porta elit, a feugiat	2023-03-08 17:11:43	365962.00	52891.00	2023-03-11 04:07:11
169	89	5	Chantale Wilson	(448) 275-7785	a.ultricies@icloud.org	Evelyn Ellis	f	P.O. Box 874, 6548 Nec, Av.	f	(01401) 457161	2288	NO1788857237831	Google	nec metus facilisis lorem tristique aliquet.	2021-06-30 17:50:35	255351.00	31531.00	2023-03-04 15:50:15
170	10	7	Randall Johns	(483) 837-8764	mattis@outlook.com	Calista Diaz	f	5155 Accumsan St.	f	0500 029724	62715	DE50128415333320449625	Adobe	vulputate, nisi sem semper erat,	2022-11-09 23:38:13	323276.00	72234.00	2023-04-26 15:51:58
171	78	3	Duncan Ray	(657) 304-8468	penatibus.et@google.couk	Quinn Sparks	t	Ap #134-5631 Vestibulum St.	f	07624 779422	44548	CZ4875742462861398768821	Amazon	nascetur ridiculus mus. Aenean eget magna.	2022-11-25 02:46:41	115328.00	6955.00	2021-07-12 10:31:16
172	63	3	MacKensie Hickman	1-398-801-8965	morbi.metus@icloud.com	Xenos Powell	t	P.O. Box 827, 3940 Elementum, Rd.	t	0800 013898	475249	LI9149715521142712637	Sibelius	Curae Donec tincidunt. Donec vitae erat vel	2023-05-12 21:47:57	80736.00	26900.00	2022-11-28 21:55:15
173	33	4	Dana Sharpe	1-212-725-3595	senectus@google.edu	MacKensie William	f	P.O. Box 907, 1685 Sem Rd.	t	056 3832 1726	G0K 0T7	BA084787039476651556	Adobe	nec ante blandit viverra. Donec tempus, lorem	2022-09-25 17:09:41	54558.00	53494.00	2021-07-18 09:22:38
174	5	5	Miriam Garrison	(422) 573-1847	vivamus.non.lorem@hotmail.edu	Felix Harding	f	261-4159 In Street	t	0845 46 43	91687-65127	DO20752685116848354347327755	Borland	tincidunt adipiscing. Mauris molestie pharetra nibh. Aliquam ornare, libero at	2022-12-04 20:44:55	300331.00	10353.00	2021-12-18 15:03:16
175	38	6	Seth Douglas	(767) 484-6818	mollis.vitae.posuere@protonmail.com	Shaeleigh Bullock	t	323-3248 Libero. St.	f	(0112) 141 5664	83711	BE46153879950327	Borland	Phasellus vitae mauris sit amet lorem semper auctor.	2021-06-09 15:48:14	626565.00	82261.00	2023-03-03 19:02:43
176	53	4	Ryan Estrada	(458) 388-1528	lacinia.sed.congue@outlook.com	Hop Peters	t	Ap #835-1494 Suspendisse Ave	f	0845 46 47	253051	AE298277932171837134649	Finale	mi felis, adipiscing fringilla, porttitor vulputate, posuere	2021-11-16 23:22:16	396215.00	21251.00	2021-09-16 11:10:42
177	72	7	Violet Haney	(412) 257-1116	non.massa@outlook.net	Doris Norman	f	P.O. Box 575, 3509 Aliquet Avenue	f	(0114) 531 0233	729865	MU8787184256655117112655640389	Apple	quam quis diam. Pellentesque habitant morbi tristique senectus et	2021-07-09 03:13:07	965361.00	77197.00	2021-08-25 06:10:09
178	100	5	Elijah Dorsey	1-595-848-7545	erat@hotmail.net	Chloe Haynes	f	541 Feugiat St.	t	055 0436 2722	67254	GB48OGFK91716384354478	Google	libero at auctor ullamcorper, nisl arcu	2022-04-21 05:48:42	941038.00	8912.00	2021-11-30 22:18:22
179	39	6	Raya Garcia	(168) 472-8496	sed.eu@yahoo.ca	Adrian Maxwell	t	Ap #316-4347 Sed, Ave	t	(0116) 437 6706	74648	FI9521482935213056	Google	Fusce dolor quam, elementum at, egestas a, scelerisque	2021-09-18 22:03:19	351129.00	26541.00	2023-02-03 22:20:57
180	67	5	Tana Hutchinson	1-444-307-6662	scelerisque.mollis@icloud.net	Velma Pearson	t	844-3861 Tempor Road	t	0351 762 3316	837624	ME12472844781426143470	Sibelius	ornare sagittis felis. Donec tempor, est ac mattis semper,	2022-07-04 14:08:28	566554.00	30725.00	2023-04-12 03:06:44
181	81	4	Noelle Short	1-508-235-1022	enim.commodo@aol.com	Stella Bray	f	3533 Risus Ave	f	0316 285 1964	3018	GI42HVKK245632495444315	Borland	Ut tincidunt orci quis lectus. Nullam suscipit,	2021-10-12 07:42:33	369578.00	88554.00	2022-10-04 00:15:27
182	88	5	Kelly Burns	(370) 553-8858	orci.phasellus.dapibus@outlook.com	Christopher Cunningham	f	P.O. Box 807, 6789 Tellus Av.	f	0800 341168	426246	HR5253657589557277262	Amazon	diam luctus lobortis. Class aptent taciti	2021-07-04 10:52:59	247690.00	48389.00	2023-01-09 04:38:54
183	49	5	Talon Jones	(839) 233-2743	et.magnis@icloud.ca	Oren Horton	t	557-1094 Magna Av.	f	0362 526 3315	29416	ME37548715234299091253	Adobe	non, lacinia at, iaculis quis, pede. Praesent	2022-11-01 19:47:39	516496.00	21578.00	2021-07-27 11:57:55
184	36	4	Tobias Durham	(757) 711-3588	vulputate.posuere.vulputate@aol.couk	Faith Odom	t	397-2955 Eros St.	t	0500 850493	884610	PK9115831514538831643624	Borland	turpis nec mauris blandit mattis. Cras	2021-10-08 16:28:46	485595.00	34690.00	2022-03-31 05:54:21
185	29	5	Ora Francis	(981) 538-2002	et.magnis@outlook.couk	Joel Cooke	f	3959 Mi Rd.	t	0845 46 45	63865-87180	BE33675645346752	Yahoo	congue, elit sed consequat auctor, nunc nulla vulputate dui, nec	2022-07-04 08:20:30	849958.00	13859.00	2022-10-14 11:02:44
186	8	2	Evelyn Lloyd	(341) 628-3537	senectus.et@aol.org	Sigourney Weeks	f	258-7776 Interdum Rd.	t	0845 536 6417	803906	PT03675529432892431561696	Adobe	dolor, tempus non, lacinia at, iaculis quis, pede. Praesent eu	2023-04-04 06:17:13	773996.00	51852.00	2022-09-01 17:35:21
187	8	4	Winter Mcintosh	(989) 398-4538	blandit.at@protonmail.net	Malcolm Pennington	t	9576 Ultricies Road	f	056 6260 6767	63206	PK4551662419036670085937	Sibelius	erat volutpat. Nulla dignissim. Maecenas ornare	2022-03-07 15:54:26	862878.00	64192.00	2022-10-14 04:57:51
188	28	7	Avram Anderson	1-298-625-2822	neque@outlook.org	Buckminster Garner	t	P.O. Box 377, 1288 Metus. Road	f	0859 552 8314	826194	CR2563078134712033357	Borland	eros turpis non enim. Mauris quis turpis vitae	2021-07-05 06:04:23	555406.00	60853.00	2022-12-14 19:15:45
189	93	3	Eaton Bishop	(874) 201-4283	ac.libero@aol.net	Quamar Trujillo	f	1527 Enim. Rd.	f	(01428) 86817	0152	TN4383551464737682246851	Borland	et tristique pellentesque, tellus sem	2022-10-24 15:43:24	542417.00	11359.00	2021-10-09 17:04:18
190	12	7	Hu Cotton	1-869-180-7151	posuere.vulputate@icloud.org	Calvin Mann	f	Ap #577-651 Arcu Street	t	0800 1111	17195	GI15KBMK312768953101077	Amazon	amet, consectetuer adipiscing elit. Aliquam auctor, velit eget	2021-07-23 06:55:03	559210.00	33967.00	2022-07-19 12:16:45
191	95	5	Mechelle O'brien	(625) 145-2315	elit.erat@outlook.ca	Jennifer Hopper	t	380-1987 Velit Avenue	t	(016977) 7273	76-67	PS684157934274952047737686582	Yahoo	Fusce aliquet magna a neque. Nullam ut	2022-03-10 10:57:04	463897.00	57586.00	2023-04-07 22:21:57
192	74	5	Kuame Joyner	(841) 238-1164	etiam.laoreet@google.org	Silas Dotson	t	Ap #399-8929 Nullam Street	t	055 6155 8599	00925	PT06373134133846610597315	Amazon	Donec elementum, lorem ut aliquam iaculis, lacus	2021-07-03 18:53:20	173078.00	92657.00	2022-11-20 10:14:45
193	90	2	Kirby Newman	(615) 698-7252	lorem.vehicula@protonmail.org	Mariam Meyer	f	Ap #499-1440 Ultrices Avenue	f	056 7717 6606	91264	DO73735591894258034875579445	Borland	justo. Praesent luctus. Curabitur egestas nunc sed	2021-06-10 14:23:34	892795.00	3651.00	2023-04-21 05:25:38
194	18	4	Zachery White	1-537-525-9722	varius.orci.in@aol.couk	Zeus Wynn	f	Ap #831-9486 Egestas Street	f	0800 301 5213	2619	LI2755893257265151748	Microsoft	tellus justo sit amet nulla. Donec non justo. Proin non	2022-07-23 23:30:39	423290.00	36772.00	2022-03-23 00:28:45
195	75	5	Leandra Spence	1-383-101-5054	integer@google.ca	Belle Gilliam	t	4917 Mi Street	f	(01156) 62465	82-661	AT984333190787614203	Cakewalk	adipiscing elit. Etiam laoreet, libero et	2023-05-25 11:15:34	208820.00	50360.00	2022-01-09 00:50:38
196	3	3	Florence Mcbride	(534) 753-9693	semper@yahoo.org	Grace Bradshaw	t	1144 Tincidunt Av.	t	076 1545 8336	94413	TN7165717208222313286378	Adobe	eu turpis. Nulla aliquet. Proin velit. Sed malesuada augue	2022-04-12 02:42:04	327960.00	76242.00	2022-06-04 23:02:59
197	3	6	Brianna Singleton	(791) 683-7312	cursus.luctus@aol.com	Ivory Frank	f	Ap #269-8929 Fringilla Rd.	t	0800 1111	98965	ES8357942688178279133260	Sibelius	nec tempus mauris erat eget ipsum. Suspendisse sagittis. Nullam vitae	2022-01-02 23:28:57	590233.00	55787.00	2022-12-08 14:33:26
198	9	5	Price Colon	(494) 795-2785	mauris.elit@google.ca	Ray Hester	f	265-1488 Pretium Avenue	t	0845 46 44	7340-0676	PS809659018426331527630923315	Yahoo	ornare lectus justo eu arcu. Morbi sit amet massa.	2021-12-03 16:31:13	931897.00	28845.00	2022-03-19 16:13:13
199	58	5	Mechelle Harrison	1-425-566-6256	montes.nascetur@protonmail.com	Cooper Elliott	t	524-9302 Metus Road	f	076 0595 2367	4298	IS037566750361306847173624	Amazon	lacinia at, iaculis quis, pede. Praesent	2021-10-22 13:10:32	18400.00	70374.00	2023-01-16 10:40:28
200	68	7	Anastasia Bradley	(371) 981-9945	mauris@google.ca	Keefe Wolf	t	3183 Nec Road	f	055 4183 4400	63932	GE50654343643757533121	Lavasoft	arcu. Aliquam ultrices iaculis odio. Nam interdum enim	2021-07-12 06:20:14	32500.00	63841.00	2022-04-03 18:29:42
201	29	7	Joelle Calderon	(891) 458-4263	nulla@protonmail.org	Kuame Fisher	f	866-1387 Orci St.	f	0877 211 9815	7292 AR	DO53817630561524432652037385	Google	Vivamus rhoncus. Donec est. Nunc ullamcorper, velit in	2022-03-19 05:21:28	921951.00	10618.00	2022-04-11 01:31:30
202	79	7	Isabelle Frazier	1-258-415-1256	sem.vitae.aliquam@hotmail.com	Emerald Rose	f	107-9215 Semper Road	t	0800 1111	22655-10459	LT713506819817459886	Google	Quisque purus sapien, gravida non, sollicitudin a, malesuada	2021-09-05 00:15:25	607140.00	70555.00	2022-02-03 05:31:13
203	32	4	Bertha Norman	(145) 862-5740	non@aol.com	Jackson Odom	t	639-1904 Sed Street	t	(016977) 2243	21144	TR862040568398440250794288	Sibelius	ad litora torquent per conubia nostra, per inceptos hymenaeos. Mauris	2023-04-04 11:27:06	720663.00	37775.00	2022-09-17 08:51:35
204	39	5	Theodore Holt	(202) 557-4897	pede.nec.ante@google.com	Heather Washington	t	P.O. Box 735, 6159 Ante St.	t	0845 46 40	B7 1GF	MK33692213204781921	Borland	id ante dictum cursus. Nunc	2021-06-23 07:08:28	832062.00	10848.00	2023-04-07 09:01:21
205	2	6	Quintessa Wong	1-612-252-7820	porttitor@yahoo.couk	Sierra May	f	P.O. Box 210, 2592 Donec Av.	f	(01846) 347183	7433 KR	KZ324515454276848758	Google	posuere cubilia Curae Donec tincidunt. Donec vitae erat	2022-02-06 13:39:03	609095.00	26314.00	2023-04-05 21:05:06
206	61	4	Camden Russo	1-436-747-1581	dapibus.quam@protonmail.org	Amal Michael	f	Ap #516-1647 Vitae Av.	f	07714 054306	238491	BH03601028178987573117	Yahoo	tellus. Aenean egestas hendrerit neque. In ornare sagittis felis.	2022-06-23 13:11:22	414359.00	97893.00	2022-09-05 03:08:26
207	35	3	Dylan Cole	1-216-342-4564	at.pretium@google.couk	Dominic Ingram	t	891-6728 Duis Street	f	0500 408279	442788	CZ0425406722012134020172	Sibelius	faucibus lectus, a sollicitudin orci sem eget massa. Suspendisse eleifend.	2021-07-14 09:40:19	640513.00	32365.00	2022-05-20 18:12:44
208	72	6	Ann Schwartz	(685) 375-6629	rhoncus.nullam@hotmail.ca	Macey Brady	t	296-4969 Placerat. St.	t	070 8711 7568	88188	CZ8805527556644928836103	Cakewalk	ornare placerat, orci lacus vestibulum lorem, sit	2022-02-25 01:01:08	603100.00	68291.00	2021-11-16 03:49:15
209	86	6	Sean Moss	(817) 802-4524	tellus.imperdiet@protonmail.com	Mona Valentine	f	Ap #238-6406 Rutrum. Ave	t	(0113) 876 1069	36751	LU161686047959408366	Lavasoft	consequat nec, mollis vitae, posuere at,	2022-05-29 19:58:53	716288.00	80068.00	2021-08-09 02:02:54
210	40	6	Jenette Fields	(272) 491-2645	lacus@icloud.org	Keane Miranda	f	P.O. Box 731, 238 Fermentum Avenue	t	(0118) 867 2941	9939	BG12KBHJ46774028674100	Borland	aliquam eros turpis non enim. Mauris quis	2022-07-22 12:24:50	696102.00	77810.00	2022-05-25 22:43:17
211	61	7	Gary Potter	(682) 806-1230	sed@outlook.ca	Leila David	t	P.O. Box 449, 9101 Aliquam Av.	f	055 5385 5857	70089	LT361067166118571646	Google	Morbi accumsan laoreet ipsum. Curabitur consequat,	2021-06-05 00:53:47	231277.00	41832.00	2021-12-03 05:32:23
212	23	4	Isaac Guzman	(348) 663-4065	sapien.molestie@aol.ca	Erasmus Mays	t	751-5321 Tempor, St.	f	07624 790675	3973823	HR3562399795606352255	Microsoft	sem. Nulla interdum. Curabitur dictum. Phasellus in felis. Nulla tempor	2022-09-22 03:15:19	395764.00	43858.00	2021-07-27 16:27:40
213	98	7	Serina Rosa	(683) 611-1683	nunc.risus@yahoo.org	Mannix Dixon	f	3401 Dolor Rd.	f	(01054) 865150	14541	BA127969402584269061	Microsoft	libero lacus, varius et, euismod et, commodo	2022-09-18 06:13:39	477724.00	63440.00	2022-11-06 04:48:11
214	55	2	Isaac Moreno	1-462-556-5166	tincidunt@google.edu	Mason Keller	f	2274 Eget Av.	t	055 8783 5862	47976	LV71NIFQ4353549641656	Google	vestibulum, neque sed dictum eleifend, nunc risus varius orci,	2022-03-20 00:58:43	563542.00	74492.00	2023-05-03 17:33:27
215	85	7	Serena Terry	1-681-350-7417	lorem.ipsum.dolor@aol.ca	Fuller Emerson	t	8829 Sem Rd.	t	0800 545 2187	7614 MM	AL36754336190423113261153352	Chami	sapien. Aenean massa. Integer vitae nibh. Donec est	2021-08-23 01:05:29	13293.00	68193.00	2022-02-07 23:23:29
216	47	3	Norman Harris	(366) 754-5570	lobortis.mauris@outlook.net	Raja Morrison	t	Ap #937-8217 Non, Avenue	t	(01714) 47836	5608	MU0461170851300466777334163051	Borland	sit amet ornare lectus justo eu arcu. Morbi sit amet	2023-05-16 11:45:15	148774.00	72069.00	2022-02-13 15:56:28
217	91	4	Ivy Daugherty	(517) 578-7087	eu.lacus@protonmail.org	Kyle Frederick	f	4554 Ante Street	f	0800 523187	5833-3146	PK2322886472816275541546	Yahoo	diam. Duis mi enim, condimentum eget,	2021-09-08 03:55:25	598123.00	64149.00	2022-03-29 17:15:12
218	90	3	Octavius Fleming	(781) 373-6619	aliquam@yahoo.org	Nash Guerra	f	P.O. Box 662, 5688 Vel, Road	f	0318 617 8257	H3B 7Y2	SE5658416448523983154537	Adobe	felis. Nulla tempor augue ac ipsum. Phasellus	2021-06-19 13:49:21	290466.00	34404.00	2022-06-03 05:02:28
219	73	4	Reuben Waller	1-574-772-3360	diam@aol.net	Kadeem Willis	t	110-1940 Vitae, St.	f	0845 46 42	24878	HR1463414521655455764	Chami	nascetur ridiculus mus. Proin vel nisl.	2021-06-09 15:56:52	775321.00	28476.00	2022-06-20 01:54:30
220	10	3	Chava Dorsey	1-796-886-2620	cursus@outlook.ca	Lysandra Stewart	t	Ap #343-5530 Et Av.	t	0308 221 6798	5264	GI07HYGX447780776249664	Chami	ipsum leo elementum sem, vitae aliquam eros turpis	2021-10-05 05:42:46	935854.00	50258.00	2021-10-20 10:20:14
221	82	3	Felicia Mendoza	1-451-438-2979	justo@google.edu	Guinevere Franklin	f	875-9191 Cursus St.	t	(01502) 46848	683143	GT18802554631565623188283175	Finale	luctus felis purus ac tellus. Suspendisse sed dolor. Fusce	2021-11-06 09:59:37	237659.00	4906.00	2023-05-05 07:55:02
222	80	4	Leila Everett	1-614-571-7668	eros.nam@aol.org	Lee Watson	f	244-4662 Nisl. Road	t	056 7911 3388	0441	MU1130248811174014918355367870	Cakewalk	diam. Sed diam lorem, auctor quis,	2022-10-26 01:21:11	671848.00	3557.00	2023-05-11 14:37:05
223	75	4	Jillian Medina	1-431-273-5238	enim@hotmail.ca	Lance Medina	t	5834 Arcu. Road	f	0845 46 48	14559	VG2934813362540358865166	Apple	ullamcorper viverra. Maecenas iaculis aliquet diam.	2021-09-11 07:26:51	811478.00	81478.00	2021-06-16 09:13:04
224	39	5	Brenna Pickett	1-777-780-3337	nunc@aol.edu	Piper Workman	t	270-3132 Parturient Rd.	f	070 8093 4800	4541	PK9778477481867956248175	Sibelius	nibh. Donec est mauris, rhoncus	2022-05-20 23:26:05	953555.00	5844.00	2022-07-31 13:33:29
225	59	3	Ivy Glenn	1-200-713-4211	libero.dui@aol.com	Vladimir Navarro	f	583-7353 Sem Av.	f	0800 657756	15234	MC0566118515832604927794657	Microsoft	mauris. Morbi non sapien molestie orci tincidunt adipiscing.	2022-04-25 18:44:43	872054.00	55072.00	2022-05-19 14:29:56
226	59	5	Gray Fulton	1-616-479-6388	lorem.vitae@google.couk	Ira Burris	f	154-8985 A, Street	t	070 2786 3326	77482	MT65MNOF37355345483633715882456	Chami	lorem vitae odio sagittis semper. Nam	2022-04-22 08:55:17	428331.00	78369.00	2021-10-29 21:43:00
227	38	4	Mia Haynes	1-838-369-2504	et.libero@outlook.com	Ira Stevens	t	1418 Nec Street	t	(01841) 467527	94-32	CR5956675555348788595	Google	mauris eu elit. Nulla facilisi. Sed neque. Sed	2021-08-10 00:52:50	544594.00	89739.00	2021-06-13 16:25:09
228	82	4	Thor Burns	1-612-203-1846	eleifend.cras.sed@icloud.edu	Jameson Richardson	t	P.O. Box 298, 4070 Vel Rd.	t	0845 46 47	8053 RF	CH9482157665741043642	Lavasoft	quam vel sapien imperdiet ornare. In	2022-10-05 05:44:24	734404.00	78903.00	2022-06-30 21:02:27
229	37	4	Jessica Strong	1-857-209-2153	elit.erat@aol.ca	Dahlia Gallegos	f	386-8566 Donec Ave	f	(0181) 463 2375	B53 5HK	LT545255351147611608	Borland	velit eu sem. Pellentesque ut ipsum	2023-04-03 22:48:59	131565.00	57809.00	2023-01-15 15:54:56
230	46	7	Paul Stokes	(689) 788-4568	erat@aol.org	Rhonda Lara	f	Ap #438-6080 Lobortis Rd.	f	0800 1111	965514	MD8976271232288736660166	Adobe	mauris. Suspendisse aliquet molestie tellus. Aenean egestas	2021-08-18 00:31:54	236232.00	30602.00	2022-09-08 17:46:14
231	49	2	Tanner Curry	(351) 587-3150	posuere@google.org	Colette Nieves	t	209-4720 Ut Road	f	0800 845586	13057-50541	GE86633095716855926168	Microsoft	neque vitae semper egestas, urna justo faucibus lectus, a	2021-08-13 07:03:34	306842.00	67453.00	2023-01-15 08:14:38
232	42	3	Jesse Ramos	1-655-482-0589	ut.molestie@hotmail.couk	Linus Wagner	t	513-7359 Arcu St.	t	0800 1111	31474	SK9656471521831375866731	Yahoo	aliquet libero. Integer in magna. Phasellus dolor	2023-05-18 22:31:22	50189.00	98630.00	2023-01-18 13:04:34
233	51	5	Guy Wolfe	(812) 371-5415	phasellus.nulla.integer@yahoo.com	Cadman Molina	f	283-3742 Aliquam Rd.	t	076 3553 5463	T1C 5R9	AT925444870867827488	Microsoft	eu augue porttitor interdum. Sed auctor	2022-06-23 04:25:59	79239.00	87767.00	2022-03-15 12:27:48
234	62	5	Caleb Snyder	1-435-685-4177	litora.torquent@outlook.ca	Uta Tyson	f	P.O. Box 238, 2053 Lacinia. Rd.	t	(016977) 0843	02385	SK6297776585062555992894	Yahoo	Cras pellentesque. Sed dictum. Proin eget	2022-01-13 06:00:46	872739.00	2094.00	2022-09-08 19:42:10
235	90	3	Steel Evans	(896) 764-1573	ligula.nullam.feugiat@icloud.edu	Rogan Boyer	t	Ap #374-2902 Magna, Av.	f	(0111) 840 5628	U67 8HB	LV30PBXU7143563063846	Microsoft	diam. Sed diam lorem, auctor quis, tristique ac,	2021-09-11 02:45:49	802074.00	20907.00	2023-03-15 05:13:45
236	36	3	Jane Melendez	(590) 939-0085	quisque@icloud.com	Sandra Chan	t	Ap #798-5406 Gravida. St.	f	0500 240637	JA1 2EJ	AE563624527981238741013	Finale	sagittis. Nullam vitae diam. Proin dolor.	2021-09-20 18:38:11	184593.00	98986.00	2023-04-24 14:11:13
237	88	3	Hector Chapman	(145) 754-4355	egestas.aliquam@icloud.edu	Conan Meadows	f	9246 Enim Road	f	0800 947 4766	21074	MU5316224501844305136958468703	Sibelius	velit dui, semper et, lacinia vitae,	2023-02-24 22:09:11	84798.00	29323.00	2021-12-22 00:37:58
238	26	4	Hedy Day	1-171-253-1565	tortor.at@icloud.com	Alea Rodgers	f	523-9857 Lectus, Rd.	t	070 8555 6885	06518	MK75602247724795495	Apple	ultrices. Vivamus rhoncus. Donec est. Nunc ullamcorper,	2023-04-11 06:10:42	264751.00	73791.00	2021-08-11 08:26:43
239	96	4	Eliana Roman	1-912-717-4712	dignissim.lacus@outlook.org	Tiger Mcguire	t	850-1640 Eu Road	t	0800 197 5165	5457 YB	LI8642866242616867371	Amazon	Pellentesque ultricies dignissim lacus. Aliquam rutrum lorem ac risus. Morbi	2022-02-13 21:56:19	512332.00	26376.00	2022-09-15 17:49:58
299	40	5	Jillian Puckett	(366) 697-8131	varius.et@yahoo.ca	Kermit Monroe	t	775 Lorem, St.	t	055 6586 7735	V6J 4N7	AL56829160878183421535187559	Borland	sem, consequat nec, mollis vitae, posuere at,	2021-12-14 05:08:10	905149.00	34981.00	2023-04-11 00:23:41
240	64	6	Rafael Gill	1-814-752-8685	nunc@protonmail.ca	Giacomo Wolf	t	Ap #911-361 Nulla Rd.	t	(01651) 917033	370566	HU19805346709264234354855181	Google	Nulla tempor augue ac ipsum. Phasellus vitae mauris sit	2022-04-26 02:03:16	740717.00	33651.00	2022-10-15 00:01:42
241	59	4	Colette Maldonado	1-620-445-4687	vulputate@outlook.ca	Bevis Downs	f	712-6183 Commodo Av.	f	055 2166 1395	369111	DK0858448613208482	Amazon	quam, elementum at, egestas a, scelerisque sed, sapien. Nunc pulvinar	2023-03-25 06:13:57	560148.00	39853.00	2023-02-15 13:50:25
242	49	2	Garth Schneider	(738) 564-7788	et@google.org	Ciaran Young	f	428-3344 Iaculis Rd.	f	07624 207272	870715	TN1432703666177651369988	Adobe	auctor odio a purus. Duis elementum,	2023-04-12 10:57:18	39994.00	81461.00	2022-03-20 11:49:12
243	76	4	Mariko Wallace	(643) 798-4465	elit.elit@hotmail.net	Deborah Hess	t	Ap #422-5126 Nunc Ave	f	(01560) 217733	7525	MK87668157153854979	Chami	Phasellus at augue id ante dictum cursus. Nunc	2022-10-16 02:53:26	870924.00	70839.00	2021-10-04 03:12:04
244	69	3	Fuller Fischer	(707) 526-7184	dis.parturient@google.ca	Zephania Rosa	t	917-6971 Nonummy Street	t	(0161) 622 6267	5610	TN1288599936797765610646	Apple	nec quam. Curabitur vel lectus. Cum sociis natoque	2022-12-19 09:19:13	437038.00	59926.00	2021-07-09 15:47:51
245	24	7	Chiquita Reese	(974) 979-5873	nam@protonmail.org	Cyrus Mcgowan	f	504-2736 Nisl Ave	t	07195 585814	1255	MD8715182459756911495447	Chami	nunc est, mollis non, cursus non, egestas a, dui. Cras	2022-04-24 14:48:53	363032.00	93800.00	2022-05-24 18:15:01
246	59	3	Brent Norton	(642) 995-8569	et.arcu.imperdiet@hotmail.net	Ezekiel Dunlap	f	P.O. Box 699, 8629 Morbi Ave	t	056 2044 4831	7887	TN0510181419467847078710	Borland	semper egestas, urna justo faucibus lectus, a	2021-10-24 03:15:46	322851.00	35236.00	2021-10-19 10:11:21
247	98	6	Joel Santos	(578) 705-4674	parturient.montes@icloud.net	Xantha Mendoza	t	P.O. Box 572, 8438 Lobortis St.	f	0800 728248	85432	MD6763537831790966210655	Adobe	pharetra ut, pharetra sed, hendrerit a,	2021-07-20 15:09:57	842325.00	87049.00	2022-09-13 16:16:30
248	15	5	Dacey Crosby	(376) 846-5238	velit.eget.laoreet@aol.couk	Justina Clark	t	Ap #486-5037 Aliquam Rd.	f	056 6158 4394	65268	IS608736846613273723928533	Adobe	pellentesque a, facilisis non, bibendum sed, est. Nunc	2023-06-01 22:18:55	861961.00	79653.00	2021-06-12 15:08:46
249	99	6	Hiroko Rogers	(431) 437-7686	nibh@google.ca	Honorato Pace	f	P.O. Box 699, 5677 Maecenas Rd.	f	(01613) 832296	68-761	DK8133711320687246	Sibelius	arcu. Vestibulum ante ipsum primis in faucibus orci luctus	2022-10-02 02:48:22	526379.00	91880.00	2022-05-10 21:34:17
250	30	3	Tamekah Good	(878) 442-3853	ac.turpis@google.com	Rhea Golden	f	P.O. Box 777, 111 Nunc Ave	t	07624 762491	217305	GR9865377138431172857195954	Yahoo	ipsum primis in faucibus orci luctus et ultrices	2023-05-28 17:15:53	810900.00	53090.00	2022-03-18 06:38:56
251	53	5	Branden England	(572) 841-2975	fringilla@aol.couk	Mechelle Dean	t	519-1576 Egestas. Ave	t	(016977) 8772	2462	MT60CCSJ78633934172210812717791	Microsoft	lobortis quam a felis ullamcorper viverra. Maecenas	2022-04-24 17:50:36	495236.00	45881.00	2023-04-13 12:35:10
252	37	4	Isabella Brennan	(587) 224-6214	non.hendrerit.id@aol.com	Ebony Orr	t	Ap #325-2751 Suscipit St.	t	07184 825735	522176	KZ448368243084416438	Borland	sit amet, dapibus id, blandit	2021-08-25 23:51:35	926688.00	89137.00	2023-03-13 16:24:34
253	45	7	Cheryl Foley	(235) 131-7787	tellus.non.magna@yahoo.couk	Lareina Prince	f	9619 Quis Road	f	0800 128 5937	5964	ME63330315807687507834	Chami	Aenean egestas hendrerit neque. In ornare sagittis felis.	2023-02-10 09:23:51	549510.00	48824.00	2023-03-06 06:51:27
254	59	5	Neve Conrad	1-852-337-7125	arcu.vivamus@yahoo.org	Halee Cruz	f	1005 Cras Road	f	0814 922 0133	8357	CZ5425803446144666268052	Amazon	nisi sem semper erat, in consectetuer ipsum nunc id	2022-06-15 11:03:21	775087.00	37110.00	2021-08-14 19:13:13
255	34	3	Jasmine Mcmahon	(993) 666-7328	nec.ante@icloud.net	Xandra Randolph	t	143-3542 Et Av.	f	(01443) 725236	39888	HR5976058444113335385	Cakewalk	Curae Phasellus ornare. Fusce mollis. Duis sit amet diam	2021-08-20 13:41:05	823201.00	11517.00	2022-11-21 02:34:37
256	11	4	Drew Harper	1-327-451-3515	malesuada.fames@outlook.com	Leslie Whitaker	t	360-397 Posuere Road	t	0800 1111	12204	NO0597431201228	Borland	ante lectus convallis est, vitae sodales	2023-04-30 14:20:35	288921.00	37162.00	2023-01-06 17:49:36
257	40	4	Kitra Shannon	(495) 325-6853	duis.sit@icloud.ca	Ramona Becker	f	393-8012 A Av.	t	070 3189 6868	6957	TN2641593417757691467615	Sibelius	aliquet, sem ut cursus luctus, ipsum leo elementum	2023-02-21 05:03:58	429843.00	13835.00	2023-05-20 20:38:09
258	68	5	Katell Marsh	(211) 462-2455	risus.a.ultricies@protonmail.couk	Kenyon Berger	f	688-5234 Nonummy St.	t	055 7719 8062	25877	LB79803391150822854621569476	Finale	id, libero. Donec consectetuer mauris id sapien.	2022-03-08 12:00:20	302064.00	49596.00	2022-01-04 05:52:17
259	38	6	Travis Skinner	1-679-339-7678	sociis.natoque@google.ca	Elvis Leon	t	Ap #329-2683 Enim, Road	f	(0161) 057 0674	42153	HR8629224354111524858	Adobe	non, cursus non, egestas a, dui. Cras pellentesque. Sed	2022-03-22 15:49:22	368829.00	13173.00	2021-06-27 10:39:06
260	1	4	Ulla Britt	(212) 274-4946	tellus.suspendisse@protonmail.ca	Wade Gallagher	t	344-8069 Ipsum. Avenue	f	(016045) 55666	9433	BA521734576741616496	Lavasoft	mi lacinia mattis. Integer eu lacus.	2021-07-23 18:08:44	910578.00	24932.00	2022-08-31 02:47:15
261	27	5	Abel Vincent	(992) 687-7896	pharetra.nibh@google.com	Chaney Sanford	f	102-9399 Duis Avenue	f	0343 618 0984	443457	IT210GXHVI33626255563528826	Adobe	et ultrices posuere cubilia Curae Donec tincidunt.	2021-10-01 13:58:52	940693.00	27898.00	2023-04-30 13:46:14
262	13	2	Lacota Mcmahon	(416) 581-4792	odio@aol.org	Nero Poole	f	Ap #181-6518 Pharetra Road	t	0342 671 9387	2680 RJ	AT130201685425483634	Microsoft	in sodales elit erat vitae risus. Duis a	2022-03-08 18:01:03	972730.00	13981.00	2023-05-18 11:59:34
263	78	6	Vincent Frye	1-131-495-4824	enim.nunc.ut@google.com	Ezekiel Ramos	t	497-8377 Orci Rd.	t	(01492) 109638	7338-1666	MU8225248141671845929446455784	Borland	mi enim, condimentum eget, volutpat ornare, facilisis eget,	2022-02-06 13:22:39	16872.00	31663.00	2022-04-29 10:56:10
264	78	3	Caesar Beasley	(123) 101-2733	ac.mattis@aol.org	Logan Head	t	824-3120 Mauris Road	t	0800 491 1555	9486	LI7517138314717512404	Finale	orci luctus et ultrices posuere cubilia	2022-05-12 08:17:56	712501.00	45159.00	2022-01-22 09:42:45
265	41	7	Price Horton	1-112-277-1548	sagittis.placerat@aol.org	Riley Willis	f	139-7962 A St.	f	070 6162 3256	1869	PS727333322393968262146981328	Finale	iaculis nec, eleifend non, dapibus rutrum,	2022-07-12 14:30:25	506068.00	5038.00	2022-05-01 10:12:13
266	36	3	Leilani Hart	(403) 644-7642	dictum.eu.eleifend@aol.net	Timon Reynolds	f	Ap #661-3499 Lacus Avenue	f	(01649) 848792	S7N 8V4	MD6733772140022120686573	Amazon	volutpat. Nulla facilisis. Suspendisse commodo tincidunt nibh.	2022-09-21 19:56:24	385653.00	94453.00	2021-11-25 20:29:42
267	78	3	Shaeleigh Livingston	1-523-969-2324	et.euismod.et@protonmail.edu	Natalie Rosales	t	Ap #942-4556 Lorem Rd.	f	056 0577 5689	9238-7812	CH3463584638416252364	Cakewalk	risus quis diam luctus lobortis. Class	2022-11-20 23:28:20	909062.00	24408.00	2022-01-09 18:52:04
268	83	5	Kim Anthony	1-956-312-9187	mauris.id.sapien@protonmail.ca	Lucius Lloyd	t	Ap #877-4617 Volutpat St.	t	0845 46 42	6804 VD	LV11TXSG5864178953255	Microsoft	quis arcu vel quam dignissim pharetra.	2021-12-27 09:06:07	350493.00	32744.00	2021-12-14 01:48:29
269	75	4	Miranda England	(213) 607-8512	elementum.dui@aol.net	Chaim Hawkins	f	P.O. Box 240, 551 Id Avenue	t	(01355) 38563	140441	HR9664796781126116315	Finale	Cum sociis natoque penatibus et magnis dis parturient montes,	2022-05-13 08:12:09	960651.00	69925.00	2022-12-01 05:43:38
270	78	3	Constance Berry	(284) 595-5537	lacus.quisque@protonmail.ca	Henry Crawford	f	Ap #652-8109 Non Avenue	t	0800 1111	6887	HU06170643256747963568457856	Apple	congue. In scelerisque scelerisque dui. Suspendisse ac	2023-03-27 20:32:24	951597.00	22437.00	2023-06-01 00:09:46
271	83	5	Daria Oneil	1-665-732-5229	a.purus@google.couk	Quamar Cohen	t	P.O. Box 635, 6773 Mi Rd.	f	0335 431 8845	64869	SK7545715378473900354266	Adobe	malesuada vel, venenatis vel, faucibus id, libero. Donec consectetuer mauris	2022-06-12 06:14:12	136014.00	93110.00	2023-01-08 21:16:42
272	58	6	Carly Fleming	1-682-473-3414	nullam.feugiat@google.org	Xavier Luna	t	Ap #944-479 Vel Street	f	0500 123853	266363	MC9724222834331739515080854	Borland	consectetuer, cursus et, magna. Praesent interdum ligula eu	2022-10-14 23:35:41	750855.00	82223.00	2022-12-11 20:23:25
273	22	2	Nayda Hoover	1-565-852-4396	placerat.velit.quisque@protonmail.couk	Yoshi Trujillo	f	612-2341 Posuere, St.	f	(01757) 44769	314360	RO03MPBC4474644738978593	Amazon	porttitor vulputate, posuere vulputate, lacus. Cras interdum. Nunc sollicitudin	2021-11-04 00:01:42	584082.00	70483.00	2023-02-25 17:46:46
274	78	7	Abigail Stark	(365) 246-5864	et.ultrices.posuere@outlook.ca	Jermaine Hatfield	f	Ap #998-9559 Dictum Ave	t	070 5122 3441	3685	DO65456338280303137225684475	Borland	purus. Maecenas libero est, congue a, aliquet	2023-01-28 04:01:57	818019.00	31332.00	2022-08-30 21:44:22
275	81	3	Lamar Underwood	1-971-966-0838	sagittis.duis@outlook.net	Maryam Hernandez	t	613-2528 Vel St.	t	(024) 6351 3777	5566	ES8962993004284353533624	Borland	vitae purus gravida sagittis. Duis gravida. Praesent	2022-05-26 05:10:24	23417.00	20284.00	2021-08-24 09:13:59
276	98	2	Christine Norton	1-163-655-4186	scelerisque.scelerisque@icloud.edu	Martin Hubbard	t	826-8730 Mattis Road	t	(016977) 6897	75015	TN4864684861448567555357	Cakewalk	non quam. Pellentesque habitant morbi tristique senectus	2021-07-22 01:48:49	822635.00	24500.00	2023-02-01 04:31:14
277	24	3	Venus Ray	(438) 867-3860	eu.enim@icloud.edu	Burke Floyd	f	P.O. Box 657, 7450 Consequat Av.	f	(0121) 722 4674	2882	MK83880848646882724	Sibelius	elit, dictum eu, eleifend nec, malesuada ut, sem. Nulla	2021-10-19 10:19:04	446920.00	72450.00	2022-02-21 09:56:47
278	97	5	Mufutau Underwood	(388) 348-8797	non.massa@icloud.com	Tatiana Huber	f	367-6319 Morbi Av.	f	(01784) 74483	2619	ES2420882125911137904753	Microsoft	Suspendisse sed dolor. Fusce mi lorem, vehicula	2021-08-08 09:17:32	206275.00	50490.00	2021-12-25 16:41:21
279	80	5	Price Gay	1-263-217-6351	diam@google.ca	Julie Kirby	t	746-1968 Non, St.	f	(01351) 88459	8959	CZ1334822673484223818979	Cakewalk	adipiscing elit. Aliquam auctor, velit eget laoreet posuere, enim	2021-06-26 16:23:09	373131.00	81964.00	2022-11-12 10:36:45
280	14	5	Tanya Carney	(645) 603-5463	ornare@icloud.edu	Ariel Ortega	t	258-3160 Id Rd.	t	0800 148698	17322	GT02234468364153478192819242	Borland	non quam. Pellentesque habitant morbi tristique senectus et netus	2021-12-18 05:00:26	843884.00	88322.00	2023-02-25 23:33:08
281	3	6	Brenna Graves	1-658-287-3343	malesuada.ut@protonmail.com	Keiko Wood	f	Ap #481-1189 Pellentesque Rd.	t	0373 665 6106	36132	SE4985332325553439526804	Cakewalk	Fusce feugiat. Lorem ipsum dolor sit amet,	2023-03-27 17:03:17	831259.00	25101.00	2022-08-17 05:25:50
282	78	7	David Cunningham	1-886-342-9203	non@aol.org	Aphrodite Burgess	f	966-7436 In Street	t	0831 255 1007	5518	GT65474140926452972183736169	Finale	urna. Ut tincidunt vehicula risus. Nulla	2022-04-01 19:30:27	782517.00	2938.00	2023-03-24 04:29:27
283	52	3	Isaac Brennan	1-573-973-2918	ac.eleifend@outlook.org	Cole Holland	t	4664 Iaculis Avenue	f	0800 678212	5565	GR9221847180676116123845871	Yahoo	sapien. Nunc pulvinar arcu et pede. Nunc	2022-09-03 18:00:54	821168.00	69674.00	2022-05-13 00:11:10
284	76	6	Carolyn Lester	1-468-784-2734	luctus.ipsum@protonmail.net	Denton Becker	t	535-2640 Quis Ave	f	0500 216755	B9M 4H2	RS74713938246661234185	Lavasoft	imperdiet dictum magna. Ut tincidunt orci quis	2021-08-07 15:23:32	186568.00	66195.00	2023-02-11 01:11:47
285	2	4	Xyla Padilla	(545) 206-6819	dui.nec@protonmail.org	Jackson Moss	f	9534 Est Street	f	055 3247 2636	30203	AD8361589649541458867760	Chami	mollis vitae, posuere at, velit. Cras lorem lorem, luctus	2022-06-26 10:26:30	587562.00	60508.00	2021-11-18 19:35:51
286	98	3	Xandra Eaton	(558) 252-5562	eu.dui.cum@icloud.edu	Adrian Leach	f	Ap #738-7330 Mauris Av.	t	(0112) 845 4828	567156	RO39POHF6464566273529374	Chami	eu erat semper rutrum. Fusce dolor quam, elementum at, egestas	2022-03-18 22:40:12	194158.00	51274.00	2022-08-05 06:34:01
287	90	5	Noah Mccray	(962) 644-5618	dolor.sit@icloud.net	Renee Barnes	t	335-2836 Nec Avenue	t	055 3100 6048	LW3N 9GB	FI9176823135805682	Apple	lorem fringilla ornare placerat, orci lacus vestibulum lorem,	2023-01-31 23:44:03	777406.00	88474.00	2022-01-15 20:19:16
288	52	5	Jordan Boone	(606) 223-1812	tristique@protonmail.com	Griffith Carlson	t	236-2569 Sed Av.	t	0500 073145	48-476	IT333WSBUI57128266628538944	Microsoft	mauris elit, dictum eu, eleifend nec, malesuada ut, sem.	2021-06-08 12:22:15	890707.00	99665.00	2022-08-26 22:31:24
289	73	2	Plato Young	(449) 127-7413	odio@aol.couk	Xyla Richardson	f	667-6291 Tincidunt, Street	f	07624 431362	9173	DO46192241122787064258812956	Chami	at risus. Nunc ac sem ut dolor dapibus gravida.	2021-08-19 00:16:06	554128.00	82332.00	2021-10-13 06:48:23
290	93	5	Darrel Shelton	(914) 231-6227	sem@yahoo.edu	Maile Hess	f	4473 Rutrum. Av.	f	07400 604249	55606	GR0205761613472238747338158	Apple	et magnis dis parturient montes, nascetur ridiculus mus. Proin	2023-02-03 16:11:33	3297.00	61523.00	2022-03-29 14:03:32
291	100	6	September Bray	1-180-338-8354	sed.pede@google.edu	Hedda Page	t	Ap #721-7306 Condimentum. St.	f	0500 629071	359291	PT87418033721594121563742	Sibelius	tempor augue ac ipsum. Phasellus vitae	2022-08-06 11:12:28	705919.00	31870.00	2021-12-22 00:07:41
292	86	5	Veda Carey	(426) 258-4921	et.magnis@google.couk	Barry Keller	t	Ap #495-2651 Neque. Avenue	t	(023) 4500 7943	24-27	GR5566757668673552184451288	Lavasoft	Aenean massa. Integer vitae nibh. Donec est mauris, rhoncus id,	2022-10-15 16:44:28	719537.00	61033.00	2021-06-04 22:16:01
293	7	5	Idola Maxwell	1-661-837-4162	a.felis.ullamcorper@outlook.ca	Ferris Newton	f	231-8282 Suspendisse Street	t	(01786) 518163	3871	RS05626844506974863168	Cakewalk	Aliquam ornare, libero at auctor ullamcorper, nisl arcu	2021-10-07 09:09:04	987252.00	47321.00	2022-02-04 10:20:05
294	37	6	Troy Baird	1-710-772-8437	orci.phasellus.dapibus@protonmail.ca	Destiny Holman	f	P.O. Box 653, 1360 Eu St.	t	0938 383 0271	72-722	ME06079623292795505090	Sibelius	at, velit. Pellentesque ultricies dignissim lacus. Aliquam	2022-08-18 18:12:07	212545.00	85108.00	2022-03-16 11:12:16
295	52	5	Jade Bolton	(155) 407-1451	odio@icloud.ca	Xaviera Reed	t	Ap #246-7222 Id, Rd.	f	(01874) 556178	13851-766	MK74417462280686348	Cakewalk	arcu vel quam dignissim pharetra. Nam ac	2021-08-05 19:48:08	448040.00	46737.00	2021-10-23 02:13:16
296	4	7	Ella Poole	1-180-442-5313	ipsum.curabitur.consequat@yahoo.edu	Merritt Copeland	t	358-1503 Sit St.	f	0800 732352	815245	AL48686740614794588806344414	Amazon	faucibus orci luctus et ultrices posuere cubilia	2022-09-15 11:57:17	688311.00	21430.00	2021-10-10 07:31:53
297	26	6	Jennifer Shannon	1-831-976-7762	tempor.arcu.vestibulum@aol.ca	Erica Haney	f	Ap #126-5795 Facilisis, Road	f	(01856) 46683	4223	AT797382127393420458	Finale	elit. Etiam laoreet, libero et tristique	2022-07-07 09:08:34	161993.00	8204.00	2022-06-21 11:48:13
298	79	4	Dolan Frye	(496) 627-2697	arcu.morbi.sit@protonmail.net	Elizabeth Payne	f	921-4089 Dolor Avenue	t	076 1884 3615	573366	MU8002511354126727734503383576	Yahoo	congue, elit sed consequat auctor, nunc nulla	2021-07-24 02:16:54	507016.00	29843.00	2023-04-14 03:30:13
300	8	3	Juliet Whitehead	1-318-789-5531	faucibus@icloud.org	Illiana Flynn	t	945-1150 Vel, Av.	t	(01781) 24502	769418	AL83825719267261215485935969	Google	Ut tincidunt vehicula risus. Nulla eget	2022-07-14 06:45:08	678744.00	31717.00	2022-11-22 13:41:54
301	54	5	Linda Sampson	(726) 632-1791	nullam.ut@outlook.org	Chelsea Hale	f	288-3378 Aliquam Av.	f	(016977) 5561	89804-305	VG2827484111828324179777	Adobe	risus. Morbi metus. Vivamus euismod	2023-03-06 03:18:32	468132.00	76450.00	2021-12-07 15:41:08
302	68	4	Brian Serrano	1-698-352-5569	ornare.sagittis.felis@protonmail.org	Ethan Frank	f	410-4569 Quis Avenue	f	(014681) 23716	5816	TR975878156027450158775855	Lavasoft	tellus. Suspendisse sed dolor. Fusce	2022-10-13 02:30:05	414815.00	76475.00	2022-06-30 00:59:29
303	48	6	Tatum Bryant	(553) 255-8069	odio@icloud.net	Rogan Hogan	t	Ap #604-5440 Commodo Rd.	f	(016977) 1148	650734	CH3683122425367489121	Adobe	Nam ligula elit, pretium et, rutrum non,	2021-10-20 17:01:03	432739.00	62338.00	2022-10-21 21:31:19
304	36	5	Lance Ray	(497) 232-3105	suspendisse.sagittis@aol.ca	Beau Henson	t	818-9357 Eros. Av.	t	0873 789 6970	5901	SK5841717613202787465448	Apple	Aliquam gravida mauris ut mi. Duis risus odio,	2022-12-21 13:23:46	321367.00	5467.00	2021-12-04 06:15:27
305	34	3	Sasha Diaz	1-243-346-9922	nisi@outlook.com	Benedict Landry	f	P.O. Box 420, 7414 Venenatis Street	t	0318 813 4864	E11 9YF	GE17319155822776733854	Microsoft	consectetuer, cursus et, magna. Praesent interdum ligula	2021-09-13 09:15:27	358314.00	18255.00	2022-12-15 00:22:40
306	34	7	Reagan Kramer	(341) 944-3348	ut.quam@icloud.couk	Buckminster Dalton	f	686-1336 Luctus Rd.	t	055 1414 1747	83-640	LB67229951444453167316561786	Microsoft	Duis at lacus. Quisque purus sapien, gravida non, sollicitudin	2021-06-03 01:18:09	147242.00	25047.00	2022-06-09 17:55:01
307	13	6	Scott Patton	1-574-873-2117	eget.massa.suspendisse@yahoo.couk	Jemima Richmond	t	Ap #761-9618 Sodales Road	f	070 1205 1182	5221	FR1277863264141696680456111	Microsoft	egestas lacinia. Sed congue, elit sed	2022-12-16 21:11:35	25187.00	58434.00	2021-12-24 06:05:25
308	55	5	Samuel Allison	1-358-400-3518	non.magna@hotmail.com	Kelsey Robertson	t	Ap #517-8072 Eu Road	f	(024) 8535 3178	51147	LU232142557783120458	Yahoo	et magnis dis parturient montes,	2022-11-16 08:18:34	530948.00	55364.00	2021-12-15 07:51:33
309	38	5	Channing Rush	1-370-854-3168	nunc.mauris.sapien@aol.net	Herman Flowers	f	Ap #654-3806 Leo, Street	f	(01137) 556773	1888	SE2742734176175513722525	Sibelius	lacinia. Sed congue, elit sed consequat auctor, nunc	2021-09-23 10:53:40	83668.00	5306.00	2022-12-23 04:37:04
310	12	5	Suki Warren	(614) 832-5245	turpis@yahoo.com	Jeremy Harding	f	Ap #730-3181 Eleifend Ave	t	070 9779 6233	181474	ME54275623413111407619	Microsoft	libero nec ligula consectetuer rhoncus. Nullam velit dui, semper	2022-11-18 02:31:47	734267.00	64765.00	2023-02-28 20:12:36
311	23	5	Maya Casey	(625) 388-0827	convallis@aol.edu	Xander Buckley	t	Ap #495-375 Scelerisque Av.	t	(0114) 543 8787	210557	IE94WTZF35379103913456	Sibelius	Suspendisse sed dolor. Fusce mi lorem, vehicula et,	2022-01-06 10:04:08	452398.00	41635.00	2023-01-28 08:10:04
312	85	3	Yen Barber	1-497-835-1272	eleifend.vitae.erat@protonmail.edu	Hedy Campos	t	275-8550 Senectus Av.	t	0800 1111	94708	PK7186616140412371423366	Chami	Donec felis orci, adipiscing non, luctus sit amet,	2023-01-05 12:33:04	85469.00	19111.00	2021-08-09 07:30:34
313	27	4	Zoe Hatfield	1-364-186-4877	penatibus.et.magnis@outlook.ca	Harriet Davis	f	939-5565 Eu Rd.	f	(017815) 21806	64169	RO49DVHN1482778012035764	Apple	lorem semper auctor. Mauris vel turpis. Aliquam adipiscing lobortis	2021-09-24 08:48:28	161107.00	14470.00	2021-11-27 01:46:51
314	80	4	Caleb Camacho	(121) 453-7869	cras.eget.nisi@yahoo.couk	Bernard Forbes	f	180 Sed Rd.	f	0321 427 9698	41919	PK1890498395334072376033	Amazon	at, velit. Cras lorem lorem, luctus ut,	2023-05-01 14:26:00	739534.00	31825.00	2023-05-25 15:46:31
315	78	3	Candace Orr	(559) 103-7883	viverra.maecenas@icloud.couk	Melyssa Gould	t	508-5597 Nec Rd.	f	(019160) 36961	79465	AL24126688585615768587215325	Finale	vel, convallis in, cursus et, eros.	2022-11-02 07:42:13	70842.00	98183.00	2021-09-26 03:32:03
316	35	3	Wing Harrell	1-256-684-9284	accumsan@icloud.net	Kenyon Barnes	t	1286 Nonummy. Avenue	t	055 0288 1413	316824	IL679442373566453417773	Borland	In scelerisque scelerisque dui. Suspendisse ac metus vitae	2023-02-28 03:10:30	16789.00	80728.00	2022-11-25 03:47:30
317	65	6	Amir Nolan	(264) 385-7243	donec@hotmail.couk	Jenna Acevedo	f	140 Cras Road	t	07624 119697	2472-6284	RO27JEKL2316125447321018	Yahoo	pretium et, rutrum non, hendrerit	2022-10-03 05:10:30	246047.00	90055.00	2023-05-01 11:41:21
318	95	4	Wang Mccall	(425) 163-1666	gravida.aliquam@yahoo.net	Daphne Guzman	f	555-2698 Sed Av.	t	0800 1111	373185	PL44213621561856665612666474	Finale	semper. Nam tempor diam dictum sapien. Aenean massa.	2022-11-20 16:43:25	777289.00	97857.00	2023-02-05 11:58:34
319	28	6	Leigh Conner	(562) 439-5385	sociis.natoque.penatibus@google.edu	Brody May	t	7820 Ante St.	f	(01954) 308797	9273	SM9637877156773779166848086	Borland	eget nisi dictum augue malesuada	2021-09-25 05:14:57	922398.00	25419.00	2022-10-25 05:15:25
320	33	5	Aurora Warner	(679) 833-7252	sociis.natoque@aol.edu	Abigail Decker	t	636-650 Lorem Street	f	0845 46 45	123645	NO8075641436486	Amazon	Aenean eget magna. Suspendisse tristique neque venenatis lacus.	2022-11-24 06:14:15	766772.00	89409.00	2022-03-23 21:15:02
321	3	2	Gemma Robinson	1-911-743-1464	parturient@google.ca	Athena Page	f	906-5547 Magna. St.	f	(025) 0481 2565	4645	SE0975361617409816567366	Adobe	Mauris ut quam vel sapien imperdiet	2022-10-25 18:30:18	100300.00	40872.00	2022-06-28 15:51:59
322	17	3	Cyrus Kim	(842) 566-3407	et.lacinia@hotmail.org	Blaze Atkinson	f	714-2067 Mus. Street	t	(0161) 417 2936	72-54	GB55NNBM02273684688754	Adobe	Cras eget nisi dictum augue malesuada malesuada. Integer	2021-11-01 10:45:52	357985.00	90624.00	2022-08-22 19:53:02
323	79	7	Larissa Campbell	1-655-382-6127	est@icloud.net	Kaitlin Alford	t	Ap #237-2116 Massa Avenue	t	0800 773676	06118	SK4748348540262317968803	Adobe	morbi tristique senectus et netus et malesuada fames	2023-01-06 07:59:29	686362.00	58073.00	2023-01-09 13:33:08
324	30	5	Reece Evans	(669) 430-5569	molestie@google.com	Zeus Warner	t	176-783 Euismod Av.	t	0845 46 46	91732-15224	AT375280152512018821	Lavasoft	hendrerit. Donec porttitor tellus non magna. Nam ligula elit,	2023-03-05 03:25:36	511229.00	93654.00	2022-07-28 21:58:34
325	80	5	Cooper Richmond	1-484-763-1697	morbi.sit@aol.ca	Hannah Sloan	f	9829 Mauris St.	f	055 2417 9568	39501	SI31863602462950716	Microsoft	vitae aliquam eros turpis non enim.	2021-12-14 10:21:23	222970.00	4086.00	2023-02-19 01:45:10
326	91	6	Signe Castro	(463) 452-8425	tempor.est@aol.net	Hollee Mcintosh	f	P.O. Box 828, 5642 Duis Rd.	f	(01870) 347438	8057-5995	TN2438018105745592436523	Microsoft	tellus. Suspendisse sed dolor. Fusce mi lorem, vehicula	2021-11-26 07:08:53	516553.00	41679.00	2022-10-10 17:21:33
327	66	3	Shannon Wood	(342) 231-5847	ac.ipsum.phasellus@yahoo.com	Britanney Pena	t	575-165 Et St.	f	0500 462346	453557	KW7758946655851834178696647927	Apple	nulla. Integer vulputate, risus a ultricies adipiscing,	2022-11-22 12:15:13	395690.00	77862.00	2021-12-02 11:14:24
328	84	4	Jorden Wiley	1-471-331-3516	tellus.phasellus@google.org	Ryder Duke	t	827-2394 Magnis Avenue	t	(01689) 635867	62852	KZ507556715138729163	Sibelius	arcu. Vestibulum ut eros non enim commodo hendrerit.	2021-08-06 22:23:52	28820.00	11585.00	2022-01-16 14:24:28
329	12	3	Melvin Humphrey	(658) 757-8041	consectetuer.adipiscing@outlook.couk	Dennis Castillo	f	553-4537 Aliquam Rd.	t	0800 471744	0668	LU366379579814382671	Amazon	quam. Curabitur vel lectus. Cum sociis natoque penatibus et	2022-05-12 19:46:08	435873.00	11453.00	2022-08-11 15:34:02
330	86	6	Aurelia Grant	(340) 618-9822	sagittis.semper.nam@icloud.org	Eliana Bass	f	P.O. Box 420, 6321 In Avenue	t	056 1168 3757	62462	LT473684493781687253	Borland	nisi magna sed dui. Fusce aliquam, enim nec	2022-05-04 22:28:12	898873.00	48760.00	2022-10-13 15:47:21
331	25	7	Shay Huber	(582) 349-2846	pharetra@yahoo.edu	Otto Conley	t	Ap #879-1557 In Av.	f	0500 954624	52861-58825	FR4071067643768861863303192	Borland	ipsum cursus vestibulum. Mauris magna. Duis	2023-05-19 03:39:37	849356.00	86413.00	2022-02-10 16:37:32
332	92	2	Cameron Sampson	(634) 307-1307	id.enim@outlook.net	Harrison Estrada	t	4609 Varius. Street	f	055 1645 9739	64884	CH4755393045240148729	Borland	et ultrices posuere cubilia Curae Phasellus ornare.	2022-11-29 19:13:32	549787.00	92321.00	2022-01-18 00:59:52
333	51	4	Zenia Alford	(554) 576-4381	et.netus@google.com	Berk Davenport	f	Ap #771-6015 Dolor Rd.	f	(017952) 00607	852570	GB95ICHB87823753679423	Microsoft	Nulla eget metus eu erat	2023-04-05 06:54:49	984972.00	41342.00	2022-01-08 18:32:27
334	76	2	Vera Garrett	1-598-485-4597	venenatis.vel.faucibus@hotmail.org	Madaline Shepherd	f	284-382 Nunc Road	t	07624 757503	27693	DE95212617351817665732	Amazon	Mauris nulla. Integer urna. Vivamus molestie dapibus ligula.	2021-12-07 03:43:49	296334.00	32684.00	2022-11-28 07:49:11
335	69	5	Ashely Perez	(766) 933-1846	enim.mi@yahoo.com	Walter Black	t	Ap #514-9224 Ullamcorper, Road	t	0802 665 8877	5882	EE341138006075381513	Yahoo	magna, malesuada vel, convallis in, cursus	2022-06-23 10:10:04	551199.00	61057.00	2021-10-09 03:34:30
336	46	3	Erin Durham	1-442-437-7005	pulvinar@google.edu	Vera Terry	t	Ap #169-7316 Ut, Avenue	t	0500 859646	2681	KW0745687544720382179884805566	Google	Fusce dolor quam, elementum at, egestas	2022-03-30 16:22:23	987943.00	99608.00	2023-05-16 15:49:52
337	13	6	Isabelle Dudley	1-715-871-1366	mauris@icloud.ca	Silas Morrow	f	8506 Nunc Avenue	f	07624 155522	932448	HR3456167777445224863	Microsoft	egestas. Aliquam fringilla cursus purus. Nullam scelerisque neque sed	2022-10-28 18:44:42	441861.00	51696.00	2022-06-05 01:15:05
338	88	5	Cain Cline	(873) 977-2807	placerat.orci@aol.couk	Palmer Sears	f	4794 Neque St.	f	056 7801 6764	5088-3439	CH7075110179805689998	Apple	ipsum primis in faucibus orci luctus et ultrices	2021-07-13 11:03:04	56947.00	51073.00	2022-04-06 04:46:57
339	14	7	Cameran Diaz	1-475-732-7741	diam.nunc.ullamcorper@protonmail.com	Imani Kim	t	546-8679 Nunc Road	f	076 9148 7175	45213-91783	AE523671369254836893473	Amazon	pede. Cum sociis natoque penatibus et magnis dis parturient	2023-01-27 21:10:29	12420.00	61104.00	2021-12-07 17:22:22
340	35	5	Giacomo Tyler	1-398-655-2943	donec@outlook.edu	Erasmus Lloyd	t	Ap #347-7780 In, Av.	t	(0119) 677 8165	484383	ES2525116311630356663441	Chami	dolor. Fusce feugiat. Lorem ipsum dolor	2021-12-07 07:13:20	926358.00	26298.00	2022-03-29 03:15:39
341	34	3	Yetta Harper	1-619-728-7834	in.tempus@google.ca	Vladimir Crosby	f	Ap #507-9286 Non Road	t	(015520) 51226	55932	MK15809854323334482	Finale	nec, eleifend non, dapibus rutrum, justo. Praesent luctus.	2022-09-03 16:56:54	61353.00	1597.00	2022-03-22 20:47:31
342	84	7	Ivan Meyers	1-353-785-0973	aliquam.erat@yahoo.org	Lillith Peck	f	Ap #339-7622 Erat St.	t	076 2302 0324	215647	KW5433913813435277712167386333	Chami	molestie sodales. Mauris blandit enim consequat purus.	2021-12-28 23:33:29	412077.00	82491.00	2022-04-22 04:54:17
343	40	6	Hall Marks	(823) 787-2724	sed.hendrerit@icloud.ca	Lane Pratt	t	310-8851 Convallis Avenue	f	(015543) 74543	15312	BA122921841033681268	Apple	morbi tristique senectus et netus et malesuada fames ac	2021-08-19 08:45:58	566225.00	59066.00	2022-06-19 21:32:27
344	95	2	Hop Richard	1-313-811-2160	ut.pharetra@protonmail.ca	Zeph Blackburn	t	Ap #549-7181 Blandit Ave	f	0845 46 45	5790	PK4741146954541724075691	Yahoo	facilisis non, bibendum sed, est. Nunc	2022-10-11 18:56:38	573601.00	68157.00	2022-09-01 20:07:49
345	24	5	Kennan Porter	(653) 909-2238	justo.proin.non@aol.ca	Veronica Levine	f	Ap #855-8767 Velit. St.	f	0800 1111	964528	KZ194292648124674708	Microsoft	sem ut dolor dapibus gravida. Aliquam	2022-05-06 16:58:11	117693.00	74186.00	2022-04-10 21:56:45
346	13	6	Bert Randall	(751) 892-3485	dolor.sit@outlook.couk	Tamekah Butler	f	P.O. Box 491, 2243 Vitae Av.	t	0380 232 4313	1218 CQ	NL92VRIA2395145157	Google	aliquet, sem ut cursus luctus, ipsum	2022-06-15 23:54:16	426728.00	27272.00	2022-04-23 16:28:16
347	47	2	Kadeem Torres	(161) 453-9976	tristique@icloud.ca	Anthony Mcmahon	t	7196 Nulla St.	t	070 3612 5685	26376	LB95303787101693621717161373	Finale	Morbi accumsan laoreet ipsum. Curabitur consequat, lectus sit amet	2021-12-19 01:40:00	687807.00	92642.00	2021-10-18 01:38:48
348	20	3	Blossom Hancock	(857) 269-2534	malesuada@icloud.edu	Kenneth Olsen	t	756-1608 Amet Avenue	t	0845 46 43	7061	HU63506222828155874432585885	Borland	odio sagittis semper. Nam tempor diam dictum sapien.	2023-02-02 07:08:26	146963.00	56125.00	2022-03-24 20:36:02
349	77	6	Martha Patrick	(250) 772-7550	interdum.feugiat.sed@icloud.com	Tara Fitzpatrick	f	728-4409 Enim St.	f	0336 565 7546	400654	MC4785186147953898621230728	Borland	pharetra. Nam ac nulla. In tincidunt	2022-11-04 10:57:33	553025.00	48310.00	2021-07-22 15:21:53
350	54	4	Lars Giles	(762) 617-3228	imperdiet.ornare@yahoo.edu	Noble Fisher	f	382-8615 Nunc Avenue	f	070 6843 1355	9231-7273	IT783NJUEI35190441844416145	Yahoo	nec orci. Donec nibh. Quisque nonummy ipsum non	2022-06-13 11:04:28	635315.00	77259.00	2022-04-05 11:02:33
351	18	5	Kimberley Phillips	1-979-846-3893	donec.at@yahoo.com	Kirestin Potts	t	315-1848 Egestas. St.	f	0800 921 7531	318172	MR9126518324598778685818452	Chami	facilisis lorem tristique aliquet. Phasellus fermentum convallis ligula.	2021-06-25 17:39:26	660496.00	12771.00	2022-03-23 07:42:20
352	97	2	Seth Saunders	1-213-482-1292	ligula@hotmail.ca	Nathaniel Hernandez	t	Ap #707-2442 At, Ave	t	0800 1111	553670	GT78467688128667482424564820	Sibelius	Cum sociis natoque penatibus et magnis dis	2021-07-28 09:11:44	95745.00	22166.00	2022-03-09 17:17:19
353	31	4	Harding Castro	(290) 378-3336	non.arcu@aol.edu	Nicole Barron	f	4090 Morbi Av.	t	(025) 4605 6327	68-384	GE97308974472155122524	Google	ornare placerat, orci lacus vestibulum lorem, sit amet	2022-06-22 09:31:04	974755.00	61558.00	2023-04-30 18:39:59
354	34	4	Nell Ford	1-380-169-2439	nec@icloud.com	Cheryl Gaines	f	Ap #826-5282 Ac Rd.	t	0315 820 5277	1195	KZ372541921689446882	Sibelius	tempus, lorem fringilla ornare placerat, orci lacus vestibulum lorem,	2022-07-14 02:30:44	983757.00	82285.00	2023-05-19 22:00:02
355	79	3	Shea Edwards	1-287-647-1435	eu.nulla@outlook.couk	Cairo Long	t	824-785 Diam Rd.	f	(016977) 8273	8271	MD5638847640587736828234	Google	tellus non magna. Nam ligula elit, pretium et, rutrum	2022-06-24 08:05:25	696742.00	2339.00	2022-06-17 17:05:44
356	16	4	Quinn Tran	1-547-565-0673	donec@yahoo.edu	Isadora Berg	t	P.O. Box 935, 4541 Tempus, St.	f	070 8868 9032	212175	BE82014021166748	Yahoo	Cras sed leo. Cras vehicula aliquet	2022-08-02 09:11:36	140476.00	7519.00	2022-12-19 12:11:58
357	56	5	Ebony Kelly	(932) 488-8145	dapibus.quam@aol.org	Lilah Mclean	f	682-9052 Purus. Road	f	0853 813 4928	X8 4RD	KW6150667311642709470348784734	Apple	eu tellus eu augue porttitor interdum. Sed auctor odio	2021-09-19 03:04:27	344555.00	7703.00	2022-09-05 04:50:30
358	48	7	Kareem Serrano	1-691-748-1682	nascetur.ridiculus@hotmail.org	Carl Holmes	f	Ap #811-5039 Eros. Street	t	0800 1111	5033	SA5673897188525853923051	Finale	Mauris blandit enim consequat purus. Maecenas libero est, congue a,	2023-04-13 01:03:14	226050.00	93317.00	2021-07-11 23:14:20
359	2	5	Dara Hess	(181) 312-8743	placerat.cras@google.couk	Bethany Craig	t	Ap #709-472 Fringilla. Av.	t	0500 687763	5847	EE744332291906753797	Finale	Curabitur dictum. Phasellus in felis. Nulla tempor augue ac	2021-11-18 16:33:19	508784.00	29394.00	2022-04-08 14:53:05
360	67	4	Jarrod Aguilar	1-802-438-1147	euismod.mauris.eu@aol.org	Boris Nichols	t	967-6467 Mauris Ave	t	(014026) 24431	2047	EE025680155032551694	Apple	at pede. Cras vulputate velit eu	2022-09-22 02:29:20	70542.00	57411.00	2022-04-10 21:01:06
361	16	6	Hector Ashley	1-294-224-6623	malesuada@google.org	Pearl Shepherd	f	P.O. Box 458, 1523 Nec Avenue	f	0876 751 1118	755263	LI6168857143447137830	Borland	diam. Proin dolor. Nulla semper tellus id	2022-12-03 12:03:50	400525.00	14071.00	2021-08-30 04:39:05
362	77	5	Autumn Meyers	(680) 448-1834	interdum.enim@protonmail.com	Lisandra Terrell	f	6430 Lorem Street	f	0800 1111	40198-821	MU2251910026552888511552288608	Finale	aliquam arcu. Aliquam ultrices iaculis odio. Nam	2022-03-09 21:56:29	627201.00	91054.00	2021-10-27 12:48:59
363	58	3	Kathleen Martin	1-877-905-6327	viverra.donec.tempus@icloud.com	Halee Adkins	t	822-5960 Magna St.	f	056 4753 3026	3780	RS62824348625220493637	Adobe	adipiscing, enim mi tempor lorem, eget mollis	2023-02-22 23:01:49	18766.00	37211.00	2021-12-08 15:54:35
364	3	6	Hayfa Noble	1-620-748-3646	ut.ipsum@icloud.com	Tyrone Bentley	t	Ap #452-3024 Fringilla. Ave	t	055 2819 8738	482451	LT160971217331830154	Adobe	elementum, lorem ut aliquam iaculis, lacus pede sagittis augue,	2022-09-16 01:21:08	948428.00	81136.00	2022-06-20 14:29:18
365	53	3	Damon Burke	1-619-760-2173	risus.in@hotmail.org	Noelle Dorsey	f	164-3894 Magnis Road	t	076 4460 1798	2461	GR0462691778803005472763788	Chami	laoreet lectus quis massa. Mauris vestibulum,	2023-02-26 15:02:18	107989.00	38364.00	2022-06-14 03:42:26
366	25	2	Carson Leach	(539) 429-5894	metus.aenean@aol.ca	Demetria Willis	f	P.O. Box 240, 2918 Vitae Avenue	t	076 8206 5867	379178	GT35789538729214981746173858	Sibelius	neque vitae semper egestas, urna justo	2022-04-05 04:02:32	987665.00	95243.00	2022-11-13 06:28:39
367	68	2	Kylie Cantrell	(625) 879-6843	donec@protonmail.org	Erasmus Atkinson	t	331-6076 Sollicitudin Road	f	0858 344 8988	5276	GL8266588046092308	Yahoo	amet ornare lectus justo eu arcu.	2022-09-25 10:50:41	342213.00	73989.00	2023-04-23 08:34:07
368	30	3	Jin Molina	(228) 223-8036	hendrerit@aol.ca	Abel Lamb	t	677-8228 Dui St.	f	0311 471 5536	6342 DM	AZ67967761818172251496439577	Chami	feugiat nec, diam. Duis mi enim, condimentum eget,	2022-09-23 13:28:20	931234.00	44633.00	2023-02-22 01:40:15
369	92	7	Stacey Cantrell	1-122-656-6696	sed.pede@google.edu	Kiona Joyner	f	P.O. Box 634, 5776 Fringilla Street	f	07624 226577	8746	LU472644263414837147	Borland	molestie tortor nibh sit amet orci. Ut	2023-03-11 18:03:04	307158.00	78173.00	2021-06-16 14:52:43
370	77	7	Yeo Howell	(553) 382-3041	lectus.justo@icloud.ca	Libby Simpson	f	6033 Fringilla Ave	t	(01584) 151346	65285	ME45316236831434297981	Borland	malesuada fames ac turpis egestas. Aliquam fringilla	2022-09-23 12:54:17	102980.00	96378.00	2022-10-29 07:04:17
371	80	7	Chelsea Ramirez	1-528-582-8892	volutpat.nulla@outlook.couk	Laith Bowers	t	611-2523 Sociosqu St.	t	07115 812010	8433	AE516888495642680177636	Lavasoft	vitae erat vel pede blandit	2021-07-13 23:55:06	472718.00	59467.00	2022-05-16 08:04:05
372	47	5	Joshua Rasmussen	(332) 339-3835	in.scelerisque@outlook.ca	Sage Sharp	t	P.O. Box 377, 4352 Gravida Av.	t	(027) 4480 4250	4428	DE96726870354616504988	Finale	a, magna. Lorem ipsum dolor sit amet, consectetuer adipiscing	2022-02-02 07:41:12	663129.00	80366.00	2022-10-18 23:26:53
373	82	5	Gemma Gordon	1-955-370-6233	curabitur.massa@google.org	Hanna Colon	f	P.O. Box 442, 6095 Scelerisque Rd.	f	0968 402 8389	65858	GB54FPMN24996882105485	Amazon	Donec fringilla. Donec feugiat metus sit amet ante. Vivamus non	2021-07-04 19:53:07	419402.00	27171.00	2022-03-21 02:37:06
374	9	5	Mikayla Valencia	(865) 651-1547	eu@protonmail.couk	Lara Lambert	f	P.O. Box 542, 9160 Sem. St.	f	(0115) 168 4846	313683	KZ129625607105632027	Yahoo	elit, pretium et, rutrum non, hendrerit	2021-06-08 18:11:51	4689.00	97763.00	2023-05-23 10:14:33
375	76	3	Angela Lewis	(439) 271-1468	vivamus.nibh@protonmail.org	Timon Thomas	t	Ap #472-4846 Eu, Rd.	f	0845 46 44	470814	DE78467427884826842511	Finale	pretium et, rutrum non, hendrerit id, ante.	2021-11-20 15:32:51	128670.00	34033.00	2022-04-16 07:55:05
376	39	7	Raven Boyd	1-321-715-8263	interdum@hotmail.org	Keegan Haney	t	4061 Elit, Rd.	t	(027) 0075 8471	68585-28286	BH67736706176200838487	Finale	turpis. In condimentum. Donec at arcu. Vestibulum ante ipsum	2022-09-19 16:14:22	762247.00	3663.00	2023-03-16 10:49:17
377	96	6	Ori Short	1-455-572-2568	est.ac@google.ca	Wallace Boyer	f	250-8339 Facilisis, Road	t	07624 671181	65416	LU782656623747143712	Microsoft	odio vel est tempor bibendum. Donec felis orci, adipiscing non,	2022-11-25 16:44:09	398703.00	84758.00	2023-03-23 11:41:23
378	96	4	Harrison Ochoa	1-283-312-5348	convallis.convallis.dolor@yahoo.couk	Astra Hooper	f	288-7277 Ut Avenue	t	0985 682 1279	R32 5ZV	LB35142931590105052237812044	Adobe	sed libero. Proin sed turpis nec mauris blandit mattis.	2021-09-08 23:46:46	203384.00	1914.00	2022-03-29 16:59:29
379	29	6	Alma Caldwell	1-182-687-5881	magna.a.tortor@hotmail.edu	Olympia Buchanan	t	921-996 Feugiat. St.	f	0335 919 8328	715784	AD4568922530652421073415	Adobe	nunc, ullamcorper eu, euismod ac, fermentum vel, mauris. Integer sem	2021-07-20 09:18:44	342360.00	49711.00	2022-07-08 14:41:44
380	44	6	Jena Alexander	(754) 521-4426	malesuada.vel@protonmail.net	Judah Mack	t	549-1818 Pellentesque Rd.	f	056 3784 3465	78485	TN8888044311569073571271	Apple	lobortis mauris. Suspendisse aliquet molestie tellus. Aenean egestas hendrerit	2022-06-30 20:48:17	890881.00	63403.00	2022-03-06 15:23:40
381	69	5	Bert Tyler	(151) 833-2644	arcu.vestibulum@icloud.net	Declan Mcdaniel	f	Ap #992-9025 Faucibus Rd.	f	(0113) 637 1271	6667	GL7275276822762052	Cakewalk	turpis egestas. Fusce aliquet magna a neque. Nullam ut	2023-01-08 06:11:45	724622.00	16257.00	2021-12-25 07:29:43
382	99	6	Curran Miles	1-823-718-7783	sed.turpis@google.edu	Henry Graham	f	Ap #513-2610 Diam Av.	t	0800 1111	51682-17875	SI76776351113711768	Adobe	dolor sit amet, consectetuer adipiscing elit.	2023-01-26 20:44:17	514025.00	78341.00	2021-09-14 10:44:25
383	29	4	Kyle Perez	(377) 190-6457	convallis.erat@outlook.ca	Macaulay Alexander	t	899-9354 Mauris Av.	t	0800 485937	6188	BH78352864413165466815	Sibelius	turpis. Nulla aliquet. Proin velit. Sed	2021-10-26 21:02:26	430027.00	24967.00	2023-03-11 12:22:38
384	97	2	Hiroko Graham	(579) 978-5009	molestie.sodales@protonmail.net	Eagan Dudley	t	Ap #907-1347 A Avenue	t	076 2734 2034	28318-50067	AZ35568414953987237669925462	Lavasoft	orci. Donec nibh. Quisque nonummy ipsum non arcu. Vivamus sit	2021-10-09 07:56:01	725154.00	5768.00	2021-08-03 13:36:01
385	78	5	Hop Callahan	1-123-367-0466	consequat.purus@hotmail.net	Hillary Carter	f	Ap #354-5739 A, Road	f	(016977) 8894	Y8R 0B3	SK4163924482023324377865	Amazon	consectetuer, cursus et, magna. Praesent interdum ligula eu	2022-08-05 07:15:47	422340.00	72456.00	2022-06-21 07:37:12
386	72	4	David Bass	(865) 792-1213	mauris@hotmail.com	Gemma Butler	f	P.O. Box 286, 3053 Elementum Avenue	f	0845 46 41	2343	TR247882523394232877253866	Microsoft	vulputate velit eu sem. Pellentesque ut ipsum ac	2021-09-19 12:21:26	904255.00	22569.00	2022-05-15 03:53:30
387	34	5	Colleen Gallagher	(134) 328-6328	ornare@protonmail.net	Cody Knight	t	933-9401 Amet Road	f	(029) 1592 2127	51113	PT71122363622846143861536	Finale	Duis mi enim, condimentum eget, volutpat	2022-12-03 03:04:49	442314.00	37928.00	2023-03-24 02:40:05
388	56	2	Maite Mccoy	(453) 886-2884	auctor.velit@google.net	Keith Monroe	t	P.O. Box 786, 873 Ut, Rd.	t	0800 1111	426605	BA073377556024252167	Google	auctor odio a purus. Duis elementum, dui	2022-10-07 04:12:27	123526.00	85090.00	2022-12-08 02:51:14
389	30	5	Basia Morton	1-457-845-3823	at@yahoo.org	Grant Garcia	f	863-5637 Vehicula Road	t	0959 842 3286	78-517	SE1661853228837394424898	Lavasoft	quam dignissim pharetra. Nam ac nulla. In tincidunt congue	2023-02-17 16:38:02	153915.00	36567.00	2023-04-28 06:09:44
390	2	5	Jeanette Wolfe	1-882-148-0434	nunc.ullamcorper@outlook.com	Michael Farrell	f	P.O. Box 575, 3401 Semper Av.	t	0830 125 9313	8832	CZ3077528766836896374732	Finale	tellus. Suspendisse sed dolor. Fusce mi	2021-11-16 23:12:24	423844.00	45618.00	2023-01-18 15:25:04
391	88	4	Lewis Terrell	1-211-984-4327	est.mauris@yahoo.org	Timothy Dunlap	t	275-9648 Diam St.	f	0800 765 4139	5432	SI40541643232169474	Amazon	ornare, facilisis eget, ipsum. Donec sollicitudin adipiscing	2023-04-19 14:11:37	538114.00	22464.00	2021-06-14 09:16:48
392	74	4	Kaseem Powers	(615) 616-7914	amet.massa.quisque@hotmail.ca	Eaton Rhodes	t	P.O. Box 148, 718 Ipsum. Street	f	0800 202789	15822	PS186643136722313144867070414	Google	ut, nulla. Cras eu tellus eu augue	2021-12-29 06:48:13	57764.00	36306.00	2021-10-27 15:04:36
393	3	5	Giacomo Workman	(656) 277-7084	ultrices.posuere@protonmail.net	Seth Guzman	f	Ap #641-4893 Fermentum Avenue	f	(016977) 2846	33664	CR1165965134753204372	Apple	cursus vestibulum. Mauris magna. Duis dignissim tempor arcu. Vestibulum	2023-04-24 23:34:10	820049.00	62662.00	2022-06-05 03:05:32
394	19	5	Evangeline Kirby	1-160-227-4339	id.mollis.nec@hotmail.org	Nayda Valdez	f	Ap #222-6297 Turpis Rd.	t	056 2721 3589	433736	LU842548037403747218	Apple	scelerisque neque sed sem egestas blandit. Nam nulla	2021-07-08 23:30:45	45884.00	75617.00	2023-03-05 14:17:17
395	86	3	Carissa Chang	(434) 901-8475	et.rutrum@google.edu	Salvador Wheeler	t	Ap #417-3416 A, Avenue	t	(0181) 524 3866	59545	LB94836471638783485838933625	Adobe	lorem fringilla ornare placerat, orci lacus vestibulum	2022-12-07 23:37:28	329403.00	84881.00	2021-06-04 21:14:39
396	14	5	Graham Mcpherson	1-910-945-5156	sed.hendrerit@aol.edu	Carter Jacobson	t	Ap #817-7648 Sollicitudin Road	t	076 9321 9767	303366	GR5262675356523748652388916	Chami	fermentum convallis ligula. Donec luctus aliquet odio. Etiam	2022-04-12 21:16:12	37476.00	71421.00	2022-01-21 16:51:35
397	69	5	Lana Forbes	(674) 711-8147	pede.nec@yahoo.couk	Gillian Rodriquez	f	6567 Massa. St.	f	055 9608 4342	20702	ME15428517850192559635	Google	est ac facilisis facilisis, magna tellus faucibus leo, in lobortis	2021-12-29 09:48:38	847677.00	33349.00	2022-11-10 12:09:07
398	92	4	Quon Day	(373) 443-3616	sit.amet@hotmail.net	Yuli Parsons	f	755-1902 Vel, Avenue	f	0339 370 8374	18323	LV51HGTC4557451218638	Finale	non magna. Nam ligula elit, pretium	2022-04-08 09:12:46	920545.00	66296.00	2021-09-12 15:26:20
399	81	5	Neve Bird	1-368-113-3453	nisi.nibh@aol.edu	Griffin Cleveland	t	5956 Turpis. Street	f	(0171) 498 3664	55985	DK5203621876222580	Google	natoque penatibus et magnis dis	2022-11-13 04:07:22	612032.00	21211.00	2022-02-11 01:29:27
400	13	3	Gavin Ellis	1-237-785-8018	luctus.ipsum.leo@google.net	Ainsley Williamson	t	4221 Dolor. Avenue	t	0836 338 5466	18-670	DO02154432244049227688357045	Apple	cursus. Integer mollis. Integer tincidunt aliquam	2022-09-15 22:16:33	837935.00	61104.00	2023-04-02 05:27:04
401	90	2	Jolie Erickson	1-845-991-7464	praesent.luctus@google.org	Vanna Pace	f	615-5489 Donec Avenue	t	0800 257198	50203	AD5746696785643718396507	Apple	tincidunt, neque vitae semper egestas, urna justo faucibus lectus,	2023-04-12 17:17:51	770634.00	32818.00	2022-03-04 23:00:15
402	63	7	Yeo Anthony	(809) 358-6542	fringilla@hotmail.com	Mary Tran	f	5260 Egestas Avenue	t	0800 326 8366	8954 QI	AZ73432253576698866119778474	Lavasoft	nonummy ut, molestie in, tempus	2021-12-21 08:29:36	796415.00	9767.00	2023-03-03 11:14:26
403	96	5	Morgan Matthews	(781) 388-9145	aliquet@aol.edu	Sage Bean	t	769-6173 Proin Rd.	f	0845 46 42	628963	CH3825476695713063884	Adobe	Aliquam tincidunt, nunc ac mattis ornare, lectus ante	2022-01-07 15:57:50	78907.00	58228.00	2022-03-11 03:08:59
404	51	5	Jameson Tran	(837) 121-4588	eu.erat.semper@protonmail.com	George Luna	t	P.O. Box 328, 4550 Diam Street	f	0924 447 8765	21418	AZ70306741824755221324231262	Adobe	Fusce feugiat. Lorem ipsum dolor sit amet, consectetuer	2022-11-25 11:42:51	894410.00	45905.00	2021-11-22 08:55:33
405	96	4	Kaye Dixon	1-941-426-6935	lacinia.sed.congue@google.couk	Isadora Owen	f	264-646 Sed, Avenue	f	0800 465272	327688	DO13689833772495860204424338	Cakewalk	suscipit, est ac facilisis facilisis, magna	2021-11-28 03:11:15	880028.00	15848.00	2021-10-03 21:37:16
406	84	4	Pearl Wagner	1-515-217-2597	eget.ipsum@protonmail.edu	Miriam Williams	f	196-5336 Enim Street	t	0311 127 5358	6686 LL	AE315705574214661691747	Microsoft	facilisis non, bibendum sed, est. Nunc laoreet lectus quis massa.	2022-12-14 09:05:09	277494.00	23573.00	2021-08-13 03:50:15
407	47	5	Haviva Bruce	(861) 828-3121	ac@outlook.org	Kasper Fuller	t	P.O. Box 196, 6708 Convallis Street	t	(0131) 335 5033	8353	FI3721766575221827	Lavasoft	Donec tempor, est ac mattis semper, dui lectus rutrum urna,	2022-11-30 04:14:48	596441.00	59286.00	2023-01-18 09:12:26
408	11	4	Vivian Frazier	1-163-651-3729	donec.felis@outlook.couk	Malcolm Gay	t	Ap #825-1592 Sit St.	t	0800 794 5653	4314	BH94764007443881121188	Finale	arcu. Sed eu nibh vulputate mauris sagittis placerat. Cras dictum	2021-08-27 08:06:32	525682.00	75339.00	2023-05-28 06:46:42
409	40	5	Madaline Rhodes	(597) 313-2567	a.tortor@hotmail.org	Hayes Barnett	f	P.O. Box 880, 4846 Vulputate, Ave	f	076 0277 1488	475282	SI37174495133458841	Lavasoft	ligula. Aenean gravida nunc sed pede. Cum	2021-11-27 01:41:57	734311.00	97963.00	2021-11-01 05:12:24
410	93	5	Miriam Conrad	1-416-237-6764	in.condimentum@outlook.ca	Ora Castillo	f	Ap #792-8331 Hymenaeos. Ave	f	(0131) 380 2214	45217-338	AZ24948753066767606483393081	Adobe	Integer eu lacus. Quisque imperdiet, erat nonummy ultricies	2022-05-25 05:55:42	907132.00	7122.00	2021-08-31 09:58:18
411	2	6	May Mccray	1-165-835-9639	ipsum.cursus@hotmail.net	Micah Clarke	t	257-6324 Elementum Ave	f	0500 118112	4372	SI76665731265068436	Apple	euismod enim. Etiam gravida molestie arcu. Sed eu	2022-12-07 20:57:07	865988.00	80888.00	2022-05-19 12:18:21
412	1	6	Melvin Hodges	(265) 712-5264	ipsum@icloud.com	Macon Park	t	Ap #695-3398 Imperdiet, Ave	t	07771 517178	88563	BG86UGMP15836378413413	Sibelius	lorem vitae odio sagittis semper. Nam tempor diam	2021-06-06 22:22:27	789044.00	9283.00	2021-09-11 17:02:31
413	92	3	Raya Bender	(272) 154-5020	fermentum.metus@icloud.org	Portia Wood	f	464-5190 Nullam Street	t	0800 186 5875	62171	KW0766846476114240343236612805	Borland	tincidunt, nunc ac mattis ornare, lectus ante	2022-03-08 19:18:33	564218.00	32729.00	2022-12-14 18:06:05
414	31	4	Orlando Castillo	(329) 397-5719	sit.amet@aol.com	Omar Kim	f	Ap #195-3558 Elit Rd.	t	07403 951783	834897	NO9695436421362	Google	Mauris ut quam vel sapien imperdiet ornare. In faucibus.	2021-09-05 17:17:31	519375.00	65607.00	2021-12-27 13:24:08
415	65	4	Derek Lucas	1-789-468-3236	pharetra@yahoo.couk	Latifah Wiggins	t	939-5778 Ante Rd.	f	0800 489626	57784	KW5166715484801825811210255196	Adobe	Mauris quis turpis vitae purus gravida sagittis. Duis	2022-12-21 00:00:26	400978.00	40615.00	2022-03-03 13:05:29
416	62	4	Judith Barton	(771) 178-3256	sodales.purus@protonmail.org	Chester Hendrix	t	989 Elementum Av.	f	(0131) 163 1442	6188	SM2740807868846568101625623	Finale	hymenaeos. Mauris ut quam vel sapien imperdiet	2022-05-23 07:42:19	395764.00	89094.00	2021-07-31 08:28:14
417	38	6	Bo Bowen	(663) 998-4738	interdum.nunc@google.com	Zenia Macias	f	394-9230 Vestibulum Av.	f	07624 378941	82665	SI55101378212074266	Microsoft	Mauris molestie pharetra nibh. Aliquam ornare, libero at	2021-10-21 18:29:01	212706.00	30823.00	2023-03-03 13:36:46
418	79	3	Zeus Hines	1-605-187-7354	vel@aol.net	Kenyon Dennis	f	Ap #792-2049 Ligula Ave	t	(01368) 774890	8755	SE6783749338941982665727	Google	eros nec tellus. Nunc lectus pede, ultrices a,	2022-05-17 13:09:03	745211.00	46008.00	2021-12-13 08:21:57
419	52	7	Finn Rhodes	(146) 937-9618	nec@icloud.couk	Scott Stanley	t	Ap #455-4517 Elit Rd.	t	(0141) 308 6242	27-63	AE896263251253660896657	Amazon	neque sed dictum eleifend, nunc risus varius orci, in	2021-11-11 22:39:13	602678.00	42342.00	2022-03-22 12:37:14
420	100	5	Fritz Clark	1-744-563-4130	sapien.cursus@outlook.edu	Drake Clements	t	4046 A Road	t	(019194) 67428	896189	BA250253856637359176	Yahoo	facilisis lorem tristique aliquet. Phasellus fermentum convallis ligula. Donec	2022-11-02 07:12:25	142103.00	14349.00	2022-12-28 18:52:06
421	31	5	Germaine Sharpe	1-350-346-2037	cras.eget@hotmail.edu	Keiko Mathews	f	4590 Tristique St.	f	0817 567 5161	2866	LI7567802738832782637	Amazon	lacinia. Sed congue, elit sed consequat auctor,	2022-01-09 07:42:57	505179.00	15871.00	2022-03-14 09:23:58
422	67	3	Neil Lloyd	1-566-571-1478	fusce.fermentum@outlook.com	Justin Head	f	P.O. Box 284, 3130 Dolor Ave	f	055 9357 8972	8832-2110	PL84313049315298584286575848	Google	lectus ante dictum mi, ac mattis velit justo nec	2021-10-23 05:58:18	474980.00	38264.00	2022-04-12 17:03:24
423	56	2	Cody Macias	1-283-681-1732	dolor.donec@google.org	Rhea Robles	t	P.O. Box 992, 891 Dui, Rd.	f	0800 1111	4810	LV13TFTV0814763264765	Adobe	sodales elit erat vitae risus. Duis a mi	2022-08-13 15:12:26	196393.00	93935.00	2022-07-30 08:39:12
424	99	2	Wade Benton	1-915-241-8673	fringilla@protonmail.net	Walter Foreman	t	Ap #114-7254 Etiam Road	t	0845 46 44	66-501	RS87057781931795225789	Lavasoft	Integer mollis. Integer tincidunt aliquam arcu. Aliquam ultrices iaculis	2022-06-19 08:55:54	904382.00	18186.00	2022-11-24 03:43:56
425	36	6	Alika Hendrix	(714) 406-4057	iaculis@aol.edu	Justin Church	f	2402 Massa. Road	t	0814 458 5805	53013	MT75MOVJ84634803324284027382046	Apple	odio. Nam interdum enim non nisi. Aenean eget metus. In	2023-01-06 09:02:35	605563.00	23867.00	2022-09-18 07:43:28
426	32	4	Rhoda Wright	(546) 746-4042	facilisis@protonmail.com	Keiko Vincent	f	Ap #179-2378 Sit Avenue	t	0852 123 8737	34126	BA408704471685352349	Finale	sagittis felis. Donec tempor, est ac	2022-12-20 02:38:07	815495.00	51547.00	2022-01-12 08:29:06
427	77	3	Alexis Spence	(842) 970-9590	natoque.penatibus.et@protonmail.edu	Nola Preston	t	Ap #810-9157 Risus Ave	f	0924 247 4645	5813	CY21485161051879224421221368	Sibelius	Donec at arcu. Vestibulum ante ipsum primis in	2022-02-01 09:23:12	551182.00	46174.00	2023-02-23 23:53:34
428	37	3	Tana Brennan	(458) 664-4846	proin.nisl@icloud.edu	Hakeem Watson	t	4914 Et Avenue	f	056 5174 1251	301672	AL28113765427731655145848113	Yahoo	Nulla eget metus eu erat semper rutrum. Fusce dolor	2023-03-19 09:01:12	155856.00	85163.00	2023-04-16 15:01:55
429	71	4	Ulla Garrison	(964) 453-8443	sit.amet@hotmail.couk	Fulton Rich	f	Ap #845-3194 Iaculis St.	f	0350 811 3274	52-86	AT845053856975431231	Borland	ullamcorper viverra. Maecenas iaculis aliquet diam. Sed diam lorem,	2022-11-16 10:16:25	886201.00	8087.00	2022-07-21 20:53:07
430	18	4	Bryar Burch	1-813-246-6323	sit.amet.orci@outlook.org	Aiko Page	f	3977 Turpis. Rd.	t	(0121) 022 5312	7696	DE35752474133989120191	Microsoft	eget, volutpat ornare, facilisis eget, ipsum. Donec sollicitudin	2022-11-10 12:11:07	818162.00	64064.00	2022-10-24 23:51:23
431	62	5	Desirae Benjamin	(617) 653-8525	augue@hotmail.couk	Jena Meyers	t	910-2338 Ante Street	t	(018564) 37791	127595	KZ093968433696142179	Cakewalk	sapien, cursus in, hendrerit consectetuer, cursus	2022-02-05 23:20:37	303328.00	75184.00	2022-10-03 01:05:58
432	35	4	Jolene Cotton	(618) 347-5112	vulputate@yahoo.edu	Brendan Bray	t	Ap #707-931 Mauris. Street	t	056 8468 1613	86154	NO6054563695552	Sibelius	fermentum metus. Aenean sed pede nec ante blandit	2023-05-29 21:33:29	855018.00	13372.00	2021-12-15 10:19:58
433	80	6	Aaron Olsen	1-155-988-8023	erat@aol.ca	Yolanda Villarreal	f	814-3106 Maecenas Rd.	f	(01617) 81864	14742	DE73485343415135194125	Apple	fames ac turpis egestas. Aliquam fringilla cursus purus.	2023-04-29 08:29:14	551446.00	59779.00	2023-03-01 14:59:53
434	87	4	Karyn Robles	1-428-507-0437	faucibus.ut.nulla@yahoo.com	Holmes Lowe	f	P.O. Box 539, 5861 Commodo Road	f	07624 666925	2538	GL2104289423560444	Chami	tempus eu, ligula. Aenean euismod	2022-01-28 07:54:04	291050.00	17268.00	2021-08-12 12:58:59
435	64	6	Unity Jacobs	1-253-884-7775	vulputate.mauris.sagittis@icloud.net	Quentin Peters	t	192-1231 Dictum. Rd.	f	(0171) 354 4917	6268	AZ34531460407520075227378796	Finale	elit erat vitae risus. Duis	2022-06-21 20:06:25	683040.00	45295.00	2022-01-05 18:13:44
436	21	5	Abigail Michael	1-772-141-1483	arcu@yahoo.couk	Burke Browning	t	837-9608 Morbi Rd.	t	(022) 5738 0616	39054	TR704724441185163897974421	Adobe	Donec sollicitudin adipiscing ligula. Aenean gravida nunc	2023-01-22 18:55:06	39088.00	31617.00	2021-11-02 16:01:20
437	73	6	Zelda Gaines	(314) 905-2336	aliquam.enim@icloud.couk	Velma Lott	f	195-8128 Aliquam Avenue	t	(017735) 78274	CU80 0KU	PS950128302879793229207836857	Finale	aliquet lobortis, nisi nibh lacinia orci, consectetuer euismod est	2022-06-19 07:53:58	60424.00	45065.00	2022-12-12 14:32:59
438	97	4	Judah Holloway	(776) 749-8217	a.sollicitudin@icloud.com	Cooper Donaldson	f	397-4874 Mauris Rd.	t	(029) 8684 3628	828664	BE15598894584210	Sibelius	Mauris ut quam vel sapien imperdiet ornare. In	2022-01-30 07:08:35	902442.00	16706.00	2022-10-18 14:24:51
439	30	3	Jason Hunt	(855) 515-4781	nunc.ullamcorper.eu@google.com	Nasim Stark	t	6147 Et, Street	f	0897 399 7072	S6V 4S9	PS532762846332724335234727483	Google	id nunc interdum feugiat. Sed nec metus facilisis	2023-04-12 09:01:40	291923.00	60458.00	2021-10-20 05:40:31
440	95	4	Susan Durham	(642) 578-7088	malesuada.vel@aol.ca	Conan Stein	t	380-1718 Magna Road	f	(014873) 25666	72-34	KW4453173825684896168968542172	Sibelius	Nam porttitor scelerisque neque. Nullam nisl. Maecenas	2022-07-26 07:42:56	832745.00	5055.00	2021-06-24 00:43:54
441	53	4	Aladdin Bray	(168) 572-3142	a@aol.org	Bevis Kirby	f	369-5905 Mollis Street	f	0800 043 8888	68-755	PL80348953812031372354346573	Lavasoft	ultrices posuere cubilia Curae Donec tincidunt. Donec vitae erat	2023-02-15 06:41:18	726009.00	10790.00	2021-07-20 18:28:55
442	70	5	Madaline Farley	1-929-764-4615	amet.faucibus@aol.com	Addison Roth	f	Ap #961-8103 Taciti Av.	t	0800 768 2733	6164 AL	MT64CPGG49739804218911462575543	Apple	luctus vulputate, nisi sem semper erat, in consectetuer ipsum	2021-11-18 16:41:06	273280.00	33423.00	2022-05-24 04:04:26
443	18	4	Melinda Campbell	(685) 661-5621	malesuada.fames@yahoo.couk	Kelly Mccarthy	t	P.O. Box 417, 1018 Mi Ave	t	(01721) 141103	303765	AD4803327951484777835534	Adobe	Sed congue, elit sed consequat auctor, nunc nulla vulputate dui,	2023-01-15 03:03:37	383004.00	5365.00	2022-12-09 07:38:02
444	9	2	Jin Nguyen	1-508-554-5746	non.dui.nec@google.ca	Kylie Avery	t	P.O. Box 193, 5367 Fringilla St.	t	(024) 9542 0326	2294	BG60XQMH48417882463400	Cakewalk	turpis. In condimentum. Donec at arcu. Vestibulum ante ipsum	2022-09-28 09:47:35	372676.00	1643.00	2022-12-23 21:00:54
445	80	5	Isaiah Luna	1-433-736-2229	sapien@outlook.edu	Glenna Huff	f	9596 Montes, Avenue	f	0800 699879	1538-2381	TR752968274845759371481372	Cakewalk	ornare. Fusce mollis. Duis sit amet diam	2022-06-28 12:30:42	535079.00	13898.00	2022-11-10 20:42:49
446	30	5	Caldwell Barlow	1-472-137-5077	libero@aol.com	Lunea Doyle	f	561-9277 Fusce Av.	f	0946 382 7176	433357	SE6138105304857520654837	Yahoo	neque. Nullam ut nisi a odio semper cursus. Integer mollis.	2022-03-01 01:51:03	62214.00	11460.00	2022-11-12 08:45:31
447	42	4	Shoshana Gilmore	(121) 222-3735	dapibus.gravida@google.edu	Arden Colon	t	947-7161 Odio Avenue	f	(01826) 05503	692565	AT145959882347162024	Chami	ullamcorper viverra. Maecenas iaculis aliquet diam. Sed diam	2021-06-17 12:46:27	659340.00	14825.00	2022-02-04 00:54:29
448	90	7	Callie Howard	1-695-535-0885	gravida.praesent@icloud.com	Finn Finley	t	2095 Dictum Ave	t	076 1565 1188	520147	SI43237338517179632	Sibelius	urna. Nunc quis arcu vel	2022-09-06 12:26:49	610796.00	8768.00	2021-08-23 13:05:05
449	28	5	Justine Beck	(633) 425-1324	vitae.nibh@protonmail.net	Montana Curtis	f	8581 Cras Rd.	t	076 3627 0689	6941	BH83783565521016926485	Sibelius	eu arcu. Morbi sit amet massa. Quisque	2022-07-09 05:38:28	155479.00	61331.00	2023-01-16 14:37:50
450	50	5	September Osborn	(887) 910-8851	ullamcorper@protonmail.ca	Hiram Robertson	f	359-4229 Congue. St.	t	0879 630 2561	17125	NO2911558060514	Sibelius	adipiscing elit. Aliquam auctor, velit eget laoreet posuere, enim nisl	2023-01-09 23:34:52	294919.00	27966.00	2021-09-24 20:14:43
451	52	4	Charde Mcdowell	(745) 629-6948	cursus.et@hotmail.edu	Nathan Sharpe	t	403-3589 Vulputate Ave	f	0976 293 7541	68206	KW1420784839675842538359628485	Google	non, egestas a, dui. Cras pellentesque. Sed	2022-09-11 08:54:25	847113.00	90697.00	2022-07-06 19:13:29
452	15	2	Simone Strong	1-229-576-9723	adipiscing.elit.etiam@outlook.com	Camden Mercer	t	9260 Aliquet St.	f	055 1486 1254	647347	SM7653110234545535655733315	Cakewalk	amet diam eu dolor egestas rhoncus. Proin nisl sem, consequat	2023-02-28 03:24:07	350103.00	66537.00	2021-10-23 11:35:33
453	76	5	Dylan Lawson	(451) 337-6814	maecenas.ornare.egestas@hotmail.ca	Craig Smith	f	Ap #835-6927 Lorem Street	f	(0101) 485 8824	50118	EE275915441018685445	Sibelius	erat vel pede blandit congue.	2022-02-05 08:26:33	23681.00	16966.00	2021-06-08 10:53:08
454	16	2	Yasir Maynard	1-227-524-8564	facilisis.vitae.orci@google.com	Reese Vinson	f	327-9874 Justo. Rd.	t	(015144) 48025	64-598	TR100927661936683261588513	Apple	ut, sem. Nulla interdum. Curabitur dictum.	2021-11-06 22:21:22	371439.00	87077.00	2022-08-14 09:20:46
455	44	4	Anastasia Joseph	1-674-833-8834	nunc.id@aol.edu	Nevada Mcbride	t	419-5456 Luctus Street	t	0800 245558	7690	IL774564885116808824701	Apple	et, euismod et, commodo at, libero.	2022-02-11 16:27:51	302856.00	79979.00	2021-09-21 02:26:13
456	28	3	Cheyenne Mason	(267) 807-0251	aenean.eget.metus@yahoo.net	Charde Fernandez	t	P.O. Box 537, 5564 Pede. Ave	t	076 1722 4626	827281	BA563721393858633142	Amazon	orci tincidunt adipiscing. Mauris molestie pharetra nibh. Aliquam	2022-02-01 15:44:04	274640.00	6968.00	2022-05-05 11:37:36
457	78	3	Stephanie Patel	(541) 442-1055	sit@yahoo.ca	Laith Miller	f	P.O. Box 410, 1504 Non, Street	f	0500 244141	8732	IT043UQSWI28766373075978424	Chami	Suspendisse non leo. Vivamus nibh	2022-06-25 15:59:40	648634.00	21459.00	2022-08-06 04:44:40
458	20	5	Lillith Harmon	1-218-344-8587	fusce.aliquet@google.edu	Ulric Cortez	f	Ap #754-6503 Auctor, Ave	f	07327 138382	45-77	SA1227055227226520259123	Cakewalk	ac libero nec ligula consectetuer	2022-07-21 09:13:43	547660.00	40377.00	2021-09-30 14:03:29
459	96	4	Channing Sutton	(772) 728-6481	tellus.imperdiet@google.ca	Tobias Pena	t	P.O. Box 722, 8545 Natoque St.	f	0800 681049	568889	PT20722498484231641138634	Amazon	semper pretium neque. Morbi quis	2021-09-29 21:38:11	945408.00	61361.00	2022-01-07 10:16:54
460	63	6	Catherine Jarvis	(818) 756-2336	iaculis.odio@aol.com	Jonas Johns	t	Ap #677-3075 Tempor Av.	t	0800 120822	467528	SI06791582584965247	Borland	gravida sagittis. Duis gravida. Praesent eu nulla at sem	2021-09-11 08:45:39	418107.00	47876.00	2021-07-06 10:27:58
461	67	7	Juliet Mcintosh	1-674-764-2878	vel.convallis@protonmail.ca	Jonas Gilmore	f	188-2102 Sit Ave	t	(012727) 84756	378951	FI3327415347588210	Microsoft	orci sem eget massa. Suspendisse eleifend. Cras sed leo. Cras	2022-09-10 11:43:24	631987.00	44397.00	2022-11-15 07:55:09
462	72	7	Deanna Nash	1-680-513-9451	morbi@google.com	Baker Jensen	f	590-9414 Velit. Av.	t	070 1877 3420	81V 2E3	MK34186712717407398	Sibelius	sit amet nulla. Donec non justo. Proin	2021-10-22 03:02:54	950384.00	45331.00	2022-03-10 10:48:55
463	42	4	Garth Wolfe	(332) 353-5368	dignissim.maecenas@outlook.edu	Kylie Bonner	t	228-7257 Quis Avenue	f	0814 964 8863	12801-43998	IE39HXEN14278755099686	Finale	Integer vulputate, risus a ultricies adipiscing, enim	2021-09-17 06:32:39	578550.00	10284.00	2021-09-21 23:49:22
464	41	2	Hadassah Hughes	1-841-605-0528	ut.semper@protonmail.net	Ray Mooney	t	881-3508 Gravida Street	f	0800 1111	805208	PL95674073129172381551966153	Yahoo	venenatis vel, faucibus id, libero. Donec consectetuer mauris id	2023-01-01 15:50:06	741178.00	6167.00	2022-09-28 11:43:57
465	77	3	Celeste George	1-282-279-6829	et.magnis@outlook.org	Alan Delacruz	f	P.O. Box 878, 4815 Augue Avenue	f	(0181) 756 0271	42495	PT71883630775312538350856	Lavasoft	risus. Nunc ac sem ut dolor dapibus gravida.	2023-04-25 19:14:07	70181.00	54386.00	2022-02-19 20:27:13
466	25	3	Marsden Guerrero	1-766-513-3230	ac.mattis.ornare@icloud.couk	Jamal Bishop	f	632-7907 Quis St.	t	076 5115 4847	16339	RS11511517668542568992	Microsoft	sit amet orci. Ut sagittis lobortis mauris. Suspendisse aliquet	2021-12-06 09:49:46	939778.00	74837.00	2023-05-24 11:26:51
467	64	2	Sydney Mcbride	(111) 843-7823	nunc.sit.amet@protonmail.com	Riley Foreman	t	Ap #932-236 Nec, Ave	t	0500 526182	634544	EE176814222379932769	Microsoft	nisl sem, consequat nec, mollis vitae, posuere	2022-07-12 03:27:50	551308.00	95803.00	2021-11-02 16:21:50
468	28	5	Berk Shepherd	(672) 533-2396	ut@yahoo.org	Uma Foster	t	314-398 Nunc Street	t	(010552) 84285	99151	ES9030862688579918743406	Cakewalk	nunc. Quisque ornare tortor at risus. Nunc ac sem ut	2021-08-28 18:17:33	525993.00	70399.00	2022-05-14 12:17:13
469	79	2	Ivory Mosley	1-376-523-5386	massa.vestibulum@yahoo.ca	Oren Baxter	f	Ap #679-3843 Cubilia Ave	f	(014515) 31720	600781	AE561555323077232791020	Adobe	ipsum cursus vestibulum. Mauris magna. Duis	2021-12-17 07:38:53	36264.00	26600.00	2023-04-04 15:31:14
470	31	7	Stone Ballard	1-436-763-6103	nam.interdum@protonmail.net	Victor Miranda	f	630-8669 Pellentesque Street	f	0800 1111	577323	IT051IGDUI78121998668363943	Sibelius	euismod et, commodo at, libero. Morbi	2023-04-16 03:35:00	715862.00	55673.00	2021-12-21 14:57:52
471	98	3	Caryn Mcdowell	(617) 761-8353	ac@google.net	Moana Barker	t	Ap #151-8024 Integer Avenue	f	(016977) 0550	548789	FI8627647315528822	Google	turpis. Aliquam adipiscing lobortis risus. In mi pede, nonummy ut,	2023-02-10 09:23:53	470558.00	34176.00	2023-01-10 10:18:04
472	74	4	Haley Mays	1-926-217-0335	nunc.ut@google.org	Hakeem Kennedy	t	541-3187 Parturient Road	t	055 9515 2369	31405	NL87CPYG5297493883	Chami	nec, imperdiet nec, leo. Morbi neque tellus,	2023-04-06 09:26:09	843519.00	22324.00	2021-08-20 09:58:00
473	57	6	Jada Hodges	1-524-976-4737	luctus@outlook.org	Armand Kirk	f	939-5754 Venenatis Av.	t	0800 479 1706	42941	PS077125481272585356873943671	Google	sapien, cursus in, hendrerit consectetuer,	2022-05-29 07:23:18	313459.00	90663.00	2022-01-04 10:58:50
474	9	6	Bo Ross	(217) 937-7154	semper.erat.in@outlook.net	Abdul Mayer	f	P.O. Box 289, 3029 Nec, Rd.	t	055 5523 7535	57597	VG1193260175793512545415	Google	Donec fringilla. Donec feugiat metus	2022-05-16 22:00:06	735391.00	52619.00	2022-05-24 13:03:16
475	66	7	Harper Alvarez	(932) 736-3348	vitae@google.edu	Regan Ford	t	651-2125 Nullam St.	f	0800 1111	1753	SE2998740646941175743262	Lavasoft	ligula. Nullam feugiat placerat velit. Quisque varius. Nam	2023-05-25 08:42:26	160456.00	96343.00	2022-01-29 20:03:09
476	21	5	Rooney Landry	(228) 797-2327	mauris.non@google.edu	Hector Osborn	t	275-7142 Elit, Avenue	f	07624 723755	17-487	GB32JMPK22452925809442	Apple	Aliquam gravida mauris ut mi. Duis risus odio,	2021-12-23 08:59:38	386133.00	81161.00	2022-06-18 21:10:53
477	9	7	Benjamin Hutchinson	(885) 139-3501	lobortis@aol.edu	Joelle Lynch	f	775-4990 Vestibulum Rd.	f	0305 410 7877	15328	AT609847283256710814	Adobe	magna. Sed eu eros. Nam consequat dolor vitae	2021-12-04 05:02:04	166956.00	36053.00	2022-09-02 21:55:25
478	84	6	Bevis Becker	(558) 433-8768	dignissim@icloud.com	Gary Mclaughlin	f	577-7115 Luctus, St.	t	07624 434377	885311	IL561130041382221713558	Amazon	in felis. Nulla tempor augue ac	2022-04-11 23:34:57	329041.00	86617.00	2022-04-18 05:57:14
479	41	4	Paki Russo	(458) 654-5361	eget@yahoo.org	Rudyard William	t	Ap #350-9740 Lorem, Rd.	t	07624 827649	TT22 9PO	PK3565243215809818566223	Cakewalk	purus gravida sagittis. Duis gravida. Praesent eu	2022-08-11 18:25:34	68262.00	96222.00	2022-01-13 09:54:43
480	12	5	Ethan Vazquez	(568) 368-6592	morbi@hotmail.org	Lavinia Norman	t	564 Mauris Rd.	t	0833 864 2214	357425	GI43KHGF895810793468001	Sibelius	Vivamus euismod urna. Nullam lobortis quam a felis	2021-11-16 01:23:37	10820.00	27199.00	2021-12-25 01:26:36
481	32	5	Samson Cross	1-302-925-6373	sem@yahoo.edu	Barrett Fowler	f	688-3849 Nibh Av.	f	(01439) 254607	03477-45844	ES1076223438359848824454	Apple	quam a felis ullamcorper viverra.	2022-12-28 11:26:54	632301.00	97608.00	2021-10-15 07:42:17
482	55	4	Forrest Henson	(263) 204-1703	at.iaculis.quis@yahoo.ca	Tarik Acosta	f	P.O. Box 932, 1637 Augue St.	f	0500 211140	40L 4P4	VG0982145438177330864431	Chami	blandit at, nisi. Cum sociis	2022-09-16 18:14:02	187823.00	61160.00	2022-03-28 02:20:21
483	99	5	Hayes Stanley	1-263-873-4261	eget.metus@protonmail.edu	Micah Diaz	t	603-2481 Eu, St.	f	(016977) 3538	46965	SK6984628968807772684563	Finale	eu, eleifend nec, malesuada ut, sem. Nulla interdum.	2022-12-27 11:25:08	442204.00	78089.00	2022-03-11 22:54:49
484	25	5	Leah Kramer	(812) 361-1040	ac@icloud.ca	Melodie Cain	t	600-3848 Non, Avenue	t	(016977) 2377	3832	ES2206766984432148473596	Chami	orci. Phasellus dapibus quam quis diam.	2023-03-01 01:49:33	955607.00	79754.00	2022-05-08 09:47:20
485	91	3	Silas Dillard	1-865-302-3879	donec@google.edu	Nelle Gordon	f	729-4394 Amet Road	t	(01762) 66584	F1P 9Y3	AE626678656635712230398	Chami	mi fringilla mi lacinia mattis. Integer eu lacus. Quisque imperdiet,	2023-04-22 09:12:26	823607.00	58462.00	2023-01-16 14:54:20
486	47	4	Willa Compton	1-375-863-1543	molestie.orci.tincidunt@hotmail.net	Selma Chan	f	3119 Bibendum Ave	t	07624 377274	59154-05763	AL93858010059393907879514751	Lavasoft	quam vel sapien imperdiet ornare. In	2021-11-29 03:30:26	570529.00	47142.00	2023-01-14 04:51:52
487	47	5	Blaze Shields	1-510-674-7892	velit.pellentesque@protonmail.com	Selma Dillon	t	Ap #331-7064 Magna. St.	f	(010084) 11457	282877	KZ193439852475985155	Amazon	Donec elementum, lorem ut aliquam iaculis, lacus pede	2022-02-25 16:12:13	78756.00	63520.00	2022-09-10 04:43:49
488	11	5	Noel Mckenzie	1-725-368-8554	magna@outlook.org	Nelle Booker	t	P.O. Box 461, 8777 Consectetuer Avenue	f	056 7178 2308	45413	TN0773754749146317807077	Chami	eu tellus eu augue porttitor interdum. Sed auctor	2021-09-06 10:14:21	943085.00	86578.00	2022-04-24 19:55:18
489	35	2	Brandon Stout	1-604-385-7764	egestas.duis@google.com	Jin Davis	f	Ap #509-3536 A St.	f	0825 088 1014	2942	KZ818021283197136935	Microsoft	lectus, a sollicitudin orci sem eget massa. Suspendisse	2021-11-29 11:43:27	123808.00	50980.00	2022-01-27 19:41:49
490	70	2	Maia Bowers	(554) 248-3552	lacus@hotmail.couk	Laurel Stevenson	f	378-6335 Aliquam Av.	t	0396 295 6873	518718	NL68PEOD9568443643	Google	ultrices sit amet, risus. Donec nibh enim,	2021-12-21 23:58:43	849395.00	31780.00	2023-01-10 19:28:31
491	88	3	Kathleen O'brien	1-913-581-8223	arcu.curabitur@yahoo.org	Henry Moran	t	Ap #244-619 A Rd.	t	055 3431 8182	16849	LV76QQVT3428712938319	Apple	Aliquam rutrum lorem ac risus. Morbi metus. Vivamus euismod	2022-09-20 03:54:23	533885.00	16251.00	2022-01-02 08:00:12
492	80	3	Cameron Burris	1-718-189-0662	dui.fusce@yahoo.org	Stacy Ingram	t	190-3543 Fusce Av.	t	0800 1111	8573-4598	FR3848517554398485913759234	Yahoo	erat, eget tincidunt dui augue	2021-07-19 03:57:55	139332.00	52651.00	2022-06-27 22:48:31
493	76	5	Orlando Wall	1-841-306-8872	eget.venenatis@google.org	August Saunders	f	3696 Purus, Avenue	f	055 2941 2811	H2G 8L6	IE51XAOE77577281544821	Yahoo	quis turpis vitae purus gravida	2022-04-18 17:30:44	650598.00	36766.00	2022-10-10 08:08:56
494	8	2	Adena King	(734) 307-5481	pharetra.nibh@icloud.com	Charles Duran	f	Ap #531-9194 Nunc Ave	f	(018651) 68941	02383	LU375365043446546291	Microsoft	Donec at arcu. Vestibulum ante ipsum	2021-09-14 15:30:32	215030.00	76143.00	2022-11-10 23:42:33
495	6	2	Amy Gallegos	1-346-304-5222	nonummy@hotmail.com	Mara Lancaster	t	Ap #583-9293 Interdum St.	f	07350 533243	58160	KZ821625442395595345	Sibelius	iaculis aliquet diam. Sed diam lorem, auctor quis, tristique	2021-10-06 17:00:25	993190.00	83824.00	2022-12-11 18:02:39
496	95	6	Elijah Burgess	(392) 612-2657	lectus.justo@google.net	Genevieve Barber	t	519-2928 Fringilla Street	t	(01128) 58287	7858	SK6854666313406263667874	Microsoft	Donec dignissim magna a tortor. Nunc commodo auctor velit.	2021-10-11 19:10:59	927082.00	62747.00	2022-05-27 19:53:52
497	79	7	Morgan Hall	(691) 635-3843	dui@yahoo.com	Amelia Everett	f	P.O. Box 542, 8716 Faucibus Rd.	t	(0131) 264 1037	9300-0447	AE846584378798081550433	Microsoft	risus. In mi pede, nonummy ut, molestie in,	2022-08-19 07:41:45	334461.00	96147.00	2022-12-16 07:52:42
498	32	5	Paula Delacruz	(393) 739-6638	ipsum@hotmail.edu	William Mckinney	f	P.O. Box 538, 9857 Lorem, Rd.	t	055 4073 8386	66284	SI66807872235512171	Amazon	orci lacus vestibulum lorem, sit	2023-04-19 15:03:26	540302.00	41349.00	2021-10-21 05:32:10
499	93	3	Linda Mclean	(556) 637-4887	magna@aol.net	Emerald Witt	t	Ap #722-1235 Suspendisse Av.	f	070 8878 7774	82560	BA137815128384265851	Yahoo	enim commodo hendrerit. Donec porttitor tellus non magna. Nam	2021-08-25 20:51:48	114479.00	48806.00	2022-09-14 21:01:56
500	21	6	Catherine Gentry	1-341-842-7343	in@aol.net	Bert Chan	t	156-3601 Natoque Street	f	0362 859 6843	31554	CR6452316155125877763	Yahoo	nec metus facilisis lorem tristique aliquet. Phasellus fermentum convallis	2023-03-22 00:18:03	658188.00	47974.00	2022-05-13 08:15:30
\.


--
-- Data for Name: orderstatus; Type: TABLE DATA; Schema: public; Owner: gb_user
--

COPY public.orderstatus (orderstatusid, status, ismark) FROM stdin;
1	 	f
2		f
3	 	f
4	  	f
5		f
6		f
7		f
\.


--
-- Data for Name: productpics; Type: TABLE DATA; Schema: public; Owner: gb_user
--

COPY public.productpics (productpicid, productid, picname) FROM stdin;
1	115	a
2	28	vitae,
3	117	lorem
4	140	sapien
5	97	lorem
6	135	adipiscing.
7	121	lacus.
8	132	dui
9	96	et
10	3	consectetuer
11	4	Class
12	115	amet
13	3	eros
14	60	sit
15	102	Donec
16	118	aptent
17	122	vitae
18	31	imperdiet
19	28	adipiscing,
20	10	Phasellus
21	140	ac
22	94	ante
23	41	sit
24	112	nunc.
25	106	lobortis
26	94	pharetra
27	148	Ut
28	28	et
29	10	semper
30	69	risus
31	39	porta
32	130	erat
33	26	dignissim
34	96	Donec
35	107	aliquet,
36	116	nascetur
37	25	Donec
38	52	auctor,
39	86	fermentum
40	141	nisi.
41	134	faucibus
42	1	lorem
43	98	Nunc
44	83	eleifend
45	41	imperdiet
46	12	Phasellus
47	119	quis
48	104	magna
49	121	ipsum
50	83	lobortis
51	42	vitae
52	149	Cras
53	12	tempor
54	69	lobortis
55	91	purus
56	125	elit.
57	149	sit
58	76	In
59	31	amet
60	129	nibh.
61	1	egestas.
62	103	at
63	126	eget,
64	128	pretium
65	99	vitae
66	111	cursus.
67	34	penatibus
68	45	tellus.
69	103	aliquam,
70	62	turpis.
71	60	pede.
72	122	Aliquam
73	82	aliquet
74	12	dapibus
75	109	dapibus
76	94	odio
77	127	gravida
78	47	Aliquam
79	144	aliquam
80	33	dui.
81	108	est.
82	31	Fusce
83	4	cubilia
84	68	In
85	109	nostra,
86	99	Sed
87	56	ad
88	123	Duis
89	49	risus.
90	63	sollicitudin
91	124	massa.
92	105	volutpat.
93	6	iaculis
94	5	lobortis
95	24	Sed
96	139	dui
97	68	ante
98	40	a,
99	53	et
100	37	vehicula
101	141	pharetra.
102	118	Nulla
103	74	nibh
104	119	Mauris
105	38	Vivamus
106	74	dui
107	148	aliquam
108	145	ligula
109	93	montes,
110	69	est
111	119	dictum.
112	12	consequat
113	131	sapien,
114	75	lacinia.
115	126	Morbi
116	120	arcu
117	55	dui
118	53	sed,
119	45	in,
120	45	non,
121	61	ultrices,
122	114	magna
123	30	nunc
124	95	purus
125	28	erat
126	83	et,
127	99	Quisque
128	146	sem
129	42	pede
130	26	Proin
131	1	eros.
132	61	Duis
133	19	vitae,
134	12	vulputate,
135	10	vestibulum,
136	90	eu,
137	86	fringilla
138	37	lorem,
139	17	facilisis
140	28	Suspendisse
141	79	ante.
142	130	orci,
143	81	egestas
144	120	scelerisque
145	124	aliquam
146	17	sapien,
147	81	ante
148	132	diam
149	109	eu,
150	57	eget,
151	82	luctus
152	35	nisl
153	110	consectetuer
154	36	ante
155	105	ut
156	80	Nam
157	70	Suspendisse
158	60	felis
159	49	mi
160	134	sem,
161	48	ac
162	91	odio
163	106	non
164	85	Aliquam
165	30	nec
166	37	Donec
167	60	nec,
168	114	imperdiet
169	79	arcu
170	95	dolor.
171	16	lorem
172	19	ipsum
173	6	rutrum,
174	136	Sed
175	130	diam.
176	90	dapibus
177	145	In
178	40	lorem
179	52	condimentum
180	55	purus
181	12	hendrerit
182	99	eros
183	26	tellus
184	30	ipsum
185	11	nulla.
186	100	diam
187	68	vitae,
188	135	libero
189	112	vitae,
190	97	dictum
191	105	arcu.
192	47	a,
193	84	diam
194	121	ut
195	110	Mauris
196	21	Donec
197	12	mauris,
198	13	leo
199	141	lobortis.
200	86	id
201	109	lectus.
202	84	Morbi
203	143	Cras
204	68	amet,
205	112	nec,
206	95	Sed
207	91	Nullam
208	60	Sed
209	49	Phasellus
210	145	interdum
211	36	bibendum
212	90	fringilla
213	124	lacus
214	21	ridiculus
215	34	Donec
216	10	non
217	103	Nullam
218	115	adipiscing
219	49	sed,
220	149	fringilla
221	28	quis
222	98	ac
223	130	aptent
224	53	felis
225	111	Etiam
226	27	euismod
227	14	habitant
228	81	Cum
229	28	eget,
230	58	risus
231	86	Integer
232	7	eu
233	42	Duis
234	139	Pellentesque
235	15	luctus
236	55	scelerisque
237	61	semper
238	131	neque.
239	48	eget,
240	149	Mauris
241	81	nec,
242	92	cursus
243	140	feugiat
244	142	Suspendisse
245	140	tortor.
246	19	Nulla
247	61	id,
248	89	quis
249	137	arcu
250	9	amet,
251	31	varius
252	98	Vestibulum
253	112	ornare
254	137	fermentum
255	70	lectus
256	21	hendrerit
257	85	sit
258	132	sem,
259	32	quam
260	98	Nullam
261	67	est
262	94	primis
263	131	scelerisque
264	150	primis
265	68	velit.
266	33	penatibus
267	49	pharetra
268	134	feugiat
269	132	fringilla
270	46	ultricies
271	135	metus
272	71	tempus
273	141	non
274	26	In
275	140	lacinia
276	128	dolor.
277	39	nibh.
278	68	tristique
279	146	egestas
280	13	ut
281	109	metus
282	138	massa.
283	28	egestas.
284	14	cursus,
285	60	adipiscing
286	145	aliquet
287	145	Nullam
288	26	eget,
289	147	ipsum
290	123	penatibus
291	114	eleifend
292	73	mollis.
293	118	dapibus
294	92	Duis
295	4	purus
296	57	Donec
297	51	Nunc
298	103	odio
299	101	diam
300	137	vulputate
301	54	ornare,
302	49	sem,
303	77	pulvinar
304	105	Nunc
305	90	ipsum.
306	122	dapibus
307	101	urna.
308	87	malesuada
309	48	eget
310	139	nisi
311	77	sed
312	136	lectus,
313	40	lobortis
314	11	vel
315	43	auctor.
316	132	ipsum.
317	12	leo.
318	87	Nunc
319	115	tempor
320	21	magna.
321	102	massa
322	134	orci
323	145	pede
324	4	diam
325	49	viverra.
326	75	Quisque
327	25	Morbi
328	102	lacus.
329	12	sollicitudin
330	89	nisl
331	28	interdum
332	38	hendrerit
333	22	vel
334	39	pede.
335	148	mattis
336	119	mattis
337	4	quam
338	49	mauris.
339	10	nulla.
340	43	accumsan
341	128	Mauris
342	138	feugiat
343	54	urna
344	51	risus
345	32	enim
346	31	Donec
347	125	adipiscing
348	90	Nullam
349	61	dui
350	59	Donec
351	96	amet,
352	116	Nullam
353	47	nec
354	23	sollicitudin
355	100	lectus
356	113	odio
357	75	est.
358	60	enim
359	69	Mauris
360	112	sapien.
361	22	nec
362	108	eget
363	135	turpis
364	6	nascetur
365	137	non,
366	2	eu
367	5	magna
368	32	lacus.
369	143	conubia
370	132	Cras
371	90	eu
372	110	tristique
373	87	luctus
374	106	eu
375	47	ac
376	135	Pellentesque
377	21	pede.
378	71	sit
379	131	tincidunt
380	21	nec,
381	95	amet,
382	129	luctus
383	123	magnis
384	74	aliquam,
385	84	consequat
386	36	dolor.
387	5	lectus
388	86	dui.
389	105	Nunc
390	142	velit
391	85	molestie
392	49	nec
393	91	rutrum
394	45	nibh
395	13	a,
396	83	feugiat
397	48	dolor
398	128	interdum.
399	134	ligula.
400	50	laoreet
401	96	Nulla
402	9	sollicitudin
403	70	tempus
404	3	tempus
405	88	sollicitudin
406	26	in
407	136	neque
408	106	erat
409	50	aliquam
410	41	elit.
411	92	eleifend
412	68	tellus
413	111	Fusce
414	99	in,
415	85	natoque
416	43	orci,
417	29	Morbi
418	81	vestibulum
419	15	massa
420	113	sed
421	103	nunc
422	57	rhoncus.
423	15	ligula.
424	64	vestibulum
425	80	malesuada
426	51	id,
427	14	Pellentesque
428	6	Integer
429	149	eu
430	118	vitae
431	44	dapibus
432	76	elementum,
433	77	tempor
434	43	eleifend
435	2	vel
436	148	leo.
437	16	mollis.
438	65	fermentum
439	20	erat
440	44	Nam
441	103	eu
442	62	euismod
443	128	felis
444	122	Suspendisse
445	81	Quisque
446	101	tempus,
447	117	eros.
448	88	cursus
449	44	Nunc
450	34	velit
451	113	vitae
452	82	tristique
453	89	habitant
454	54	erat
455	62	Quisque
456	2	Morbi
457	46	nascetur
458	140	tellus
459	58	gravida.
460	54	massa
461	75	nunc
462	45	elit,
463	102	nulla.
464	119	sagittis.
465	8	eget
466	122	blandit
467	8	placerat.
468	122	Morbi
469	108	tempus
470	61	Fusce
471	20	dolor.
472	68	fringilla
473	21	Quisque
474	67	rutrum
475	149	vitae
476	132	tortor.
477	57	lectus.
478	120	urna.
479	95	Nunc
480	12	In
481	113	arcu.
482	46	Nunc
483	82	luctus
484	37	tellus
485	86	libero
486	29	non
487	35	consequat
488	107	sem
489	102	neque
490	141	tincidunt
491	89	gravida
492	146	a,
493	130	erat
494	90	mollis
495	91	Curabitur
496	122	mi
497	129	Quisque
498	148	Mauris
499	107	Nunc
500	26	dolor
\.


--
-- Data for Name: products; Type: TABLE DATA; Schema: public; Owner: gb_user
--

COPY public.products (productid, categoryid, productname, tabindex, descr, unit, pricewonds, price, creationtime, htmlpagetitle, htmlmetadescr, htmlmetakeywords, ismark) FROM stdin;
1	5	ipsum dolor sit amet,	1	mi eleifend egestas. Sed pharetra, felis eget varius ultrices, mauris ipsum porta elit, a feugiat tellus lorem eu metus. In lorem. Donec elementum, lorem ut aliquam iaculis, lacus pede	turpis	686.00	5136.00	2021-12-20 04:27:53	eget, dictum placerat,	non magna. Nam ligula elit,	Cras convallis convallis dolor. Quisque	f
2	1	vulputate, lacus.	2	convallis convallis dolor. Quisque tincidunt pede ac urna. Ut tincidunt vehicula risus. Nulla	mattis	8958.00	688.00	2022-08-11 01:35:49	eu, ultrices sit	Phasellus at augue id	Sed id risus quis diam luctus lobortis. Class aptent	f
3	7	Donec tempor, est	3	enim. Suspendisse aliquet, sem ut cursus luctus, ipsum leo elementum sem, vitae aliquam eros turpis non enim.	eu	9100.00	1987.00	2022-11-08 17:27:12	Aenean sed pede	adipiscing elit. Curabitur sed	erat vel pede	f
4	2	Donec	4	volutpat nunc sit amet metus. Aliquam erat volutpat. Nulla facilisis. Suspendisse	non,	780.00	7755.00	2022-10-11 08:59:11	ligula. Nullam enim. Sed	lorem. Donec elementum, lorem	imperdiet non, vestibulum nec,	f
5	4	tortor.	5	porttitor interdum. Sed auctor odio a purus. Duis elementum, dui quis accumsan convallis, ante lectus convallis est, vitae sodales	Aenean	671.00	5279.00	2023-03-08 00:30:42	risus, at fringilla purus	Nullam feugiat placerat	iaculis aliquet diam. Sed	f
6	6	fringilla ornare	6	at, velit. Pellentesque ultricies dignissim lacus. Aliquam rutrum lorem ac risus. Morbi metus. Vivamus euismod urna.	ante	3064.00	4714.00	2021-09-19 12:40:46	aliquet vel,	tincidunt, nunc ac mattis ornare,	aliquet odio. Etiam ligula tortor,	f
7	4	orci	7	urna. Nunc quis arcu vel quam dignissim pharetra. Nam ac nulla. In tincidunt congue turpis. In condimentum. Donec at arcu. Vestibulum ante	non	5902.00	7644.00	2021-06-24 20:54:12	Proin velit. Sed	adipiscing elit. Aliquam auctor,	Aliquam ultrices iaculis odio.	f
8	2	Proin vel nisl. Quisque	8	Donec tincidunt. Donec vitae erat vel pede blandit congue. In scelerisque scelerisque dui. Suspendisse ac metus vitae velit egestas lacinia. Sed congue, elit sed consequat auctor, nunc nulla	Nullam	4907.00	5206.00	2022-06-10 21:07:31	est, congue a,	Pellentesque ultricies dignissim lacus.	Suspendisse commodo tincidunt nibh. Phasellus	f
9	4	mauris elit, dictum eu,	9	nulla. In tincidunt congue turpis. In condimentum. Donec at arcu. Vestibulum ante ipsum primis in faucibus orci luctus et ultrices posuere cubilia Curae Donec	non,	7125.00	854.00	2022-12-02 10:19:01	est mauris, rhoncus	imperdiet nec, leo.	Suspendisse sed dolor. Fusce mi	f
10	5	aliquam arcu.	10	luctus, ipsum leo elementum sem, vitae aliquam eros turpis non enim. Mauris quis turpis vitae purus gravida sagittis. Duis gravida. Praesent eu nulla at sem molestie sodales. Mauris blandit	vel,	6495.00	4411.00	2021-10-08 05:33:52	quam. Curabitur vel	Phasellus dolor elit, pellentesque a,	tortor. Integer aliquam adipiscing lacus.	f
11	7	odio a	11	Pellentesque ut ipsum ac mi eleifend egestas. Sed pharetra, felis eget varius ultrices, mauris ipsum porta elit, a feugiat tellus lorem eu metus. In lorem.	lorem	1906.00	4378.00	2021-10-22 02:32:02	ligula eu enim. Etiam	turpis. Aliquam adipiscing lobortis risus.	rutrum urna,	f
12	4	neque et nunc. Quisque	12	erat vel pede blandit congue. In scelerisque scelerisque dui. Suspendisse ac metus vitae velit egestas lacinia. Sed congue, elit sed consequat auctor, nunc nulla vulputate dui, nec	magna.	3347.00	9425.00	2022-06-28 10:42:08	Etiam gravida molestie arcu.	a mi fringilla mi	Phasellus elit pede, malesuada	f
13	5	lorem ac	13	sodales at, velit. Pellentesque ultricies dignissim lacus. Aliquam rutrum lorem ac risus. Morbi	tincidunt	7595.00	6695.00	2022-05-20 17:44:24	massa rutrum magna. Cras	vel, convallis in,	Cras eu tellus	f
14	2	porttitor vulputate, posuere vulputate,	14	orci luctus et ultrices posuere cubilia Curae Donec tincidunt. Donec vitae erat vel pede blandit congue. In scelerisque scelerisque dui. Suspendisse	tellus.	3509.00	4532.00	2022-01-06 05:32:47	lacinia orci,	risus a ultricies adipiscing,	id, mollis nec, cursus a, enim. Suspendisse aliquet,	f
15	3	mollis	15	nec, euismod in, dolor. Fusce feugiat. Lorem ipsum dolor sit amet, consectetuer adipiscing elit. Aliquam auctor, velit eget	turpis.	1873.00	2739.00	2022-07-30 12:37:28	vehicula. Pellentesque tincidunt	a neque. Nullam	at, velit. Pellentesque ultricies dignissim lacus. Aliquam rutrum	f
16	5	orci quis lectus. Nullam suscipit,	16	Nullam nisl. Maecenas malesuada fringilla est. Mauris eu turpis. Nulla aliquet. Proin velit. Sed malesuada augue ut lacus. Nulla tincidunt, neque vitae semper egestas, urna	dictum	9762.00	7062.00	2021-08-07 01:32:50	et magnis	rutrum. Fusce dolor quam,	volutpat nunc sit amet metus. Aliquam erat	f
17	6	dictum augue	17	Phasellus in felis. Nulla tempor augue ac ipsum. Phasellus vitae mauris sit amet lorem semper auctor. Mauris vel turpis. Aliquam adipiscing lobortis risus. In mi pede, nonummy ut, molestie	sed	3913.00	4145.00	2021-10-01 18:19:54	Aliquam ornare, libero at	Morbi non sapien molestie orci	nec, leo. Morbi neque tellus, imperdiet non, vestibulum nec,	f
18	2	tincidunt orci quis lectus.	18	Fusce mi lorem, vehicula et, rutrum eu, ultrices sit amet, risus. Donec nibh enim, gravida sit amet, dapibus	nisi.	4758.00	5513.00	2021-07-22 00:54:46	turpis non enim.	cursus, diam at pretium	cursus, diam at pretium aliquet, metus urna	f
19	4	pede blandit congue.	19	Vestibulum ante ipsum primis in faucibus orci luctus et ultrices posuere cubilia Curae Phasellus ornare. Fusce mollis. Duis sit	ut,	5261.00	7649.00	2021-12-06 14:45:27	Sed nec metus facilisis	Mauris blandit enim consequat purus. Maecenas	ullamcorper, nisl arcu iaculis enim, sit amet ornare	f
20	3	Vivamus molestie	20	sapien, gravida non, sollicitudin a, malesuada id, erat. Etiam vestibulum massa rutrum magna. Cras convallis convallis dolor. Quisque tincidunt pede ac urna.	a	2016.00	9331.00	2023-04-16 04:14:10	ornare. In	Cras vulputate velit eu sem.	cursus et, eros.	f
21	4	accumsan interdum	21	dignissim. Maecenas ornare egestas ligula. Nullam feugiat placerat velit. Quisque varius. Nam porttitor scelerisque neque. Nullam nisl. Maecenas	ridiculus	4284.00	5000.00	2022-05-15 20:59:03	Aliquam nec	non, sollicitudin a, malesuada	ornare tortor at risus. Nunc	f
22	5	Curae Phasellus ornare. Fusce mollis.	22	in consectetuer ipsum nunc id enim. Curabitur massa. Vestibulum accumsan neque et nunc. Quisque ornare tortor at risus. Nunc ac sem ut dolor dapibus gravida. Aliquam tincidunt,	dolor	2216.00	3617.00	2022-12-26 12:58:19	sem molestie sodales.	tempor, est ac mattis	viverra. Maecenas iaculis aliquet diam. Sed diam	f
23	4	ut,	23	nec ante blandit viverra. Donec tempus, lorem fringilla ornare placerat, orci lacus vestibulum lorem, sit amet ultricies sem magna	gravida.	3895.00	526.00	2022-02-06 17:10:59	tincidunt vehicula	ultricies sem magna nec quam. Curabitur	venenatis a, magna. Lorem	f
24	6	arcu.	24	primis in faucibus orci luctus et ultrices posuere cubilia Curae Phasellus ornare. Fusce mollis. Duis sit amet	lectus	8439.00	4580.00	2021-07-04 07:53:32	est, congue a,	sit amet, risus. Donec nibh enim,	consequat auctor, nunc nulla vulputate dui, nec	f
25	3	Curabitur vel lectus.	25	cursus in, hendrerit consectetuer, cursus et, magna. Praesent interdum ligula eu enim. Etiam imperdiet dictum magna. Ut tincidunt orci quis lectus.	gravida	9558.00	9714.00	2023-01-31 23:38:35	Duis risus	natoque penatibus et magnis	Mauris blandit enim consequat	f
26	2	Aliquam	26	nunc, ullamcorper eu, euismod ac, fermentum vel, mauris. Integer sem elit, pharetra ut, pharetra	enim	3697.00	6118.00	2023-05-06 10:28:25	pellentesque, tellus	venenatis vel, faucibus id,	nulla. Cras eu tellus eu augue porttitor interdum. Sed auctor	f
27	1	Integer	27	nascetur ridiculus mus. Donec dignissim magna a tortor. Nunc commodo auctor velit. Aliquam nisl. Nulla eu neque pellentesque massa lobortis ultrices. Vivamus rhoncus. Donec est. Nunc ullamcorper,	ac	7872.00	7592.00	2022-06-04 22:20:07	porttitor interdum. Sed auctor	semper egestas, urna	neque. Nullam ut nisi a	f
28	4	pharetra. Nam	28	Sed et libero. Proin mi. Aliquam gravida mauris ut mi. Duis risus odio, auctor vitae, aliquet nec, imperdiet nec, leo.	nibh.	1257.00	9589.00	2022-10-11 02:19:28	lobortis quis, pede. Suspendisse	ultrices. Duis volutpat nunc sit amet	nibh. Phasellus nulla. Integer vulputate, risus a ultricies adipiscing,	f
29	4	lectus	29	euismod in, dolor. Fusce feugiat. Lorem ipsum dolor sit amet, consectetuer adipiscing elit.	scelerisque,	1519.00	9792.00	2022-12-13 10:28:54	mauris elit, dictum	egestas a, scelerisque sed, sapien.	arcu. Aliquam ultrices iaculis odio. Nam interdum enim	f
30	4	Suspendisse non leo.	30	rhoncus id, mollis nec, cursus a, enim. Suspendisse aliquet, sem ut cursus luctus, ipsum leo elementum	dui.	8751.00	954.00	2022-02-28 05:26:58	ut, molestie in, tempus	a mi fringilla	facilisi. Sed neque. Sed eget lacus. Mauris non dui	f
31	2	Fusce aliquam, enim nec	31	eget ipsum. Suspendisse sagittis. Nullam vitae diam. Proin dolor. Nulla semper tellus id nunc interdum feugiat. Sed nec metus facilisis lorem tristique aliquet. Phasellus fermentum convallis ligula.	ac,	6334.00	9425.00	2021-10-16 13:24:35	ridiculus mus. Proin	est. Nunc ullamcorper, velit in	ipsum. Donec sollicitudin adipiscing	f
32	2	lectus	32	interdum ligula eu enim. Etiam imperdiet dictum magna. Ut tincidunt orci quis lectus.	Integer	2725.00	5244.00	2021-12-08 20:36:59	arcu vel quam	quam vel sapien imperdiet	ornare placerat, orci lacus vestibulum lorem,	f
33	3	mi tempor lorem,	33	eros turpis non enim. Mauris quis turpis vitae purus gravida sagittis. Duis gravida. Praesent eu nulla at	accumsan	6924.00	8258.00	2023-05-05 21:01:20	feugiat placerat velit.	convallis erat, eget tincidunt	magna. Lorem ipsum dolor sit amet,	f
34	6	Nunc ullamcorper, velit in aliquet	34	sodales. Mauris blandit enim consequat purus. Maecenas libero est, congue a, aliquet vel, vulputate eu, odio. Phasellus at augue id ante dictum	a	5630.00	9233.00	2022-11-20 02:16:24	at fringilla	nisi nibh lacinia	eu dolor egestas rhoncus. Proin nisl sem, consequat	f
35	4	ullamcorper, nisl arcu	35	risus a ultricies adipiscing, enim mi tempor lorem, eget mollis lectus pede et risus. Quisque libero lacus, varius et, euismod et, commodo at, libero. Morbi accumsan laoreet ipsum.	Pellentesque	7208.00	9866.00	2021-09-27 14:56:36	nonummy ipsum	non, lobortis quis, pede. Suspendisse dui.	Donec at arcu. Vestibulum ante ipsum	f
36	5	consequat auctor, nunc nulla	36	lectus ante dictum mi, ac mattis velit justo nec ante. Maecenas mi felis, adipiscing fringilla, porttitor	nec	7141.00	7575.00	2023-05-13 16:59:35	nec orci. Donec	ipsum non arcu. Vivamus sit amet	id, mollis nec, cursus a, enim. Suspendisse aliquet,	f
37	5	nec urna	37	orci. Donec nibh. Quisque nonummy ipsum non arcu. Vivamus sit amet risus. Donec egestas. Aliquam nec enim. Nunc ut erat.	vitae	5135.00	1121.00	2023-02-18 06:28:01	ultricies sem magna nec	fermentum convallis ligula. Donec luctus aliquet	Mauris quis	f
38	6	sapien.	38	et, commodo at, libero. Morbi accumsan laoreet ipsum. Curabitur consequat, lectus sit amet luctus vulputate, nisi sem semper erat, in consectetuer ipsum nunc id enim. Curabitur massa.	amet	6541.00	6833.00	2022-09-11 21:20:34	euismod enim. Etiam	vulputate, nisi sem semper	dis parturient montes, nascetur	f
39	2	ultrices posuere cubilia Curae	39	eros. Proin ultrices. Duis volutpat nunc sit amet metus. Aliquam erat	in,	5226.00	2986.00	2023-03-11 03:39:09	Curabitur ut odio vel	Nunc quis arcu vel quam dignissim	ornare lectus justo eu	f
40	3	dolor egestas rhoncus.	40	Aliquam erat volutpat. Nulla facilisis. Suspendisse commodo tincidunt nibh. Phasellus nulla. Integer vulputate, risus a	Aliquam	3628.00	9442.00	2022-03-07 20:30:37	amet orci. Ut	Duis volutpat nunc sit	tellus. Aenean egestas hendrerit neque. In ornare	f
41	1	elit. Aliquam	41	dapibus id, blandit at, nisi. Cum sociis natoque penatibus et magnis dis parturient montes, nascetur	ridiculus	928.00	8019.00	2021-11-13 20:19:16	auctor odio a purus.	Nam ac nulla. In tincidunt	non leo. Vivamus nibh dolor, nonummy ac,	f
42	4	sed pede.	42	eleifend non, dapibus rutrum, justo. Praesent luctus. Curabitur egestas nunc sed libero. Proin sed turpis nec mauris blandit mattis. Cras eget nisi dictum	adipiscing	6663.00	957.00	2022-04-01 19:32:28	dictum augue	sapien. Aenean massa. Integer vitae nibh.	vehicula et, rutrum eu, ultrices sit amet,	f
43	4	tellus justo sit amet	43	libero at auctor ullamcorper, nisl arcu iaculis enim, sit amet	Nullam	7126.00	5804.00	2022-09-19 14:55:55	massa. Suspendisse	ut, nulla. Cras eu	eros turpis non enim. Mauris	f
44	4	sed, hendrerit a, arcu.	44	rutrum magna. Cras convallis convallis dolor. Quisque tincidunt pede ac urna.	sed	6450.00	3606.00	2022-09-15 17:38:00	feugiat metus sit	non enim. Mauris quis turpis	tortor nibh sit amet orci. Ut sagittis lobortis mauris.	f
45	7	dictum sapien. Aenean massa.	45	quis accumsan convallis, ante lectus convallis est, vitae sodales nisi magna sed dui. Fusce aliquam, enim nec tempus scelerisque, lorem ipsum sodales purus, in molestie tortor nibh	lacus.	9943.00	7662.00	2023-04-29 19:50:38	non, vestibulum nec,	a nunc. In at pede.	vitae aliquam eros	f
46	2	id, ante.	46	Pellentesque habitant morbi tristique senectus et netus et malesuada fames ac	dolor	7819.00	8489.00	2022-03-08 21:50:25	convallis est, vitae sodales	Class aptent taciti sociosqu	Vestibulum accumsan neque et nunc. Quisque ornare tortor	f
47	6	molestie in, tempus	47	ullamcorper, velit in aliquet lobortis, nisi nibh lacinia orci, consectetuer euismod est arcu ac orci. Ut semper pretium neque.	Morbi	4476.00	3239.00	2022-08-07 21:30:05	Donec at arcu.	iaculis odio. Nam interdum enim	enim. Suspendisse aliquet, sem ut cursus luctus, ipsum leo elementum	f
48	4	vehicula	48	lacinia orci, consectetuer euismod est arcu ac orci. Ut semper pretium neque. Morbi quis urna.	id,	2192.00	9748.00	2022-02-11 14:09:51	rutrum magna. Cras	mollis. Duis sit amet diam eu	in felis. Nulla tempor augue	f
49	6	at, iaculis quis, pede.	49	arcu. Morbi sit amet massa. Quisque porttitor eros nec tellus. Nunc lectus pede, ultrices a, auctor non, feugiat nec, diam. Duis mi	semper	9885.00	7248.00	2022-09-27 20:07:38	commodo ipsum. Suspendisse	tincidunt nibh. Phasellus nulla. Integer	consequat dolor vitae	f
50	5	vulputate mauris sagittis	50	molestie tortor nibh sit amet orci. Ut sagittis lobortis mauris. Suspendisse aliquet molestie	urna,	6310.00	5777.00	2021-10-31 04:32:48	rhoncus. Donec	Nulla facilisi. Sed neque.	Lorem ipsum dolor	f
51	5	arcu iaculis enim, sit	51	at auctor ullamcorper, nisl arcu iaculis enim, sit amet ornare lectus justo eu arcu. Morbi sit amet massa. Quisque porttitor eros	Maecenas	7733.00	4268.00	2023-02-05 02:47:47	Donec non	aliquam eros turpis non enim.	scelerisque sed, sapien. Nunc pulvinar arcu	f
102	6	molestie tortor	102	dis parturient montes, nascetur ridiculus mus. Proin vel arcu eu odio	magna.	5863.00	8862.00	2021-11-27 02:22:05	metus eu erat semper	et magnis dis parturient	erat, eget tincidunt dui augue eu tellus. Phasellus elit	f
52	1	pede. Praesent eu	52	sodales at, velit. Pellentesque ultricies dignissim lacus. Aliquam rutrum lorem ac risus. Morbi metus. Vivamus	dis	2727.00	5624.00	2022-01-21 16:40:07	Fusce diam nunc,	id, blandit at, nisi. Cum sociis	et, magna. Praesent interdum ligula eu enim. Etiam imperdiet dictum	f
53	7	vitae, sodales at,	53	convallis est, vitae sodales nisi magna sed dui. Fusce aliquam, enim nec tempus scelerisque, lorem	quis	5900.00	2433.00	2022-05-02 12:55:15	quis massa.	sit amet massa.	mauris elit, dictum eu, eleifend	f
54	2	Integer tincidunt aliquam arcu.	54	Quisque purus sapien, gravida non, sollicitudin a, malesuada id, erat. Etiam vestibulum massa rutrum magna. Cras convallis convallis dolor. Quisque tincidunt pede ac urna. Ut tincidunt vehicula risus. Nulla eget	amet,	3092.00	2903.00	2021-09-13 21:36:59	erat nonummy ultricies	Cras sed leo. Cras	nisi magna sed dui. Fusce aliquam, enim nec	f
55	5	eu	55	eu eros. Nam consequat dolor vitae dolor. Donec fringilla. Donec	tellus.	3183.00	6016.00	2021-07-14 10:20:57	elementum purus, accumsan	Pellentesque ut ipsum ac mi eleifend	amet, faucibus ut, nulla.	f
56	5	nisi magna sed dui. Fusce	56	vehicula et, rutrum eu, ultrices sit amet, risus. Donec nibh enim, gravida sit amet, dapibus id, blandit at,	mollis	3495.00	4304.00	2021-06-27 22:06:42	ante. Maecenas mi	Fusce diam nunc, ullamcorper eu,	nascetur ridiculus mus. Donec	f
57	3	amet metus. Aliquam erat volutpat.	57	elit, dictum eu, eleifend nec, malesuada ut, sem. Nulla interdum. Curabitur dictum. Phasellus in felis. Nulla	Fusce	7876.00	9942.00	2022-10-11 17:30:06	consectetuer adipiscing elit.	dictum. Phasellus in felis. Nulla tempor	Proin non massa non ante bibendum ullamcorper. Duis	f
58	7	feugiat.	58	pede nec ante blandit viverra. Donec tempus, lorem fringilla ornare placerat, orci lacus vestibulum lorem, sit amet ultricies sem magna nec quam. Curabitur vel lectus. Cum	consequat	8227.00	7339.00	2021-12-07 00:31:58	semper tellus id	lacinia. Sed congue,	odio a purus. Duis elementum, dui	f
59	7	tincidunt vehicula risus.	59	sem mollis dui, in sodales elit erat vitae risus. Duis a mi fringilla mi lacinia mattis. Integer eu lacus. Quisque imperdiet, erat nonummy ultricies ornare, elit elit fermentum risus,	elementum,	6715.00	2941.00	2022-08-01 15:29:26	ac mattis ornare,	velit egestas lacinia. Sed congue,	semper egestas, urna justo faucibus lectus, a sollicitudin orci	f
60	3	nec enim. Nunc ut erat.	60	dui. Suspendisse ac metus vitae velit egestas lacinia. Sed congue, elit sed consequat auctor, nunc nulla vulputate dui, nec tempus mauris erat eget ipsum. Suspendisse	sapien	7315.00	6614.00	2022-11-05 10:43:09	nec tempus scelerisque,	a tortor. Nunc	eros. Proin ultrices. Duis volutpat nunc	f
61	6	luctus. Curabitur egestas	61	sapien. Cras dolor dolor, tempus non, lacinia at, iaculis quis, pede. Praesent eu dui. Cum sociis natoque penatibus et magnis dis parturient montes, nascetur ridiculus mus.	vitae	4591.00	994.00	2023-05-15 12:14:52	vulputate ullamcorper magna.	sociis natoque penatibus et	sagittis felis. Donec tempor,	f
62	4	sociosqu ad litora torquent	62	Proin nisl sem, consequat nec, mollis vitae, posuere at, velit.	ipsum.	6737.00	5273.00	2022-04-17 17:56:53	faucibus id,	tempus eu, ligula. Aenean	enim mi tempor lorem,	f
63	5	ac risus. Morbi metus.	63	ullamcorper, nisl arcu iaculis enim, sit amet ornare lectus justo eu arcu. Morbi sit amet massa. Quisque porttitor eros nec tellus. Nunc lectus pede, ultrices a, auctor	Ut	4996.00	5437.00	2022-04-29 13:40:50	Proin ultrices. Duis	aliquam adipiscing lacus. Ut nec	lectus convallis est, vitae sodales nisi magna sed dui.	f
64	2	eget, volutpat	64	mauris. Integer sem elit, pharetra ut, pharetra sed, hendrerit a, arcu. Sed et libero. Proin mi. Aliquam gravida mauris ut mi. Duis risus odio, auctor vitae,	magna	7207.00	3277.00	2021-07-21 23:51:28	nunc. Quisque ornare tortor	Integer aliquam adipiscing lacus. Ut	lorem. Donec	f
65	1	orci, in	65	Nullam enim. Sed nulla ante, iaculis nec, eleifend non, dapibus rutrum, justo. Praesent luctus. Curabitur egestas nunc sed libero. Proin sed turpis nec mauris blandit mattis. Cras eget nisi dictum	tempor	9831.00	7108.00	2022-09-06 14:41:02	et ultrices posuere	diam. Pellentesque habitant morbi tristique	arcu. Sed eu	f
66	3	lobortis ultrices. Vivamus	66	neque venenatis lacus. Etiam bibendum fermentum metus. Aenean sed pede nec ante blandit viverra. Donec tempus, lorem fringilla	diam.	8805.00	4080.00	2023-05-13 22:13:49	iaculis quis, pede. Praesent	Ut tincidunt vehicula risus.	odio. Etiam ligula tortor, dictum eu, placerat eget, venenatis	f
67	5	molestie orci tincidunt adipiscing. Mauris	67	malesuada vel, venenatis vel, faucibus id, libero. Donec consectetuer mauris id sapien.	dolor	1530.00	9117.00	2022-05-03 09:39:38	odio. Etiam ligula tortor,	dolor. Fusce feugiat. Lorem	a, auctor non, feugiat	f
68	3	Quisque ornare tortor at	68	tempor arcu. Vestibulum ut eros non enim commodo hendrerit. Donec porttitor tellus non magna. Nam ligula elit, pretium et,	dui.	5325.00	4813.00	2022-01-04 12:25:00	dolor vitae dolor. Donec	aliquam eros turpis	viverra. Maecenas iaculis aliquet diam. Sed	f
69	5	scelerisque mollis. Phasellus libero	69	scelerisque sed, sapien. Nunc pulvinar arcu et pede. Nunc sed	Integer	3313.00	8980.00	2022-02-22 02:37:07	ac facilisis facilisis, magna	vulputate, posuere vulputate, lacus.	odio. Phasellus at augue	f
70	6	Aenean massa. Integer vitae	70	eget, volutpat ornare, facilisis eget, ipsum. Donec sollicitudin adipiscing ligula. Aenean gravida nunc sed pede. Cum sociis natoque penatibus et magnis dis parturient montes, nascetur ridiculus mus. Proin vel	gravida	5242.00	9715.00	2023-04-07 20:32:17	parturient montes, nascetur	Nam ligula elit, pretium et,	in faucibus	f
71	2	Nulla eu neque pellentesque	71	non, bibendum sed, est. Nunc laoreet lectus quis massa. Mauris vestibulum, neque sed dictum eleifend, nunc risus varius orci,	erat,	4382.00	6058.00	2022-01-07 22:56:16	vitae sodales nisi	ut eros non enim	dui, nec tempus mauris erat eget	f
72	4	non justo.	72	elementum at, egestas a, scelerisque sed, sapien. Nunc pulvinar arcu et pede. Nunc sed orci lobortis augue scelerisque mollis. Phasellus libero mauris, aliquam eu, accumsan sed, facilisis vitae, orci.	tincidunt	3492.00	6207.00	2022-03-20 12:30:44	Nunc lectus pede, ultrices	amet nulla. Donec non	Etiam laoreet, libero et tristique	f
73	5	urna suscipit nonummy. Fusce	73	facilisis non, bibendum sed, est. Nunc laoreet lectus quis massa. Mauris vestibulum, neque sed dictum eleifend, nunc risus varius orci,	justo	9580.00	1062.00	2021-10-24 15:55:53	metus. In	porttitor eros nec tellus. Nunc lectus	eros nec tellus. Nunc lectus pede, ultrices a, auctor	f
74	2	ut, molestie	74	ante, iaculis nec, eleifend non, dapibus rutrum, justo. Praesent luctus. Curabitur egestas nunc sed	tellus	8845.00	2623.00	2022-11-21 19:56:44	mollis. Phasellus libero mauris,	Proin sed turpis nec	ullamcorper eu, euismod ac, fermentum vel,	f
75	3	at, velit. Cras	75	sem. Nulla interdum. Curabitur dictum. Phasellus in felis. Nulla tempor augue ac ipsum.	felis	4118.00	9282.00	2022-04-22 17:36:09	Suspendisse eleifend.	elit. Nulla facilisi. Sed	elementum at, egestas a, scelerisque sed, sapien.	f
76	5	dui, semper et, lacinia	76	odio tristique pharetra. Quisque ac libero nec ligula consectetuer rhoncus. Nullam velit dui, semper et, lacinia vitae, sodales	Nam	5788.00	5633.00	2021-08-22 10:01:01	Nulla interdum. Curabitur	tellus sem mollis dui,	Nam ac nulla. In tincidunt congue turpis.	f
77	3	mi. Duis risus	77	mauris ipsum porta elit, a feugiat tellus lorem eu metus. In lorem. Donec elementum, lorem ut aliquam iaculis, lacus pede sagittis augue,	arcu.	4546.00	9914.00	2022-06-06 21:38:07	a tortor. Nunc commodo	id, mollis nec, cursus	nec mauris blandit	f
78	1	ac orci. Ut semper	78	Nullam scelerisque neque sed sem egestas blandit. Nam nulla magna, malesuada vel, convallis in, cursus et, eros. Proin ultrices. Duis volutpat nunc sit amet	elit.	2361.00	5587.00	2022-10-21 22:26:51	dictum eu, placerat	gravida. Aliquam tincidunt, nunc ac mattis	hymenaeos. Mauris ut quam vel sapien imperdiet	f
79	2	montes,	79	Phasellus ornare. Fusce mollis. Duis sit amet diam eu dolor egestas rhoncus. Proin nisl sem, consequat nec, mollis vitae, posuere at, velit. Cras lorem lorem, luctus	sed	839.00	9904.00	2022-06-05 03:03:28	placerat velit. Quisque	felis purus ac tellus. Suspendisse	interdum. Sed auctor odio a purus. Duis elementum, dui quis	f
80	1	in aliquet lobortis, nisi	80	in magna. Phasellus dolor elit, pellentesque a, facilisis non, bibendum sed, est. Nunc laoreet lectus quis	eleifend	1761.00	2441.00	2022-05-25 07:50:35	lorem tristique	at auctor ullamcorper, nisl arcu iaculis	primis in faucibus orci luctus et ultrices posuere	f
81	2	metus. Aliquam erat	81	semper et, lacinia vitae, sodales at, velit. Pellentesque ultricies dignissim lacus. Aliquam rutrum lorem ac risus. Morbi metus.	sagittis	2649.00	2454.00	2022-04-01 05:35:56	dapibus ligula.	orci lobortis augue	orci quis lectus. Nullam suscipit, est ac	f
82	7	Duis dignissim tempor	82	ut, pellentesque eget, dictum placerat, augue. Sed molestie. Sed id risus quis diam luctus lobortis. Class aptent taciti sociosqu ad litora torquent	Quisque	5460.00	4408.00	2023-03-04 19:14:38	dui. Suspendisse ac	amet ornare lectus justo eu	quis accumsan convallis, ante lectus convallis est, vitae sodales	f
83	3	enim. Curabitur massa. Vestibulum	83	imperdiet non, vestibulum nec, euismod in, dolor. Fusce feugiat. Lorem ipsum dolor sit amet,	quis,	727.00	3155.00	2021-08-14 07:30:14	Nunc mauris elit,	Fusce mollis. Duis sit amet	vulputate mauris sagittis placerat. Cras dictum	f
84	6	vel sapien imperdiet	84	turpis non enim. Mauris quis turpis vitae purus gravida sagittis. Duis gravida. Praesent eu nulla at sem molestie sodales. Mauris blandit	vel	5589.00	8032.00	2023-01-21 16:24:30	Maecenas iaculis aliquet	sociosqu ad litora torquent per conubia	varius ultrices, mauris ipsum porta elit,	f
85	1	mus. Donec dignissim magna	85	amet massa. Quisque porttitor eros nec tellus. Nunc lectus pede, ultrices a,	Mauris	9816.00	5237.00	2022-07-15 10:07:15	vel quam dignissim pharetra.	vitae semper egestas, urna	nunc nulla vulputate	f
86	5	iaculis, lacus pede	86	id magna et ipsum cursus vestibulum. Mauris magna. Duis dignissim tempor arcu. Vestibulum ut eros non enim commodo	non	5057.00	4616.00	2023-03-30 14:18:19	Curabitur egestas nunc	dolor. Nulla semper tellus id nunc	sit amet diam eu	f
87	3	Cum sociis natoque	87	lacus. Aliquam rutrum lorem ac risus. Morbi metus. Vivamus euismod urna. Nullam lobortis quam a felis ullamcorper viverra. Maecenas iaculis	Aliquam	3940.00	3547.00	2023-02-16 05:49:20	tempus eu,	laoreet ipsum. Curabitur consequat,	quis, pede. Suspendisse dui. Fusce diam	f
88	4	Ut tincidunt	88	gravida. Aliquam tincidunt, nunc ac mattis ornare, lectus ante dictum mi, ac mattis velit justo nec ante. Maecenas mi felis, adipiscing fringilla,	facilisis	4530.00	2301.00	2023-03-17 16:08:38	Quisque porttitor	congue turpis. In condimentum.	mauris sagittis placerat. Cras dictum ultricies ligula. Nullam enim. Sed	f
89	2	malesuada id,	89	Nunc quis arcu vel quam dignissim pharetra. Nam ac nulla. In tincidunt congue turpis. In condimentum. Donec at arcu. Vestibulum ante ipsum primis in faucibus orci	Quisque	3228.00	4936.00	2022-01-10 10:58:11	pede. Praesent eu	auctor quis, tristique ac, eleifend	sem. Pellentesque ut	f
90	6	Integer vulputate,	90	neque. Nullam nisl. Maecenas malesuada fringilla est. Mauris eu turpis. Nulla aliquet.	dui	1679.00	8456.00	2023-02-04 17:23:16	nunc ac	natoque penatibus et magnis	pellentesque eget, dictum placerat,	f
91	5	Aliquam fringilla cursus purus.	91	Nunc pulvinar arcu et pede. Nunc sed orci lobortis augue scelerisque mollis. Phasellus libero mauris, aliquam	eu,	1124.00	9161.00	2021-07-08 19:37:55	Maecenas iaculis	congue. In scelerisque scelerisque	urna. Ut tincidunt vehicula risus. Nulla eget	f
92	3	pretium neque.	92	magna. Sed eu eros. Nam consequat dolor vitae dolor. Donec fringilla. Donec feugiat metus sit amet ante. Vivamus non lorem vitae odio sagittis semper. Nam	consectetuer	3430.00	1422.00	2022-01-30 03:19:12	eleifend nec, malesuada	lorem, sit amet ultricies	a nunc.	f
93	1	luctus. Curabitur egestas nunc	93	sit amet diam eu dolor egestas rhoncus. Proin nisl sem, consequat nec, mollis vitae, posuere	eleifend,	7452.00	4777.00	2022-12-14 17:03:04	Praesent eu dui. Cum	laoreet, libero et tristique	vulputate eu, odio. Phasellus	f
94	4	dolor elit, pellentesque a,	94	Curabitur massa. Vestibulum accumsan neque et nunc. Quisque ornare tortor at risus. Nunc ac sem ut dolor dapibus gravida. Aliquam tincidunt, nunc ac mattis ornare, lectus ante dictum	orci	5344.00	6372.00	2021-09-13 04:54:49	sem elit, pharetra ut,	Mauris ut quam	pharetra. Quisque ac libero nec ligula consectetuer rhoncus.	f
95	3	semper.	95	dapibus quam quis diam. Pellentesque habitant morbi tristique senectus et netus et malesuada fames ac turpis egestas. Fusce aliquet magna a neque. Nullam ut nisi	erat	4578.00	2035.00	2021-08-02 23:30:40	metus facilisis lorem	orci. Ut sagittis	est ac mattis semper,	f
96	1	velit. Aliquam	96	justo. Proin non massa non ante bibendum ullamcorper. Duis cursus, diam at pretium aliquet, metus urna convallis	nunc	5373.00	1548.00	2023-02-06 10:07:25	amet ornare lectus justo	pede. Suspendisse dui. Fusce diam nunc,	amet metus. Aliquam	f
97	6	in sodales elit	97	lacinia vitae, sodales at, velit. Pellentesque ultricies dignissim lacus. Aliquam rutrum lorem ac risus. Morbi metus. Vivamus euismod urna. Nullam lobortis quam a felis ullamcorper viverra. Maecenas iaculis	sit	6637.00	8564.00	2023-05-27 01:25:11	ipsum sodales purus, in	nisi dictum augue malesuada	Sed nulla ante, iaculis	f
98	2	diam	98	nec, euismod in, dolor. Fusce feugiat. Lorem ipsum dolor sit amet, consectetuer adipiscing elit. Aliquam auctor, velit eget laoreet posuere, enim	dictum	8733.00	1356.00	2022-08-20 09:04:03	nisl. Quisque fringilla	sagittis. Duis gravida. Praesent	penatibus et magnis	f
99	6	diam. Proin dolor. Nulla	99	at arcu. Vestibulum ante ipsum primis in faucibus orci luctus et ultrices posuere cubilia Curae	sem.	5838.00	5361.00	2022-11-09 10:19:09	Donec feugiat metus	Proin velit. Sed malesuada augue ut	sodales nisi magna sed dui. Fusce aliquam, enim	f
100	5	nec,	100	tincidunt dui augue eu tellus. Phasellus elit pede, malesuada vel, venenatis vel, faucibus id, libero. Donec consectetuer mauris id sapien. Cras dolor	Morbi	1788.00	1621.00	2021-11-28 11:07:06	congue, elit sed consequat	pede sagittis augue, eu tempor	justo. Proin non massa non ante bibendum ullamcorper. Duis cursus,	f
101	6	nec ante. Maecenas	101	tincidunt congue turpis. In condimentum. Donec at arcu. Vestibulum ante ipsum primis	tempus,	2879.00	1351.00	2021-09-01 07:54:00	nulla ante, iaculis	Cras pellentesque. Sed dictum. Proin eget	pharetra. Nam ac nulla. In tincidunt congue turpis. In condimentum.	f
103	5	amet, risus.	103	ornare, facilisis eget, ipsum. Donec sollicitudin adipiscing ligula. Aenean gravida nunc sed pede. Cum sociis natoque penatibus	orci	9925.00	8223.00	2022-10-21 11:22:30	augue. Sed	mi pede, nonummy ut,	laoreet lectus quis massa. Mauris	f
104	4	risus. Morbi metus. Vivamus	104	purus mauris a nunc. In at pede. Cras vulputate velit eu sem. Pellentesque ut ipsum ac mi	egestas.	7801.00	1687.00	2023-05-17 20:22:14	sed dolor. Fusce mi	diam. Duis mi enim,	et, rutrum non, hendrerit id, ante. Nunc mauris sapien, cursus	f
105	5	risus odio, auctor	105	sociis natoque penatibus et magnis dis parturient montes, nascetur ridiculus mus. Aenean eget magna. Suspendisse tristique neque venenatis lacus. Etiam bibendum fermentum metus. Aenean sed pede nec ante blandit	sit	3295.00	4821.00	2022-12-18 17:28:30	nec quam. Curabitur vel	sem ut cursus luctus, ipsum	ut, pellentesque eget, dictum placerat,	f
106	2	facilisis, magna tellus	106	dui quis accumsan convallis, ante lectus convallis est, vitae sodales nisi magna sed dui. Fusce aliquam,	ipsum	9385.00	7465.00	2023-02-05 11:47:57	tortor nibh sit	lacus pede sagittis augue,	rutrum urna, nec luctus	f
107	5	arcu. Vestibulum ante ipsum	107	Proin nisl sem, consequat nec, mollis vitae, posuere at, velit. Cras lorem lorem, luctus ut, pellentesque eget, dictum placerat, augue. Sed molestie. Sed id risus quis diam luctus	eu	7988.00	8933.00	2021-10-15 14:22:19	luctus vulputate, nisi	eget ipsum. Suspendisse sagittis. Nullam	ante. Nunc mauris	f
108	7	vel arcu.	108	erat, in consectetuer ipsum nunc id enim. Curabitur massa. Vestibulum accumsan neque et nunc. Quisque ornare tortor at risus. Nunc ac sem ut dolor dapibus	lobortis	1966.00	2568.00	2023-01-09 14:56:17	ligula. Nullam enim. Sed	consequat enim diam vel arcu. Curabitur	mollis vitae, posuere at, velit. Cras lorem lorem, luctus	f
109	6	est. Nunc ullamcorper, velit	109	Donec tempus, lorem fringilla ornare placerat, orci lacus vestibulum lorem, sit amet ultricies sem magna nec quam. Curabitur vel	dis	4095.00	7547.00	2023-03-26 14:09:20	eros. Nam	pede, ultrices a, auctor non, feugiat	turpis vitae purus gravida sagittis. Duis gravida. Praesent	f
110	3	convallis est, vitae sodales	110	vitae, posuere at, velit. Cras lorem lorem, luctus ut, pellentesque eget, dictum placerat, augue. Sed molestie. Sed id risus quis diam luctus lobortis. Class	Sed	9479.00	2719.00	2022-05-11 18:24:29	semper erat, in consectetuer	vulputate mauris sagittis	eu turpis. Nulla aliquet. Proin velit. Sed malesuada	f
111	7	non, lobortis quis, pede. Suspendisse	111	In nec orci. Donec nibh. Quisque nonummy ipsum non arcu. Vivamus sit amet risus. Donec egestas. Aliquam nec enim. Nunc ut erat. Sed nunc est, mollis non, cursus non,	ante	4784.00	9887.00	2021-10-10 15:44:00	Morbi accumsan laoreet	erat nonummy ultricies	Cras vulputate	f
112	3	morbi tristique senectus et netus	112	ligula tortor, dictum eu, placerat eget, venenatis a, magna. Lorem ipsum dolor sit amet, consectetuer adipiscing elit. Etiam laoreet, libero et	quam.	4843.00	4820.00	2023-01-11 20:36:37	ac libero	eget, volutpat ornare,	convallis convallis dolor. Quisque tincidunt pede	f
113	2	ante bibendum	113	molestie dapibus ligula. Aliquam erat volutpat. Nulla dignissim. Maecenas ornare egestas ligula. Nullam feugiat placerat velit. Quisque	non	1567.00	3167.00	2022-04-02 15:02:11	Nulla aliquet. Proin velit.	a tortor. Nunc commodo	pharetra nibh. Aliquam ornare, libero	f
114	4	ligula tortor, dictum eu,	114	Mauris eu turpis. Nulla aliquet. Proin velit. Sed malesuada augue ut lacus. Nulla tincidunt, neque vitae semper	Ut	8124.00	3610.00	2022-03-21 12:11:17	urna et	fringilla euismod enim. Etiam	elit. Aliquam auctor, velit eget laoreet	f
115	2	ultrices sit	115	porttitor vulputate, posuere vulputate, lacus. Cras interdum. Nunc sollicitudin commodo ipsum. Suspendisse non leo. Vivamus nibh dolor, nonummy ac, feugiat non, lobortis quis, pede. Suspendisse dui.	lorem.	2433.00	7920.00	2021-10-03 17:41:41	Quisque ornare tortor	molestie pharetra nibh. Aliquam	nisi magna sed dui. Fusce aliquam, enim nec tempus scelerisque,	f
116	7	feugiat. Sed nec metus facilisis	116	purus mauris a nunc. In at pede. Cras vulputate velit eu sem. Pellentesque	interdum	6400.00	6215.00	2021-06-16 06:36:59	euismod ac,	dolor vitae dolor. Donec	libero nec ligula consectetuer	f
117	1	scelerisque, lorem ipsum	117	lacus. Cras interdum. Nunc sollicitudin commodo ipsum. Suspendisse non leo. Vivamus nibh dolor, nonummy ac, feugiat non, lobortis quis, pede. Suspendisse dui.	arcu	2783.00	9528.00	2022-04-29 01:15:47	diam. Sed diam lorem,	vitae velit egestas lacinia. Sed congue,	vulputate, lacus. Cras interdum. Nunc sollicitudin commodo ipsum.	f
118	5	libero. Morbi accumsan laoreet	118	nunc est, mollis non, cursus non, egestas a, dui. Cras pellentesque. Sed dictum. Proin eget odio. Aliquam vulputate ullamcorper magna. Sed eu eros.	erat,	1960.00	1972.00	2023-04-08 04:49:29	non, vestibulum nec,	porttitor tellus non magna.	Duis risus odio, auctor vitae,	f
119	3	pede. Cras	119	in faucibus orci luctus et ultrices posuere cubilia Curae Donec tincidunt. Donec vitae erat vel pede blandit congue. In scelerisque scelerisque dui.	lorem	1490.00	8674.00	2021-12-19 17:32:39	nec ante blandit	interdum enim non nisi.	quam, elementum at, egestas	f
120	6	euismod mauris eu	120	neque tellus, imperdiet non, vestibulum nec, euismod in, dolor. Fusce feugiat. Lorem ipsum dolor sit amet,	risus.	2906.00	8058.00	2022-04-07 08:19:48	dui. Cras pellentesque.	mauris a nunc. In	sapien. Nunc pulvinar arcu et pede. Nunc	f
121	2	dolor sit amet, consectetuer	121	nunc risus varius orci, in consequat enim diam vel arcu. Curabitur ut odio vel est tempor bibendum. Donec felis	ante	3599.00	7622.00	2022-03-11 01:02:29	lorem ac risus.	Curabitur egestas nunc sed	posuere cubilia Curae Donec tincidunt. Donec vitae erat vel	f
122	1	purus gravida sagittis. Duis	122	ipsum leo elementum sem, vitae aliquam eros turpis non enim. Mauris quis turpis vitae purus gravida sagittis. Duis gravida. Praesent eu nulla at sem molestie sodales. Mauris blandit	ligula.	5618.00	4114.00	2022-07-12 06:50:30	Praesent luctus. Curabitur	aliquet, metus urna	Aliquam nec enim. Nunc ut erat. Sed nunc est, mollis	f
123	5	eu enim.	123	ac mi eleifend egestas. Sed pharetra, felis eget varius ultrices, mauris ipsum porta elit, a feugiat tellus lorem eu metus. In lorem. Donec	pede	5860.00	1071.00	2022-07-12 07:51:23	arcu eu odio	elementum sem, vitae aliquam eros	nibh lacinia orci, consectetuer euismod	f
124	4	Etiam imperdiet	124	malesuada ut, sem. Nulla interdum. Curabitur dictum. Phasellus in felis. Nulla tempor augue ac ipsum. Phasellus vitae mauris sit amet lorem semper auctor. Mauris vel turpis. Aliquam	enim,	9578.00	3042.00	2021-10-27 08:24:49	Integer aliquam adipiscing	sem elit, pharetra ut, pharetra	eget odio. Aliquam vulputate	f
125	4	consectetuer adipiscing elit.	125	egestas. Aliquam fringilla cursus purus. Nullam scelerisque neque sed sem egestas blandit. Nam nulla magna, malesuada vel, convallis in, cursus et, eros. Proin ultrices. Duis volutpat nunc	Ut	9393.00	2260.00	2021-07-12 17:55:41	scelerisque, lorem	vel arcu eu odio	Fusce aliquam, enim nec	f
126	3	urna. Nullam lobortis	126	sit amet, risus. Donec nibh enim, gravida sit amet, dapibus id, blandit at, nisi. Cum sociis natoque penatibus	sit	5055.00	2828.00	2022-01-25 13:12:26	sagittis augue, eu	sit amet diam eu	iaculis nec, eleifend non, dapibus	f
127	1	mauris a nunc. In	127	mi fringilla mi lacinia mattis. Integer eu lacus. Quisque imperdiet, erat nonummy ultricies ornare,	rutrum.	1600.00	9634.00	2022-11-08 09:42:29	lectus pede et risus.	nunc est, mollis non, cursus	Sed eget	f
128	5	ridiculus mus. Proin vel	128	hendrerit consectetuer, cursus et, magna. Praesent interdum ligula eu enim. Etiam imperdiet dictum magna. Ut tincidunt orci quis lectus. Nullam suscipit, est ac facilisis facilisis, magna tellus faucibus	aliquet	7834.00	2546.00	2022-01-01 03:35:01	elit sed	aliquet nec, imperdiet nec,	ac turpis egestas. Aliquam fringilla cursus purus. Nullam scelerisque neque	f
129	6	fermentum fermentum arcu. Vestibulum	129	pede. Cum sociis natoque penatibus et magnis dis parturient montes, nascetur ridiculus mus. Proin vel arcu eu odio tristique pharetra. Quisque ac libero nec	Proin	4688.00	5981.00	2022-04-05 11:59:23	Proin velit. Sed	vestibulum lorem, sit amet	aliquet magna a neque.	f
130	2	Aliquam erat volutpat. Nulla dignissim.	130	elit, pharetra ut, pharetra sed, hendrerit a, arcu. Sed et libero. Proin mi. Aliquam gravida mauris ut mi.	volutpat	5486.00	6396.00	2022-11-23 18:45:49	rhoncus id, mollis	egestas ligula. Nullam	est, vitae sodales nisi magna sed	f
131	4	ac arcu.	131	mus. Proin vel arcu eu odio tristique pharetra. Quisque ac	Vivamus	3304.00	7001.00	2023-05-28 10:47:25	Nam ac	augue porttitor interdum. Sed auctor odio	dignissim magna a tortor. Nunc commodo	f
132	4	at, egestas	132	Nulla interdum. Curabitur dictum. Phasellus in felis. Nulla tempor augue ac ipsum. Phasellus	erat	6646.00	4054.00	2021-12-01 01:31:00	aliquam adipiscing lacus. Ut	fames ac turpis egestas. Aliquam	odio a purus. Duis elementum, dui quis accumsan	f
133	4	lorem fringilla	133	Phasellus fermentum convallis ligula. Donec luctus aliquet odio. Etiam ligula tortor, dictum eu, placerat eget, venenatis	Maecenas	8259.00	8237.00	2022-02-02 02:15:42	et, euismod	natoque penatibus et magnis dis	lorem tristique aliquet. Phasellus fermentum convallis ligula. Donec luctus	f
134	2	quam quis diam.	134	Sed id risus quis diam luctus lobortis. Class aptent taciti sociosqu ad litora torquent per	Vivamus	7289.00	2231.00	2022-07-07 09:05:17	lobortis risus. In	Fusce aliquet magna a	pulvinar arcu et pede. Nunc sed orci lobortis	f
135	3	inceptos hymenaeos. Mauris ut	135	sit amet massa. Quisque porttitor eros nec tellus. Nunc lectus	turpis.	8881.00	3154.00	2021-08-25 13:07:53	Maecenas libero est, congue	odio. Nam interdum enim non	nunc interdum feugiat. Sed nec metus	f
136	3	malesuada fames ac	136	dictum augue malesuada malesuada. Integer id magna et ipsum cursus vestibulum. Mauris magna.	sit	5189.00	6667.00	2022-07-08 19:07:55	amet ante. Vivamus non	aliquet odio. Etiam	at arcu. Vestibulum ante ipsum primis in faucibus orci	f
137	2	fringilla cursus purus.	137	luctus vulputate, nisi sem semper erat, in consectetuer ipsum nunc id enim. Curabitur massa. Vestibulum accumsan neque et nunc. Quisque ornare tortor at risus. Nunc ac	est	9186.00	1408.00	2022-11-05 11:28:52	mi. Duis	Duis elementum, dui quis accumsan	elit, pretium et,	f
138	5	eget metus.	138	cursus et, eros. Proin ultrices. Duis volutpat nunc sit amet	Vestibulum	2141.00	6219.00	2021-06-26 22:48:13	risus. Donec	pede blandit congue.	tincidunt congue turpis. In condimentum. Donec at arcu. Vestibulum	f
139	2	ante. Vivamus non lorem vitae	139	Aliquam tincidunt, nunc ac mattis ornare, lectus ante dictum mi, ac mattis velit justo nec ante. Maecenas mi felis, adipiscing fringilla, porttitor	nibh.	5459.00	1611.00	2023-05-27 06:21:03	lorem ut	dui. Cum sociis	suscipit nonummy. Fusce fermentum fermentum arcu. Vestibulum ante	f
140	3	et ultrices posuere cubilia Curae	140	aliquet molestie tellus. Aenean egestas hendrerit neque. In ornare sagittis felis. Donec tempor, est ac	conubia	996.00	5816.00	2022-03-21 00:19:36	odio, auctor	lobortis quis, pede.	In mi	f
141	2	Morbi vehicula. Pellentesque	141	neque. In ornare sagittis felis. Donec tempor, est ac mattis semper, dui lectus rutrum urna, nec luctus felis purus ac tellus. Suspendisse sed	Sed	6718.00	1080.00	2022-03-03 03:29:26	in faucibus orci	commodo ipsum. Suspendisse non leo.	sed dictum eleifend, nunc risus varius	f
142	5	nibh lacinia orci, consectetuer	142	auctor. Mauris vel turpis. Aliquam adipiscing lobortis risus. In mi pede,	quis	8847.00	3157.00	2022-09-15 00:12:55	penatibus et magnis	vehicula et, rutrum	ante ipsum primis in faucibus orci luctus et	f
143	4	dictum eleifend, nunc	143	Pellentesque habitant morbi tristique senectus et netus et malesuada fames ac turpis egestas. Fusce aliquet magna a neque. Nullam ut nisi a odio semper cursus. Integer mollis.	vitae	6124.00	9347.00	2022-08-09 04:58:43	magnis dis parturient montes,	nostra, per inceptos hymenaeos. Mauris ut	amet diam eu dolor egestas rhoncus. Proin nisl sem,	f
144	1	enim	144	at sem molestie sodales. Mauris blandit enim consequat purus. Maecenas libero est, congue a, aliquet	blandit	8838.00	6436.00	2023-01-22 22:36:30	sagittis felis. Donec	ullamcorper. Duis at lacus. Quisque	dolor sit amet, consectetuer adipiscing elit.	f
145	1	mollis vitae, posuere	145	Nam interdum enim non nisi. Aenean eget metus. In nec orci. Donec nibh.	ornare,	5621.00	7840.00	2022-06-06 19:31:54	convallis est,	tellus non magna. Nam	turpis. Aliquam adipiscing lobortis risus. In mi	f
146	2	dis parturient montes, nascetur ridiculus	146	sit amet ultricies sem magna nec quam. Curabitur vel lectus. Cum sociis natoque penatibus et magnis dis parturient montes, nascetur	ipsum.	4086.00	1528.00	2021-11-23 16:47:54	mauris eu	ut eros non	Nunc lectus pede,	f
147	4	nunc nulla vulputate dui,	147	Morbi non sapien molestie orci tincidunt adipiscing. Mauris molestie pharetra nibh. Aliquam ornare, libero at auctor ullamcorper, nisl arcu iaculis enim, sit amet ornare lectus justo eu	egestas	3371.00	5925.00	2021-12-08 17:04:33	non, hendrerit id,	feugiat non, lobortis quis,	Nunc mauris elit, dictum eu,	f
148	2	Cras dictum ultricies	148	neque venenatis lacus. Etiam bibendum fermentum metus. Aenean sed pede nec ante blandit viverra. Donec tempus, lorem fringilla ornare placerat, orci lacus	elit	9797.00	1361.00	2022-05-25 20:26:26	sodales at, velit. Pellentesque	fermentum fermentum arcu. Vestibulum ante	sed orci lobortis augue scelerisque	f
149	4	bibendum sed, est. Nunc	149	magna. Phasellus dolor elit, pellentesque a, facilisis non, bibendum sed, est. Nunc laoreet	pede,	7455.00	1320.00	2023-05-26 20:40:10	ut, pellentesque eget,	natoque penatibus et magnis dis parturient	magna tellus faucibus leo, in lobortis tellus	f
150	4	tellus justo sit amet nulla.	150	nisi. Mauris nulla. Integer urna. Vivamus molestie dapibus ligula. Aliquam erat volutpat. Nulla dignissim. Maecenas ornare egestas	In	4946.00	4877.00	2021-11-20 13:43:34	aliquet odio.	tristique senectus et netus et	nisl arcu iaculis enim, sit amet ornare	f
\.


--
-- Data for Name: reviews; Type: TABLE DATA; Schema: public; Owner: gb_user
--

COPY public.reviews (reviewid, userid, reviewtime, reviewtext) FROM stdin;
1	66	2023-05-25 20:51:18	aliquet molestie tellus. Aenean egestas hendrerit neque. In ornare sagittis felis. Donec tempor, est ac mattis semper, dui lectus rutrum urna, nec luctus felis purus ac tellus. Suspendisse
2	75	2021-11-12 09:09:37	euismod enim. Etiam gravida molestie arcu. Sed eu nibh vulputate mauris sagittis placerat. Cras dictum ultricies ligula. Nullam enim. Sed nulla ante, iaculis nec, eleifend non, dapibus rutrum, justo. Praesent luctus. Curabitur egestas nunc sed libero. Proin sed turpis nec mauris blandit mattis. Cras eget nisi
3	80	2021-09-04 11:45:23	arcu. Vestibulum ante ipsum primis in faucibus orci luctus et ultrices posuere cubilia Curae Donec tincidunt. Donec vitae erat vel pede blandit congue. In scelerisque scelerisque dui. Suspendisse ac metus vitae velit egestas lacinia. Sed congue, elit sed consequat auctor, nunc nulla vulputate dui, nec tempus mauris erat
4	65	2022-10-06 00:57:39	Aenean eget magna. Suspendisse tristique neque venenatis lacus. Etiam bibendum fermentum metus. Aenean sed pede nec ante blandit viverra. Donec tempus,
5	76	2022-07-28 20:14:43	ante lectus convallis est, vitae sodales nisi magna sed dui. Fusce aliquam, enim nec tempus scelerisque, lorem ipsum sodales purus, in molestie tortor nibh sit amet orci. Ut sagittis lobortis mauris. Suspendisse aliquet molestie tellus. Aenean egestas hendrerit neque. In ornare
6	56	2022-06-02 01:55:38	mollis vitae, posuere at, velit. Cras lorem lorem, luctus ut, pellentesque eget, dictum placerat, augue. Sed molestie. Sed id risus quis diam luctus lobortis. Class aptent taciti sociosqu ad litora torquent per conubia
7	63	2022-12-29 08:45:16	Suspendisse ac metus vitae velit egestas lacinia. Sed congue, elit sed consequat auctor, nunc nulla vulputate dui, nec tempus mauris erat eget ipsum. Suspendisse sagittis. Nullam vitae diam. Proin dolor.
8	26	2021-06-15 17:56:43	Nam tempor diam dictum sapien. Aenean massa. Integer vitae nibh. Donec est mauris, rhoncus id, mollis nec, cursus a, enim. Suspendisse aliquet, sem ut cursus luctus, ipsum leo elementum
9	16	2022-10-28 00:09:05	dui nec urna suscipit nonummy. Fusce fermentum fermentum arcu. Vestibulum ante ipsum primis in faucibus orci luctus et ultrices posuere cubilia Curae Phasellus ornare. Fusce mollis. Duis sit amet diam eu dolor egestas rhoncus. Proin nisl
10	42	2023-03-07 17:35:28	Maecenas iaculis aliquet diam. Sed diam lorem, auctor quis, tristique ac, eleifend vitae, erat. Vivamus nisi. Mauris nulla. Integer urna. Vivamus molestie dapibus ligula. Aliquam erat volutpat. Nulla dignissim. Maecenas ornare egestas ligula. Nullam feugiat placerat velit. Quisque varius. Nam porttitor scelerisque neque. Nullam nisl. Maecenas malesuada fringilla est. Mauris
11	79	2022-08-13 15:20:12	enim diam vel arcu. Curabitur ut odio vel est tempor bibendum. Donec felis orci, adipiscing non, luctus sit amet, faucibus ut, nulla. Cras eu tellus eu augue porttitor interdum. Sed auctor odio a purus. Duis elementum, dui quis accumsan convallis, ante lectus convallis
12	28	2022-03-19 01:35:55	Pellentesque habitant morbi tristique senectus et netus et malesuada fames ac turpis egestas. Aliquam fringilla cursus purus. Nullam scelerisque neque sed sem egestas blandit. Nam nulla magna, malesuada vel, convallis in, cursus
13	11	2022-12-17 05:41:59	mollis. Phasellus libero mauris, aliquam eu, accumsan sed, facilisis vitae, orci. Phasellus dapibus quam quis diam. Pellentesque habitant morbi tristique senectus et
14	90	2021-12-09 03:09:55	a feugiat tellus lorem eu metus. In lorem. Donec elementum, lorem ut aliquam iaculis, lacus pede sagittis augue, eu tempor erat neque non quam. Pellentesque habitant morbi tristique senectus et netus et malesuada fames ac
15	50	2021-09-10 07:46:42	urna, nec luctus felis purus ac tellus. Suspendisse sed dolor. Fusce mi lorem, vehicula et, rutrum eu, ultrices sit amet, risus. Donec nibh enim, gravida sit amet, dapibus id,
16	69	2022-08-22 18:11:08	lobortis. Class aptent taciti sociosqu ad litora torquent per conubia nostra, per inceptos hymenaeos. Mauris ut quam vel sapien imperdiet ornare. In faucibus. Morbi vehicula. Pellentesque tincidunt tempus risus. Donec egestas. Duis ac arcu. Nunc mauris. Morbi non sapien molestie orci tincidunt
17	56	2021-10-09 23:26:54	eget, dictum placerat, augue. Sed molestie. Sed id risus quis diam luctus lobortis. Class aptent taciti sociosqu ad litora torquent per conubia nostra, per inceptos hymenaeos. Mauris ut quam vel sapien imperdiet ornare. In faucibus. Morbi vehicula. Pellentesque tincidunt tempus risus. Donec egestas.
18	48	2022-02-02 06:28:22	Sed nulla ante, iaculis nec, eleifend non, dapibus rutrum, justo. Praesent luctus. Curabitur egestas nunc sed libero. Proin sed turpis
19	33	2023-02-11 18:03:18	metus urna convallis erat, eget tincidunt dui augue eu tellus. Phasellus elit pede, malesuada vel, venenatis vel, faucibus id, libero. Donec consectetuer mauris id sapien. Cras dolor dolor, tempus non, lacinia at, iaculis quis, pede. Praesent eu dui. Cum sociis natoque
20	28	2023-03-23 20:37:04	massa. Mauris vestibulum, neque sed dictum eleifend, nunc risus varius orci, in consequat enim diam vel arcu. Curabitur ut odio vel est tempor bibendum. Donec felis orci, adipiscing non, luctus sit amet, faucibus ut, nulla. Cras eu tellus eu augue porttitor interdum. Sed auctor odio a purus.
21	63	2022-09-30 13:14:47	Vivamus rhoncus. Donec est. Nunc ullamcorper, velit in aliquet lobortis, nisi nibh lacinia orci, consectetuer euismod est arcu ac orci. Ut semper pretium neque. Morbi quis urna. Nunc quis arcu vel quam dignissim pharetra. Nam ac nulla. In tincidunt congue turpis. In condimentum.
22	11	2021-12-30 14:13:58	congue turpis. In condimentum. Donec at arcu. Vestibulum ante ipsum primis in faucibus orci luctus et ultrices posuere cubilia
23	77	2021-10-06 11:37:00	sagittis. Duis gravida. Praesent eu nulla at sem molestie sodales. Mauris blandit enim consequat purus. Maecenas
24	77	2022-06-01 08:43:44	lacinia orci, consectetuer euismod est arcu ac orci. Ut semper pretium neque. Morbi quis urna. Nunc quis arcu vel quam dignissim pharetra. Nam ac nulla. In tincidunt congue turpis. In condimentum. Donec at arcu. Vestibulum ante ipsum primis in faucibus orci
25	32	2022-01-26 12:11:20	tincidunt tempus risus. Donec egestas. Duis ac arcu. Nunc mauris. Morbi non sapien molestie orci tincidunt adipiscing. Mauris molestie pharetra nibh. Aliquam ornare, libero at auctor ullamcorper, nisl arcu iaculis enim, sit amet ornare lectus justo eu arcu.
26	33	2022-11-16 08:13:06	lorem ipsum sodales purus, in molestie tortor nibh sit amet orci. Ut sagittis lobortis mauris.
27	40	2023-03-21 20:08:45	Duis at lacus. Quisque purus sapien, gravida non, sollicitudin a, malesuada id, erat. Etiam vestibulum massa rutrum magna. Cras convallis convallis dolor. Quisque tincidunt pede ac urna. Ut
28	63	2022-10-26 13:07:46	Fusce diam nunc, ullamcorper eu, euismod ac, fermentum vel, mauris. Integer sem elit, pharetra ut, pharetra sed, hendrerit a, arcu. Sed et libero. Proin mi. Aliquam gravida mauris ut mi. Duis risus odio, auctor vitae, aliquet nec,
29	62	2022-09-30 11:17:32	erat semper rutrum. Fusce dolor quam, elementum at, egestas a, scelerisque sed, sapien. Nunc pulvinar arcu
30	14	2021-06-02 21:50:32	mauris blandit mattis. Cras eget nisi dictum augue malesuada malesuada. Integer id magna et ipsum cursus vestibulum. Mauris magna. Duis dignissim tempor arcu. Vestibulum ut eros non enim commodo hendrerit. Donec porttitor tellus
31	20	2023-02-14 19:33:39	quis, tristique ac, eleifend vitae, erat. Vivamus nisi. Mauris nulla. Integer urna. Vivamus molestie dapibus ligula. Aliquam erat volutpat. Nulla dignissim. Maecenas ornare egestas ligula. Nullam feugiat placerat velit. Quisque
32	78	2021-11-24 00:29:52	faucibus orci luctus et ultrices posuere cubilia Curae Donec tincidunt. Donec vitae erat vel pede blandit congue. In scelerisque scelerisque dui. Suspendisse ac metus vitae velit egestas lacinia. Sed congue,
33	44	2021-07-26 22:25:35	vel, venenatis vel, faucibus id, libero. Donec consectetuer mauris id sapien. Cras dolor dolor, tempus non, lacinia at, iaculis quis, pede. Praesent eu dui. Cum sociis natoque penatibus et magnis dis parturient montes, nascetur ridiculus
34	84	2023-03-21 06:44:50	sed, hendrerit a, arcu. Sed et libero. Proin mi. Aliquam gravida mauris ut mi. Duis risus odio, auctor vitae, aliquet nec, imperdiet nec, leo. Morbi neque tellus, imperdiet non, vestibulum nec, euismod in, dolor. Fusce feugiat. Lorem ipsum dolor sit amet, consectetuer adipiscing elit.
35	70	2021-11-19 21:40:25	consequat enim diam vel arcu. Curabitur ut odio vel est tempor bibendum. Donec felis orci, adipiscing non, luctus sit amet, faucibus ut, nulla. Cras eu tellus eu augue porttitor interdum. Sed auctor odio a purus. Duis elementum, dui quis accumsan convallis, ante
36	89	2021-12-24 06:12:16	ut ipsum ac mi eleifend egestas. Sed pharetra, felis eget varius ultrices, mauris ipsum porta elit, a feugiat tellus lorem eu metus. In lorem. Donec elementum, lorem ut aliquam iaculis, lacus pede sagittis augue, eu tempor erat neque non quam.
37	89	2023-05-27 20:57:54	eu tempor erat neque non quam. Pellentesque habitant morbi tristique senectus et netus et malesuada fames ac turpis egestas. Aliquam fringilla cursus purus. Nullam scelerisque neque
38	81	2021-06-30 07:00:32	tincidunt nibh. Phasellus nulla. Integer vulputate, risus a ultricies adipiscing, enim mi tempor lorem, eget mollis lectus pede et risus. Quisque libero lacus, varius et, euismod et, commodo at, libero. Morbi accumsan laoreet ipsum. Curabitur consequat, lectus sit
39	21	2022-01-17 03:52:26	cursus luctus, ipsum leo elementum sem, vitae aliquam eros turpis non enim. Mauris quis turpis vitae purus gravida sagittis.
40	89	2023-03-19 05:35:21	lorem. Donec elementum, lorem ut aliquam iaculis, lacus pede sagittis augue, eu tempor erat neque non quam. Pellentesque habitant morbi tristique senectus et netus et malesuada fames ac turpis egestas. Aliquam fringilla cursus purus. Nullam scelerisque neque sed sem egestas blandit.
41	30	2021-07-14 06:58:07	parturient montes, nascetur ridiculus mus. Proin vel arcu eu odio tristique pharetra. Quisque ac libero nec ligula consectetuer rhoncus. Nullam velit dui, semper et, lacinia vitae, sodales at, velit. Pellentesque ultricies dignissim lacus. Aliquam
42	97	2022-11-10 07:40:10	elementum sem, vitae aliquam eros turpis non enim. Mauris quis turpis vitae purus gravida sagittis. Duis gravida. Praesent eu nulla at sem molestie sodales. Mauris blandit enim consequat purus. Maecenas libero est, congue a, aliquet vel, vulputate eu, odio. Phasellus at augue
43	43	2023-03-29 17:23:23	mollis dui, in sodales elit erat vitae risus. Duis a mi fringilla mi lacinia
44	60	2021-06-17 10:31:17	Duis volutpat nunc sit amet metus. Aliquam erat volutpat. Nulla facilisis. Suspendisse commodo tincidunt nibh. Phasellus nulla. Integer vulputate, risus a ultricies adipiscing, enim mi tempor lorem, eget mollis lectus pede et risus. Quisque libero lacus, varius et, euismod et, commodo at,
45	78	2022-11-27 21:42:45	ornare, libero at auctor ullamcorper, nisl arcu iaculis enim, sit amet ornare lectus justo eu arcu. Morbi sit amet massa. Quisque porttitor eros nec
46	34	2022-04-20 00:21:43	consequat purus. Maecenas libero est, congue a, aliquet vel, vulputate eu, odio. Phasellus at augue id ante dictum cursus. Nunc mauris elit, dictum eu, eleifend nec, malesuada ut, sem. Nulla interdum. Curabitur dictum. Phasellus in felis. Nulla
47	96	2023-01-11 12:55:39	convallis est, vitae sodales nisi magna sed dui. Fusce aliquam, enim nec tempus scelerisque, lorem ipsum sodales purus, in molestie tortor nibh sit amet orci. Ut sagittis lobortis mauris. Suspendisse aliquet molestie tellus. Aenean egestas hendrerit neque.
48	13	2022-01-04 06:53:34	dolor, tempus non, lacinia at, iaculis quis, pede. Praesent eu dui. Cum sociis natoque penatibus et magnis dis parturient montes, nascetur ridiculus mus. Aenean eget magna. Suspendisse tristique neque venenatis lacus. Etiam bibendum fermentum metus. Aenean sed pede nec ante blandit
49	72	2022-11-23 23:05:11	turpis non enim. Mauris quis turpis vitae purus gravida sagittis. Duis gravida. Praesent eu nulla at sem
50	94	2022-03-17 23:24:41	egestas rhoncus. Proin nisl sem, consequat nec, mollis vitae, posuere at, velit. Cras lorem lorem, luctus ut, pellentesque eget, dictum placerat, augue. Sed molestie. Sed id risus quis diam luctus lobortis. Class aptent taciti sociosqu ad litora torquent per conubia
51	81	2021-12-19 13:42:40	arcu. Vestibulum ut eros non enim commodo hendrerit. Donec porttitor tellus non magna. Nam ligula elit, pretium et, rutrum non, hendrerit id, ante. Nunc mauris
52	40	2022-04-13 02:01:22	enim. Curabitur massa. Vestibulum accumsan neque et nunc. Quisque ornare tortor at risus. Nunc ac sem ut dolor dapibus gravida. Aliquam tincidunt, nunc ac mattis ornare, lectus ante dictum mi, ac mattis velit
53	34	2021-12-21 14:12:32	eu dui. Cum sociis natoque penatibus et magnis dis parturient montes, nascetur ridiculus mus. Aenean eget magna. Suspendisse tristique neque venenatis lacus. Etiam bibendum fermentum metus. Aenean sed pede nec
54	84	2021-08-30 06:10:15	ultrices, mauris ipsum porta elit, a feugiat tellus lorem eu metus. In lorem. Donec elementum, lorem ut aliquam iaculis, lacus pede sagittis augue, eu tempor erat
55	72	2022-06-15 14:05:05	dignissim lacus. Aliquam rutrum lorem ac risus. Morbi metus. Vivamus euismod urna. Nullam lobortis quam a felis ullamcorper viverra. Maecenas iaculis aliquet diam. Sed diam lorem, auctor quis, tristique ac, eleifend vitae, erat. Vivamus nisi. Mauris nulla. Integer urna. Vivamus molestie dapibus ligula. Aliquam erat volutpat. Nulla dignissim. Maecenas ornare
56	59	2023-02-05 22:17:49	nunc sed libero. Proin sed turpis nec mauris blandit mattis. Cras eget nisi dictum augue malesuada malesuada. Integer id magna et ipsum cursus vestibulum. Mauris magna. Duis dignissim tempor
57	77	2022-06-22 00:31:42	orci quis lectus. Nullam suscipit, est ac facilisis facilisis, magna tellus
58	61	2022-10-26 08:38:58	et ipsum cursus vestibulum. Mauris magna. Duis dignissim tempor arcu. Vestibulum ut eros non enim commodo hendrerit. Donec porttitor tellus non magna. Nam ligula elit, pretium et, rutrum non, hendrerit id, ante. Nunc mauris sapien, cursus in, hendrerit consectetuer, cursus et, magna. Praesent interdum ligula eu enim. Etiam imperdiet
59	9	2022-09-19 08:35:55	suscipit, est ac facilisis facilisis, magna tellus faucibus leo, in lobortis tellus justo sit amet nulla. Donec non justo. Proin non massa non ante bibendum ullamcorper. Duis
60	73	2023-01-01 05:25:11	tincidunt dui augue eu tellus. Phasellus elit pede, malesuada vel, venenatis vel, faucibus id, libero. Donec consectetuer mauris id sapien. Cras dolor dolor, tempus non, lacinia at, iaculis quis, pede. Praesent eu dui. Cum sociis natoque penatibus et magnis dis parturient montes, nascetur ridiculus mus. Aenean eget magna. Suspendisse tristique
61	39	2022-01-03 05:32:56	in, cursus et, eros. Proin ultrices. Duis volutpat nunc sit amet metus. Aliquam erat volutpat. Nulla
62	79	2022-06-07 18:08:42	adipiscing elit. Etiam laoreet, libero et tristique pellentesque, tellus sem mollis dui, in
63	31	2022-10-20 00:43:54	viverra. Donec tempus, lorem fringilla ornare placerat, orci lacus vestibulum lorem, sit amet ultricies sem magna nec quam. Curabitur vel lectus. Cum sociis natoque penatibus et magnis dis parturient montes, nascetur ridiculus mus. Donec dignissim magna a tortor. Nunc commodo auctor velit. Aliquam nisl. Nulla eu
64	8	2021-10-13 05:49:28	et libero. Proin mi. Aliquam gravida mauris ut mi. Duis risus odio, auctor vitae, aliquet nec, imperdiet nec, leo. Morbi neque tellus, imperdiet non, vestibulum nec, euismod in, dolor. Fusce
65	55	2021-10-25 07:19:17	dolor egestas rhoncus. Proin nisl sem, consequat nec, mollis vitae, posuere at, velit. Cras lorem lorem, luctus ut, pellentesque eget, dictum placerat, augue. Sed molestie. Sed id risus quis diam luctus lobortis. Class aptent taciti sociosqu ad litora torquent per conubia nostra, per
66	24	2022-01-30 11:09:15	Duis mi enim, condimentum eget, volutpat ornare, facilisis eget, ipsum. Donec sollicitudin adipiscing ligula. Aenean gravida nunc sed pede. Cum sociis natoque penatibus et magnis dis parturient montes, nascetur
67	25	2022-05-13 21:31:21	penatibus et magnis dis parturient montes, nascetur ridiculus mus. Proin vel nisl. Quisque fringilla euismod enim. Etiam gravida molestie arcu. Sed eu nibh vulputate mauris sagittis placerat. Cras dictum ultricies ligula. Nullam enim. Sed nulla ante, iaculis nec, eleifend non, dapibus
68	70	2023-05-02 22:11:53	lectus pede, ultrices a, auctor non, feugiat nec, diam. Duis mi enim, condimentum eget, volutpat ornare, facilisis eget, ipsum. Donec sollicitudin adipiscing ligula. Aenean gravida nunc sed pede. Cum
69	67	2021-09-14 14:32:51	faucibus orci luctus et ultrices posuere cubilia Curae Phasellus ornare. Fusce mollis. Duis sit amet diam eu dolor egestas rhoncus. Proin nisl sem, consequat nec, mollis vitae, posuere
70	78	2022-04-23 01:59:36	sit amet massa. Quisque porttitor eros nec tellus. Nunc lectus pede,
71	56	2021-10-18 03:15:05	Donec feugiat metus sit amet ante. Vivamus non lorem vitae odio sagittis semper. Nam
72	66	2021-12-14 02:51:52	a, arcu. Sed et libero. Proin mi. Aliquam gravida mauris ut mi. Duis risus odio, auctor vitae, aliquet nec, imperdiet nec, leo. Morbi neque tellus, imperdiet non, vestibulum nec, euismod in, dolor. Fusce feugiat.
73	82	2021-11-23 22:10:11	Donec sollicitudin adipiscing ligula. Aenean gravida nunc sed pede. Cum sociis natoque penatibus et magnis dis parturient montes, nascetur ridiculus mus. Proin vel arcu eu odio tristique pharetra. Quisque ac libero
74	75	2021-09-20 10:40:33	vitae nibh. Donec est mauris, rhoncus id, mollis nec, cursus a, enim. Suspendisse aliquet, sem ut cursus luctus, ipsum leo elementum sem, vitae aliquam eros turpis non enim. Mauris quis turpis vitae purus gravida sagittis. Duis gravida. Praesent eu nulla at sem molestie sodales. Mauris blandit enim consequat
75	22	2021-07-31 01:22:03	Fusce mollis. Duis sit amet diam eu dolor egestas rhoncus. Proin nisl sem, consequat nec, mollis vitae, posuere at, velit. Cras lorem lorem, luctus ut, pellentesque eget, dictum placerat, augue. Sed molestie. Sed id risus quis
76	87	2021-11-13 03:30:55	Suspendisse eleifend. Cras sed leo. Cras vehicula aliquet libero. Integer in magna. Phasellus dolor elit,
77	43	2022-01-08 10:12:30	a nunc. In at pede. Cras vulputate velit eu sem. Pellentesque ut ipsum ac mi eleifend egestas. Sed pharetra, felis eget varius ultrices, mauris ipsum porta elit, a feugiat tellus lorem eu metus. In lorem. Donec elementum,
78	37	2022-07-20 11:31:23	pulvinar arcu et pede. Nunc sed orci lobortis augue scelerisque mollis. Phasellus libero mauris, aliquam eu, accumsan sed, facilisis vitae, orci. Phasellus dapibus quam quis diam. Pellentesque habitant morbi tristique senectus et netus et malesuada fames ac turpis
79	11	2021-07-01 18:35:08	vulputate ullamcorper magna. Sed eu eros. Nam consequat dolor vitae
80	23	2022-03-01 13:18:56	feugiat non, lobortis quis, pede. Suspendisse dui. Fusce diam nunc, ullamcorper eu,
81	25	2021-12-22 23:39:30	metus eu erat semper rutrum. Fusce dolor quam, elementum at, egestas a, scelerisque sed, sapien. Nunc pulvinar arcu et pede. Nunc sed orci lobortis augue scelerisque mollis. Phasellus libero mauris, aliquam eu, accumsan sed, facilisis vitae, orci. Phasellus dapibus quam quis diam. Pellentesque habitant morbi tristique senectus et
82	28	2023-05-12 20:12:02	volutpat nunc sit amet metus. Aliquam erat volutpat. Nulla facilisis. Suspendisse commodo tincidunt nibh. Phasellus nulla. Integer vulputate, risus a ultricies adipiscing, enim mi tempor lorem, eget mollis lectus
83	78	2022-12-07 22:04:39	Aliquam vulputate ullamcorper magna. Sed eu eros. Nam consequat dolor vitae dolor. Donec fringilla. Donec feugiat metus sit amet ante. Vivamus non lorem vitae odio sagittis semper.
84	65	2023-01-11 03:04:47	gravida nunc sed pede. Cum sociis natoque penatibus et magnis dis parturient montes, nascetur ridiculus
85	42	2021-09-02 04:35:55	ut quam vel sapien imperdiet ornare. In faucibus. Morbi vehicula. Pellentesque tincidunt tempus risus. Donec egestas. Duis ac arcu. Nunc mauris. Morbi non sapien molestie orci tincidunt adipiscing. Mauris molestie pharetra nibh. Aliquam ornare, libero at auctor ullamcorper, nisl arcu iaculis enim, sit
86	46	2023-03-26 22:45:14	non, dapibus rutrum, justo. Praesent luctus. Curabitur egestas nunc sed libero. Proin sed turpis nec mauris blandit mattis. Cras eget nisi
87	39	2023-05-18 11:40:22	ultrices a, auctor non, feugiat nec, diam. Duis mi enim, condimentum eget, volutpat ornare, facilisis eget, ipsum. Donec sollicitudin adipiscing ligula. Aenean gravida nunc sed pede. Cum sociis
88	23	2021-06-29 06:28:32	non, feugiat nec, diam. Duis mi enim, condimentum eget, volutpat ornare, facilisis eget, ipsum. Donec sollicitudin adipiscing ligula. Aenean gravida nunc sed pede. Cum sociis natoque penatibus et magnis dis parturient montes, nascetur ridiculus mus. Proin vel arcu eu odio tristique
89	2	2023-01-27 14:26:54	volutpat. Nulla facilisis. Suspendisse commodo tincidunt nibh. Phasellus nulla. Integer vulputate, risus a ultricies adipiscing, enim mi tempor lorem, eget mollis lectus pede et risus. Quisque libero lacus,
90	72	2023-01-01 02:44:26	at risus. Nunc ac sem ut dolor dapibus gravida. Aliquam tincidunt, nunc ac mattis ornare, lectus ante dictum mi, ac mattis velit justo nec ante. Maecenas mi felis,
91	75	2022-05-30 02:39:18	Sed malesuada augue ut lacus. Nulla tincidunt, neque vitae semper egestas, urna justo faucibus lectus, a sollicitudin orci sem eget massa. Suspendisse eleifend. Cras sed
92	11	2022-01-12 17:56:37	nisl sem, consequat nec, mollis vitae, posuere at, velit. Cras lorem lorem, luctus ut, pellentesque eget, dictum placerat, augue. Sed molestie. Sed id risus quis diam luctus lobortis. Class aptent taciti sociosqu ad litora torquent per conubia nostra, per inceptos hymenaeos. Mauris ut
93	72	2022-03-02 14:37:11	Integer mollis. Integer tincidunt aliquam arcu. Aliquam ultrices iaculis odio. Nam interdum enim non nisi. Aenean eget metus. In
94	63	2023-03-27 05:42:24	aliquet vel, vulputate eu, odio. Phasellus at augue id ante dictum
95	11	2021-06-28 17:03:07	vehicula aliquet libero. Integer in magna. Phasellus dolor elit, pellentesque a, facilisis non, bibendum sed, est. Nunc laoreet lectus quis massa. Mauris vestibulum, neque sed dictum eleifend,
96	64	2021-12-21 00:30:08	in consequat enim diam vel arcu. Curabitur ut odio vel est tempor bibendum. Donec felis orci, adipiscing non, luctus sit amet, faucibus ut, nulla. Cras eu tellus eu augue porttitor interdum. Sed auctor odio a purus. Duis elementum, dui quis accumsan convallis, ante lectus convallis est, vitae sodales
97	6	2021-12-17 10:52:36	purus sapien, gravida non, sollicitudin a, malesuada id, erat. Etiam vestibulum massa rutrum magna. Cras convallis convallis dolor. Quisque tincidunt pede ac
98	73	2023-02-15 13:09:51	inceptos hymenaeos. Mauris ut quam vel sapien imperdiet ornare. In faucibus. Morbi vehicula. Pellentesque tincidunt tempus risus. Donec egestas. Duis ac arcu. Nunc mauris. Morbi non sapien molestie orci tincidunt adipiscing. Mauris molestie pharetra nibh. Aliquam ornare, libero at auctor ullamcorper, nisl arcu iaculis enim, sit amet ornare lectus
99	86	2022-12-17 23:20:16	enim, gravida sit amet, dapibus id, blandit at, nisi. Cum sociis natoque penatibus et magnis dis parturient montes, nascetur ridiculus mus. Proin vel nisl. Quisque fringilla euismod enim. Etiam gravida molestie arcu. Sed eu nibh vulputate mauris sagittis placerat. Cras dictum ultricies ligula. Nullam
100	5	2023-03-22 15:35:55	est arcu ac orci. Ut semper pretium neque. Morbi quis urna. Nunc quis arcu vel quam dignissim pharetra. Nam ac nulla. In tincidunt congue turpis. In condimentum. Donec at arcu. Vestibulum ante ipsum
\.


--
-- Data for Name: roles; Type: TABLE DATA; Schema: public; Owner: gb_user
--

COPY public.roles (roleid, rolename) FROM stdin;
1	Administrator
2	Manager
3	SimpleUser
\.


--
-- Data for Name: userdetails; Type: TABLE DATA; Schema: public; Owner: gb_user
--

COPY public.userdetails (userdetailid, userid, fullname, deliveryaddress, tel, contactperson, email, inn, bik, rasch, bank) FROM stdin;
1	1	Eric Pitts	918-406 Magna Rd.	1-762-618-3202	Ignacia Odom	ipsum.primis@google.org	8641598547	3181	2865419436443793400	Augue Limited
2	2	Erin Benton	Ap #528-6754 Tempor Street	1-428-355-4441	Marah Ross	imperdiet@outlook.org	3758487680	7146	5792568416375102000	Lorem Eget Mollis LLP
3	3	Jana Leon	P.O. Box 961, 858 Libero St.	(634) 886-8428	Olympia Shelton	mauris.sagittis.placerat@protonmail.edu	7656319455	1817	7667837056020004000	Nunc Pulvinar Incorporated
4	4	Zachary Mullen	Ap #785-257 Sem St.	1-817-487-9572	Hu Stone	proin.nisl@icloud.com	8947194987	4964	4238616576324589600	Duis Industries
5	5	Jelani Humphrey	514-5431 Sed Ave	1-233-778-6781	Tanya Wilder	adipiscing.elit@protonmail.couk	8136024880	4567	9964981495324463000	Mollis Vitae Company
6	6	Demetrius Cruz	Ap #237-4610 Quis Ave	1-247-145-2781	Xander Greene	ligula.tortor@aol.couk	1733219524	2914	144452939146745150	Cras Vehicula Aliquet Inc.
7	7	Axel Kidd	P.O. Box 504, 5246 Sed Rd.	(876) 684-2071	Sawyer Garza	litora.torquent@icloud.net	1833063010	3677	9384677280908612000	Mauris Blandit LLP
8	8	Ian Vaughn	Ap #717-2599 Metus Av.	1-467-311-3501	Jennifer Gillespie	quis.massa.mauris@protonmail.edu	2860170773	4581	5421175128447755000	Sit Amet Corporation
9	9	Brett Dixon	P.O. Box 752, 2739 Consequat Road	(774) 274-0858	Mannix Beck	congue.in.scelerisque@hotmail.org	3558749041	9910	9096430739713480000	Lorem Corp.
10	10	Adena Patterson	485-4963 Vel Road	(644) 826-9041	Karen Beck	mi.aliquam@aol.edu	3259494887	7362	3632180636713138000	Eu Ultrices Institute
11	11	Tana Heath	8832 Elit, Av.	(494) 852-9426	Jasmine Shepherd	nec.metus@hotmail.edu	6721640786	3712	786353249176484900	Mauris Sit LLC
12	12	Alisa English	823-7681 Scelerisque, Rd.	(750) 749-1575	Shelley Shannon	semper.pretium@icloud.edu	6627150153	9760	7597132280123257000	Donec Industries
13	13	Montana Paul	988-9492 Eu St.	1-512-284-8350	Lucian Blankenship	vitae.aliquet@google.ca	9212151040	6647	6396896281134176000	Rutrum Incorporated
14	14	Hu Schroeder	Ap #603-7011 A Rd.	(584) 868-1728	Cyrus House	mauris@google.ca	7211147406	5190	5029527636684454000	Sed Incorporated
15	15	Rogan Randall	937-4289 Fringilla Ave	(466) 246-7138	Aiko Turner	fusce.diam@google.edu	7673959968	2933	832147786264914800	Non Vestibulum Nec Industries
16	16	Eric Alvarado	316-7990 Elit, Ave	(363) 883-4782	Ora Downs	duis.a.mi@google.ca	8218066284	2404	4496359429503549400	Neque In Limited
17	17	Camilla Maynard	810-3376 Nonummy St.	1-381-838-3513	Astra Paul	vulputate.risus@google.ca	1979494073	9942	159082919616339140	Adipiscing Elit Institute
18	18	Pamela Buchanan	747-4201 Arcu. St.	1-341-487-8835	Keelie Robles	diam.duis@yahoo.com	1619905771	8109	881490722048383900	Cum Sociis Industries
19	19	Henry Sims	Ap #697-6763 Sed Street	1-817-579-6081	Joy Richmond	luctus@aol.org	2941014014	1135	993169810666528000	Ut Institute
20	20	Emily Merritt	390-1114 Ut Road	1-461-461-1191	Cameron Valentine	egestas.lacinia@google.org	1835250857	3474	6543074442022495000	Aliquam Erat Ltd
21	21	Xenos Bishop	853-6156 Duis Av.	1-649-684-4901	Geoffrey Rocha	elementum@yahoo.edu	6998500936	2220	2479356762121658400	Magnis Dis Parturient PC
22	22	Akeem Sexton	621-2607 Convallis Rd.	1-558-643-1108	Melvin Moses	morbi.tristique@yahoo.net	4330946105	2607	2042825620461565700	Vehicula Pellentesque Tincidunt Incorporated
23	23	Richard Collier	Ap #180-8256 Purus Road	(441) 387-7023	Nomlanga James	sagittis.placerat@aol.ca	6234824410	5687	5843227157560897000	Pellentesque Habitant Corp.
24	24	Abdul Beach	Ap #680-2929 Nulla. Street	(619) 719-7895	Mason Whitley	varius.ultrices@aol.org	4075487736	5656	5507855787572668000	Felis Adipiscing Institute
25	25	Althea Day	P.O. Box 875, 1827 Eu St.	1-962-327-2025	Isaiah Blevins	tempus.mauris@hotmail.com	2420683445	1259	5502839282724244000	Ultrices Duis Volutpat Corporation
26	26	Eugenia Frank	864-3154 Eget Av.	1-278-342-8133	Jasmine Alford	et.magnis@hotmail.couk	5657781619	2809	5828953523258516000	Mi Duis Corp.
27	27	Ora Weber	Ap #968-2572 Mauris Rd.	(386) 451-1153	Harper Estrada	arcu.aliquam@hotmail.couk	2622167018	8294	5855808476742783000	Tellus Sem Incorporated
28	28	Cyrus Patton	P.O. Box 873, 2206 Ultricies Road	(445) 208-1291	Austin Lambert	odio.sagittis@hotmail.edu	7777745285	2813	2821030752263350300	Egestas Lacinia Corp.
29	29	Daquan Ramirez	P.O. Box 508, 584 Integer St.	1-878-421-6130	Tara Dunlap	ut.nisi@protonmail.net	8576092881	5210	3591347656839654400	Et Limited
30	30	Lillian Potts	246-4546 Feugiat Rd.	(821) 858-1456	Alfonso Bryan	aliquet.odio.etiam@aol.com	5541606483	2010	4036010194394705000	Ridiculus Mus Donec Inc.
31	31	Zeus Palmer	Ap #642-1906 Et Av.	1-441-615-3191	Gwendolyn Lambert	neque.vitae@icloud.ca	1007150661	6700	4826399222563774000	Nunc Associates
32	32	Summer Ingram	P.O. Box 696, 1358 Risus. Rd.	1-524-540-2456	Sydnee Hancock	ipsum.dolor@outlook.net	3612179965	3319	9487567856613400000	Nullam Consulting
33	33	Bevis Spears	915-2576 Scelerisque Rd.	(625) 864-7705	Kylie Miles	est.arcu.ac@icloud.org	9734772492	9986	8873627213081461000	Nunc Sed Corp.
34	34	Halla Hewitt	954-7098 Donec Av.	1-829-445-8688	Armando Noble	netus.et@icloud.edu	1437388994	2264	3756738377160304600	Ligula Nullam Feugiat PC
35	35	Cameron Oneil	986-5783 Quam. Avenue	1-697-547-7755	Hayley Stone	felis@yahoo.ca	3241809957	2180	4327683677635180500	Ipsum Sodales Purus Industries
36	36	Wallace Compton	635 Mauris, Ave	(866) 627-6837	Venus Lott	mollis.vitae@yahoo.ca	3047267290	5722	9872767516870445000	Nec Urna Incorporated
37	37	Lunea Heath	617-8154 Eget St.	(263) 847-1632	Kato Robles	est.nunc.laoreet@protonmail.edu	9039447450	1436	698871659053296400	Ornare Lectus Ante Institute
38	38	Kyla Kelly	5033 Lectus Ave	1-516-224-7321	Kelsey Sampson	risus.odio@yahoo.edu	6669963831	3783	5394511496359858000	Odio Sagittis Corp.
39	39	Honorato Wright	Ap #713-2638 Ligula Rd.	1-790-618-6847	Lee Baker	scelerisque@outlook.edu	4858861146	3185	9990471713751714000	Pede Blandit PC
40	40	Latifah Underwood	918-3337 Mauris Ave	1-502-192-7375	Tanek Blanchard	aliquam.erat@icloud.ca	7436826503	1130	654462986210106000	Neque Nullam Nisl Foundation
41	41	Declan Hatfield	194-5044 Ligula St.	(584) 673-2497	Haley Espinoza	mollis.lectus@protonmail.edu	3766845489	2974	5026457155519488000	Adipiscing Lacus Ut Institute
42	42	Venus Bolton	P.O. Box 103, 4351 Ornare St.	1-966-356-0283	Asher Duke	hendrerit@yahoo.edu	8296037680	3649	8902068942599596000	Tincidunt Orci LLC
43	43	Angelica Mooney	Ap #903-5750 Massa Rd.	(787) 781-8683	Drew Henderson	risus.nulla@aol.edu	6108023244	9757	7155958142250619000	Mauris A Nunc PC
44	44	Kenneth Knight	Ap #196-1829 Tempus Road	1-930-613-3322	Shelby Sweeney	penatibus.et@protonmail.com	1043387578	4008	4714498290503940000	Non Lorem Vitae Incorporated
45	45	Tad Robinson	Ap #514-9597 Leo. Av.	(338) 765-2682	Talon Coleman	aliquet@google.couk	5089921413	9964	5842514752709459000	Vitae Nibh Foundation
46	46	Myles Houston	Ap #934-5558 Amet St.	1-493-768-4697	Denise Santiago	posuere.vulputate@icloud.org	2360909702	8447	9438506674569898000	Neque Morbi Associates
47	47	Ariel Ratliff	P.O. Box 159, 7396 Facilisis St.	(185) 162-2521	Xantha Salinas	dui.augue@yahoo.edu	9166426566	8387	5079652796900652000	Pharetra Nam Ac Incorporated
48	48	Kameko Dillon	P.O. Box 864, 6767 Erat Ave	(508) 788-7197	Mohammad Gray	elit@google.ca	6658996239	6915	8979314300883780000	Eu Neque Consulting
49	49	Lucas Harding	444-2781 Quam, Avenue	1-682-661-5519	Cailin Howell	orci@icloud.edu	3586751395	2357	4625148597132131000	Orci Lobortis Inc.
50	50	Justina Rhodes	881-753 Orci. Rd.	1-356-101-0657	Wade Chavez	vel.venenatis@google.net	6506378381	5536	8903558296913867000	Non Magna Ltd
51	51	Lucy Horne	P.O. Box 627, 9214 Tempus Rd.	(583) 658-5659	Karleigh Witt	egestas@aol.net	9242211132	8007	3268013420649745400	Volutpat Nulla Corporation
52	52	Zoe Sampson	113-3837 Ut Street	1-781-345-6153	Murphy Macdonald	sit.amet@google.com	6488681713	6449	8592953776487291000	Elit A Limited
53	53	John Barrett	1284 Sem. Av.	1-169-188-2830	Fitzgerald Sheppard	non.nisi@google.net	9568412940	3528	6338371681099461000	Eget Laoreet Associates
54	54	Jaden Salinas	403-7624 Dictum. Ave	(648) 417-5879	Jin Tran	arcu.sed@yahoo.edu	1807569444	3966	5091729419756520000	Mauris Ipsum PC
55	55	Tarik Kirk	P.O. Box 279, 8942 Vel Rd.	(569) 332-8155	Harlan Howe	dictum.phasellus@yahoo.ca	9285505111	7769	5428444012185661000	Ornare Ltd
56	56	Zeus England	396-992 Id Av.	(594) 727-6165	August Ford	quis.diam.pellentesque@hotmail.couk	2238900820	9440	6696647417986594000	Aliquam Ornare Libero PC
57	57	Ryder Munoz	Ap #770-7283 Sit Avenue	(771) 596-5332	Penelope Berry	mollis@outlook.net	7120684187	4261	5672448371825068000	Nisl Maecenas Malesuada Industries
58	58	Caryn Green	7337 Dolor, Avenue	(563) 313-1861	Ryan Gordon	parturient.montes.nascetur@google.com	4779075141	7389	6012278067158525000	Sed Sem Egestas Corp.
59	59	Joshua Velez	P.O. Box 249, 6778 Nascetur St.	1-669-540-3767	Phelan O'connor	aliquam@protonmail.couk	1542766443	9461	4826660068224679000	Nam LLC
60	60	Alfreda Baird	Ap #568-1547 Suspendisse Rd.	1-704-335-1384	Hannah Douglas	maecenas.libero.est@google.couk	1905175190	2374	6604042999145284000	Ac PC
61	61	Elmo Smith	Ap #662-1558 Donec St.	1-722-812-3843	Kenneth Bradshaw	in.condimentum.donec@aol.org	6538870166	7145	872191352909546000	Ridiculus Mus Company
62	62	Rashad Whitfield	Ap #367-431 Urna. Avenue	1-747-871-4328	Hashim Christensen	mattis.velit@hotmail.couk	4926221732	8289	9244230489008103000	Vivamus Nibh Dolor Corp.
63	63	Alana Glenn	P.O. Box 457, 7497 Est. Rd.	(200) 576-8296	Kasper Benson	nascetur.ridiculus@aol.com	4138827046	2950	8810079490791500000	Vestibulum Corporation
64	64	Maisie Fleming	719-9778 Auctor Av.	(214) 630-7272	Kieran Byers	vitae@yahoo.org	4075967959	2543	6032072513459971000	Turpis PC
65	65	Owen Petty	381-5731 In Street	(944) 756-1048	Arden Glover	cras.convallis@protonmail.net	8453454239	1579	3889345758254008300	Nisi Magna PC
66	66	Thor Reilly	568-4578 Adipiscing Rd.	1-413-497-8387	Haley Horne	urna.nullam.lobortis@icloud.org	2401489147	7799	3289085703487072000	Turpis Nec Inc.
67	67	Dante Petty	P.O. Box 817, 9413 Ipsum. Ave	1-876-632-5153	Mollie Jarvis	nibh@protonmail.com	8824653517	4648	8444877055353543000	Sed Et Libero Industries
68	68	Stephanie Spears	Ap #461-6389 Mi Street	1-785-238-7180	Roanna Faulkner	vulputate.nisi@hotmail.couk	4712780703	2465	2725642865723409400	Nam Tempor Industries
69	69	Derek Carlson	Ap #820-8667 Ridiculus Avenue	(961) 733-1784	Veda Bryan	nam.interdum@protonmail.net	4071168461	4740	8573108659596658000	Euismod In Associates
70	70	Damian Eaton	255-6290 Dolor Road	1-586-673-6763	Chava Harding	dignissim@aol.com	9621990353	4497	4002393820357994500	Eleifend Egestas Corporation
71	71	Tanek Herring	Ap #617-6407 Ligula St.	1-427-272-7881	Zephr Cummings	bibendum.donec.felis@icloud.org	3871392471	5789	9638716881650300000	Metus Urna Convallis Corporation
72	72	Anthony Blevins	P.O. Box 463, 1514 Ante Rd.	(691) 408-6142	Teagan Joseph	fusce.dolor@aol.couk	7977875520	4727	3520229359432528000	Nam Ac Ltd
73	73	Nigel Gilliam	P.O. Box 797, 1657 Mauris, Street	1-317-512-2387	Riley Cleveland	auctor.non@hotmail.ca	5366866813	3308	1524422174323868700	Cubilia Inc.
74	74	Damon Austin	Ap #829-5035 Sit Road	1-728-558-2158	Marsden Quinn	hendrerit.neque.in@yahoo.ca	7153606484	1376	4209016430293318700	Interdum Curabitur LLC
75	75	Zelenia Nielsen	Ap #351-6820 A Street	(758) 379-2117	Ria Hooper	dictum.eu.placerat@yahoo.com	4124394355	2356	6546594596196677000	Congue Elit Sed LLC
76	76	Nash Kennedy	594-9269 Morbi Street	(781) 762-5939	Remedios Black	suspendisse.dui.fusce@icloud.net	1083367336	4116	6621235666285349000	Donec Nibh Quisque PC
77	77	Joseph Burris	Ap #810-5256 Erat, Street	1-861-244-1576	Richard Horn	amet@protonmail.org	6539035428	9789	8109992721954428000	Purus Maecenas Inc.
78	78	Shaeleigh Munoz	8889 Pharetra Street	1-648-598-8285	Jordan Phillips	duis.elementum@icloud.org	6522957834	3530	2280776989254194700	Ultrices A LLP
79	79	Emily Sanchez	595-7931 Diam St.	1-573-585-5634	Phyllis Phillips	neque.pellentesque.massa@icloud.ca	9573790904	7758	9390387804739273000	Pede Malesuada Vel PC
80	80	Shellie Chandler	Ap #768-7355 Nisi. Street	(975) 535-7883	Carissa Solomon	a@hotmail.couk	8369718835	6922	8562768674189926000	Pede Corporation
81	81	Aimee Duran	412 Non, Rd.	1-778-750-7446	Garrett Young	neque.sed@hotmail.couk	3847634098	2024	990092244915217300	Rhoncus Id Mollis Industries
82	82	Wanda Vargas	333 Sagittis Rd.	1-777-295-0713	Gemma Joseph	nec@icloud.edu	8828969634	1979	8575699461552402000	Aliquam Arcu Ltd
83	83	Ora Glass	581-1665 Ligula. Rd.	1-672-191-7528	Calvin Hebert	et.ultrices@outlook.edu	7836188793	5401	5258807685983663000	Nunc Incorporated
84	84	Zephr Fitzgerald	392-1449 Urna, St.	(311) 493-3751	Basil George	ipsum.sodales@protonmail.net	9856231179	5136	726384445268674400	Consectetuer Adipiscing Institute
85	85	Oliver Short	P.O. Box 901, 8694 Cursus, St.	1-776-796-8755	Tobias Taylor	natoque@protonmail.com	9641692400	6053	9619336207832482000	Feugiat Lorem Ipsum Company
86	86	Robert Price	Ap #121-8612 Vitae, Road	1-101-473-7383	Sharon Coleman	vehicula@protonmail.edu	4682470651	8859	7315160211815460000	Felis Nulla Company
87	87	Nasim Lowery	Ap #155-5319 Elit Road	(812) 894-1852	Garth Velez	libero@outlook.com	9863656005	7971	9135539152293895000	Duis At Incorporated
88	88	Serina Browning	P.O. Box 492, 4009 Tempus St.	1-764-433-3472	Hamish Davenport	in.lorem@google.ca	6879832064	9294	9335581809807794000	Gravida Sagittis Duis Associates
89	89	Murphy Goodwin	P.O. Box 611, 4595 Venenatis Rd.	1-562-412-7430	Eugenia Gonzalez	eget.venenatis@protonmail.edu	2189071972	9195	8558915947610255000	Mi Lorem Limited
90	90	Candace Bruce	Ap #120-5928 Augue. Road	1-339-849-5736	Ruth Waters	cubilia@outlook.org	1448180993	7308	5133643545308757000	Imperdiet Nec Consulting
91	91	Rebekah Pace	514-4629 Diam St.	1-509-522-1132	Blossom Griffith	fermentum.convallis.ligula@protonmail.couk	8166044162	3839	684283195297584300	Auctor Associates
92	92	Daria Graves	4332 Metus. Road	(812) 842-7452	Dylan Shaw	non.quam.pellentesque@icloud.couk	7263321122	4320	2014866546902320600	Aliquam Auctor Velit Foundation
93	93	Jeanette Harrell	282-3763 Tempor Av.	(236) 440-7415	Karina Massey	ultricies@outlook.ca	9952101643	4513	9302202626522374000	Duis Industries
94	94	Nash Browning	Ap #588-971 Urna. Avenue	(883) 542-7271	Brett Reid	magna.lorem.ipsum@protonmail.couk	8162833655	9642	5247298049707550000	Lobortis Class Aptent Corp.
95	95	Donna Gonzales	380-5217 Urna St.	1-871-661-4020	Heidi Webb	cursus.purus@outlook.couk	4955762882	5582	1926399206374754300	Duis Sit Amet Corp.
96	96	Basil Moody	Ap #160-4008 Morbi Ave	1-868-585-1424	Chastity Morton	velit@yahoo.net	9344454892	3747	1192155790395261700	Commodo Auctor Ltd
97	97	Quentin Alvarado	Ap #192-5073 Sed St.	1-753-828-0533	Alma Owen	arcu.vel@outlook.edu	9469738085	6425	6848241724432320000	At Arcu Vestibulum Corporation
98	98	Emma Rowland	668-2318 Mi Street	(346) 426-3038	Brenda Gilbert	magna@yahoo.edu	7965657758	3605	1909448325595572200	Semper Nam Tempor LLC
99	99	Palmer Hays	270-7604 Cubilia Rd.	1-265-620-2593	Mallory Manning	mollis.phasellus@hotmail.com	9048856572	3451	9035274029562183000	Nec Incorporated
100	100	Marah Burris	Ap #292-3704 Scelerisque St.	(287) 501-2006	Rana Gibson	commodo.hendrerit.donec@yahoo.com	3970827945	2588	1841040388404612600	Morbi Neque Industries
\.


--
-- Data for Name: userroles; Type: TABLE DATA; Schema: public; Owner: gb_user
--

COPY public.userroles (userid, roleid) FROM stdin;
1	1
2	2
3	3
4	3
5	3
6	3
7	3
8	3
9	3
10	3
11	3
12	3
13	3
14	3
15	3
16	3
17	3
18	3
19	3
20	3
21	3
22	3
23	3
24	3
25	3
26	3
27	3
28	3
29	3
30	3
31	3
32	3
33	3
34	3
35	3
36	3
37	3
38	3
39	3
40	3
41	3
42	3
43	3
44	3
45	3
46	3
47	3
48	3
49	3
50	3
51	3
52	3
53	3
54	3
55	3
56	3
57	3
58	3
59	3
60	3
61	3
62	3
63	3
64	3
65	3
66	3
67	3
68	3
69	3
70	3
71	3
72	3
73	3
74	3
75	3
76	3
77	3
78	3
79	3
80	3
81	3
82	3
83	3
84	3
85	3
86	3
87	3
88	3
89	3
90	3
91	3
92	3
93	3
94	3
95	3
96	3
97	3
98	3
99	3
100	3
\.


--
-- Data for Name: users; Type: TABLE DATA; Schema: public; Owner: gb_user
--

COPY public.users (userid, username, email, login, passwd, lastlogintime) FROM stdin;
1	Mary Chapman	in@icloud.couk	Yetta	%B7733636475187218^FvujaqoSfsyvy^8608772299?1	2021-07-10 23:35:01
2	Xenos Valencia	maecenas.iaculis@aol.org	Jade	%B5834528363357616^LtoogpkJhckph^94083466518?2	2022-07-17 21:59:29
3	John Fry	montes.nascetur@outlook.ca	Josiah	%B3586847380916472^QvvkcrfVcieoi^33019866997?7	2022-08-13 04:30:07
4	Fleur Kennedy	lacus.vestibulum@hotmail.couk	Emery	%B2014726666526328^MtlrikbEsmzdi^22067551471?8	2022-03-31 02:15:49
5	Carson Salazar	lacus.quisque.purus@icloud.edu	Dexter	%B3924377055553718^YurnhcsSrnsob^8706125135?6	2023-02-17 19:17:45
6	Buckminster Andrews	ligula@outlook.couk	Mohammad_Ali	%B3734827899524637^IvyiqpcCmbxds^34053448561?7	2022-05-30 23:21:49
7	Quon Salas	diam.dictum.sapien@protonmail.org	Craig	%B4344656544545622^YuenirqSxsihs^56086786?7	2023-01-21 02:36:36
8	Rajah Duffy	massa.mauris@protonmail.edu	Lev	%B5865813252678877^GrbuymxKeutpq^4705193789?3	2023-01-31 12:32:25
9	Channing King	donec.luctus@aol.ca	Kennedy	%B2318275433737488^QvnwctzDfppqx^15116503727?1	2021-06-13 05:03:48
10	Alfreda Powers	aenean@hotmail.org	Larissa	%B7769623770828588^KmckvqdJcxumo^12059729?8	2021-08-19 14:34:40
11	Candace Carson	sociis.natoque@protonmail.com	Tanya	%B3732128493036096^KkyvknoUyfcrt^7510303938?2	2023-03-31 03:52:30
12	Tallulah Lawson	et.tristique.pellentesque@outlook.edu	Aaron	%B4749457553708754^NqrxaqcEioakv^02088109904?8	2021-08-03 18:54:11
13	Thor Sharpe	magna.sed@outlook.com	Quamar	%B8657538173451387^OkghyfyGvydno^4904491552?3	2021-06-04 08:00:46
14	Madeline Cantu	augue.id@icloud.net	Ignacia	%B8611375173107124^UpkueerKtywhb^59061999304?6	2022-01-30 16:46:41
15	Alan Jacobson	interdum.ligula@aol.edu	Samson	%B1151232766322502^YbbgtvvJpmxwc^0311495852?5	2021-06-22 07:25:18
16	Neil Brennan	nullam@google.org	Urielle	%B6763148896441572^TmbyqedAuiuuz^0812381351?2	2021-08-26 04:23:14
17	Dustin York	ligula.elit@outlook.com	Libby	%B8382204887336247^ErnbpypAbnhtw^14114616?7	2021-11-10 23:08:27
18	Samantha Mcpherson	mauris.ut@google.net	Curran	%B2426342201703216^JaohtksUduvmv^05066246?6	2021-11-24 22:08:30
19	Fritz Donaldson	tincidunt@aol.org	Amery	%B3574502833877541^BzmqujrVfmppo^72026762336?9	2022-01-12 19:39:10
20	Dieter Castaneda	euismod.ac.fermentum@yahoo.couk	Ila	%B6404451838473843^OxzwyzrOmtcgw^09034078?4	2022-08-17 10:48:10
21	Gretchen Barr	ac.sem@google.couk	Caryn	%B8575535884177216^RnwdnzoDebspy^14108638?5	2021-12-11 21:15:17
22	Eliana Ramirez	mi@hotmail.org	Shaeleigh	%B8727175731321620^JdzhtsmKmjins^47075764?8	2022-06-02 20:33:38
23	Dominique Gardner	a.nunc@google.net	Orla	%B5165489401993337^PymhigtXrkomc^9103176782?3	2022-03-11 09:26:54
24	Kato Griffith	a@google.edu	Mallory	%B4783528703834769^LwyitjsYwntqw^19116355450?8	2022-11-14 23:57:29
25	Darryl Carpenter	ligula.tortor@yahoo.org	Renee	%B6571766429165255^RkrqvfaQopjhz^35048862574?2	2021-10-17 01:21:24
26	Guy Castro	nonummy.ut.molestie@yahoo.net	Vladimir	%B7277658985866446^FwmjeyjIsfeyt^18073865752?7	2022-09-30 21:56:54
27	Maxine Wade	dui@aol.com	Callum	%B5387196530162663^LqesnbuJgsqjt^24032593?2	2022-08-20 14:29:16
28	Hillary Gamble	nec@google.ca	Garrison	%B7065388312524038^LchtnruHyuqfd^97069512973?1	2023-01-02 15:04:37
29	Susan Nielsen	libero@outlook.net	Isaac	%B5484566163842773^LgfixviYunsiq^77112516377?9	2021-09-08 06:02:59
30	Zephania Flores	libero.dui@hotmail.ca	Quinn	%B8580316619057875^RxtvqvkNigozz^5106228884?6	2021-06-02 13:50:04
31	Ulric Lambert	arcu.eu.odio@hotmail.org	Michelle	%B8171702315041132^MkonyytLtsuwv^0508140687?4	2021-09-01 01:40:08
32	Cailin Black	ut.sem@aol.edu	Megan	%B2552749665511251^NgcqgmjSsbwdh^9510236604?5	2021-07-25 21:52:03
33	Daphne Haley	in.magna@protonmail.couk	Alan_15	%B8489857857665272^ZfrcoimRgwnug^8201119477?3	2023-05-06 07:05:01
34	Quynn Parks	vitae.nibh@protonmail.couk	Chloe	%B8255033343238923^RpruxlqRhvzth^14078969554?1	2022-08-25 19:19:39
35	Bruce Lowe	dapibus.id@yahoo.ca	Brent	%B3884510258023125^BjuvcytUefpuk^67094043520?2	2023-02-01 23:29:56
36	Evan Ryan	nibh.enim@icloud.org	Boris_man	%B7885685667367059^JsoeqteFecutg^62051446033?4	2023-05-31 10:21:20
37	Quin Thomas	nullam.enim@aol.couk	Jena	%B6912085281939958^WuwpsbiHysdpl^0505223418?1	2022-11-08 15:29:18
38	Keiko Cleveland	donec.tincidunt@icloud.couk	Conan	%B2348627778221813^LxswrmiNluxxq^2809111485?3	2022-01-02 15:04:15
39	Barrett Quinn	mollis.integer@hotmail.edu	Nash	%B7591614457236697^KcwldniRqiyeg^26101487?7	2021-10-06 01:51:18
40	Declan Olsen	sed.pharetra@yahoo.com	Emma	%B7821377151496163^VncjyvjCbbtat^6301643311?8	2022-11-03 23:50:14
41	Jamal Monroe	ac@outlook.org	Madonna	%B7966942677463226^GpdzojkDxdfbt^1505399732?2	2022-12-08 17:42:04
42	Aiko Barrett	nonummy@outlook.net	Olivia_11	%B8614924572122364^NqarcqtByksgr^4503161899?2	2023-02-21 15:44:09
43	Aquila Powell	pede.nonummy@aol.ca	Jada2	%B8791676452598162^HvpbynfOubgud^24119063023?1	2021-07-11 18:16:26
44	Catherine Fields	aliquam@aol.com	Seth	%B7422064175554752^HaisjooVbfrwg^78122416088?4	2021-06-05 08:29:25
45	Jena Wolf	praesent@icloud.com	Odette	%B5362654682015431^YiqlibyXkqqed^89065829486?3	2022-09-21 01:13:31
46	India Park	fusce.aliquam@yahoo.ca	Chadwick	%B6866658338874815^HkhgbnkSbugij^1205390776?5	2021-06-20 15:35:07
47	Igor Jenkins	erat.semper@yahoo.net	Leebruce	%B6321214865454680^EwwoqrlGmxqgd^3011770259?1	2021-11-27 02:38:26
48	Hope Hicks	gravida.nunc.sed@outlook.com	Autumn	%B5315677937612192^SrrkpmyTgnilp^60016465?5	2023-04-20 22:48:50
49	Haley Compton	rutrum.justo@protonmail.org	Sonya	%B6411683134785805^YflpmfgByixwm^16071653?3	2022-06-08 02:54:25
50	Elmo Campos	leo.morbi.neque@outlook.net	Zenon	%B2634719482708822^IuidspeCzhgpk^87104099?2	2021-06-06 09:36:30
51	Ralph Kane	ligula.donec@icloud.com	Leo	%B9133120816467685^VnslfzpEilmno^4411452771?3	2023-04-21 03:40:54
52	Henry Ramos	sem@google.org	Arsenio	%B6215315187701786^QiwograPfrxvp^23054782?6	2023-03-14 20:58:06
53	Aaron Wyatt	ridiculus@outlook.couk	Miaa	%B9261141427491758^RnwwghlFnkkqf^5406521484?2	2021-08-06 10:02:47
54	Piper Pate	quisque.varius@outlook.net	Carissa	%B6887829389181104^JolcnrfThvfrs^93033003?7	2021-11-16 09:38:12
55	Kyla Compton	vestibulum.massa.rutrum@hotmail.org	Lavinia	%B6325958588767301^NiisqpnVhnvil^8708128985?4	2022-07-20 15:41:14
56	Cherokee Lane	a@google.com	Guy	%B8621666351204741^XmlvidrJlkape^48076473044?5	2022-07-30 06:06:34
57	Eugenia Jacobs	dolor.sit@outlook.org	Cyrus	%B1897872457200174^EbylkeqUpyuwb^8909341560?5	2022-11-19 11:49:19
58	Quin Hutchinson	diam@google.net	Noah	%B6482015423806612^SfudvbxCqplpq^5208131497?7	2022-06-09 03:31:32
59	Alexis Fields	penatibus.et@google.com	Bradleya	%B9823677327443987^ElslrlbRwkcgt^0206819909?9	2022-04-24 19:56:43
60	Carissa Beach	vivamus.rhoncus@protonmail.com	Ulrica	%B8604675726658757^NmstjwuGqyorj^4703982635?5	2023-05-04 00:52:46
61	Noble Clarke	metus@aol.ca	Wing	%B7339882633182683^XondtbxTfmafq^8707340399?5	2021-12-11 02:14:58
62	Aphrodite Johnson	aliquam.gravida@outlook.org	Elizabeth	%B7132132276876323^EeoxrklNwobdj^7610578321?8	2021-08-10 22:08:11
63	Mark Holland	malesuada.id.erat@outlook.com	Brendan	%B7521731637449856^HfhcaxpXibxqd^4106987973?5	2022-10-27 15:48:30
64	Buffy Moran	venenatis.a@protonmail.couk	Lois	%B4532363616330985^LupkqmuOejund^91062784973?9	2022-12-13 10:57:10
65	Nicholas Griffin	accumsan.convallis@protonmail.com	Macey	%B4830496728934648^PgxphqtAwdhse^87079059141?8	2023-02-24 07:03:58
66	Kenneth Kline	pede.blandit.congue@yahoo.ca	Farrah	%B2396638034597023^YtlqfbvSwzphs^05121524784?7	2022-12-03 16:19:46
67	Rama Cook	augue.eu@icloud.couk	Teagan	%B6894133763778514^AuoaqvxStmogu^4210636275?7	2022-10-30 21:08:33
68	Brianna Brennan	ultrices@icloud.edu	Barbara	%B2381051033758363^KgixyxnYnxkto^8302723257?2	2022-12-19 08:44:56
69	Harper Lucas	vestibulum.accumsan@protonmail.net	Boris	%B4412554436946515^BxxcnvaYijecc^3704692556?3	2023-04-04 02:16:36
70	Libby Shaffer	ligula@icloud.net	Ina	%B4888586859491246^ZdcbdglOhycwq^67065913?2	2022-05-11 16:22:33
71	Shafira Reese	nullam@icloud.ca	Richard	%B7880411555175328^NgfcwltGixvwu^7307486618?2	2022-12-13 09:23:25
72	Isaiah Macias	ut@google.edu	Lena	%B2588577987536764^KltcdjfKhbexh^96037388?6	2022-09-16 15:39:38
73	Sebastian Bowman	et.ipsum@google.couk	Timon	%B5825828812766664^HrddmznHqtbqi^2509955430?2	2023-04-02 10:39:32
74	Darius Schwartz	nunc.ullamcorper.eu@hotmail.com	Michael	%B6474242518676884^NgfhbdnPdvnee^90028672?5	2022-08-17 04:56:47
75	Aidan Larsen	luctus.et.ultrices@protonmail.com	Keefe	%B4231917401340166^UaskhrlHmaxgl^4903951385?1	2021-11-21 19:40:22
76	Pandora Olsen	varius@google.ca	Quemby	%B2000541758137142^ZtqwrbdFmwgbl^46062008?7	2023-03-13 05:26:49
77	Neve Hess	lectus.sit.amet@aol.couk	PandoraBox	%B1157327617692015^NavltlrCujwli^4305522153?2	2022-11-25 13:07:24
78	Avye Fry	ligula.donec.luctus@yahoo.ca	Rebekah	%B7744277787456756^QgpgishQieewc^9107407746?6	2023-01-26 18:51:09
79	Audra Hines	enim@icloud.com	Xaviera	%B9806397332388537^PjlkbpuChyvmh^04047425?5	2021-11-05 11:02:27
80	Declan Bradford	magna.ut@protonmail.couk	Adam1	%B1365108284161824^StpnzceRhrrkt^92056035547?8	2022-06-06 14:39:30
81	Cheyenne Abbott	sociosqu.ad.litora@aol.ca	Hedley	%B6012662773076728^VilevmrGsijff^8601113127?7	2023-01-14 16:17:37
82	Dalton Peters	quis@yahoo.org	Barbara_String	%B3446868074908714^FcvdqlzHgoolz^39089236?8	2023-05-16 02:14:27
83	Rinah Keller	venenatis.a@protonmail.com	Aurelia22	%B8414372265166211^WhyofxnQijgce^1002319326?5	2022-06-14 04:37:03
84	Brock Ward	elementum.sem@icloud.edu	Joseph	%B3880708105657477^CoiwowpXxbcyt^67018954978?4	2021-12-17 06:29:36
85	Pandora Williamson	donec.consectetuer@protonmail.org	Gretchen	%B5849423036962400^NpgpsubGolqcf^1808398531?7	2022-01-10 19:09:48
86	Kirk Melendez	interdum@google.com	TravisVolta	%B5147859510333868^SnulxufVzhylh^3311868271?3	2023-02-01 17:13:15
87	Christine Mcneil	varius.et.euismod@yahoo.edu	Barrett	%B4834953385617628^DyefewqTfxnvt^7406173214?5	2021-07-26 21:25:23
88	Ruby Mueller	non.sollicitudin@aol.edu	Ilay	%B7312611335875548^JiovjcgDozbwd^4103929766?4	2022-12-16 02:29:53
89	Kelly Mcguire	amet.diam@protonmail.couk	Teegans	%B4524078104243535^VcvuypvPeoqai^30119468337?8	2021-07-14 11:23:25
90	Hakeem Reed	dictum@yahoo.org	FultonMax	%B8588483266852348^XpohodxZuvcco^0308963549?2	2022-06-19 02:22:15
91	Quentin Ferguson	sem.pellentesque@google.com	Kylee	%B7220780786649546^RijxpmvNdaxvk^38112409?2	2021-10-24 08:09:56
92	Garrison Pennington	sem@hotmail.ca	Brynn	%B7184254132599696^PhytbmjFajbch^7805542668?7	2021-08-14 01:49:16
93	Serina Bell	aliquet.sem@google.com	Lydia	%B8408355396775334^UfrswlySvnjlb^54103747410?1	2021-12-31 05:17:38
94	Rowan Hunter	ultricies.sem@outlook.net	Sage	%B8168117518333851^EgmhxxsIscrjx^2311335281?4	2022-07-15 01:02:58
95	Quon Kirk	massa@hotmail.net	Yvette	%B6177569424549416^NfrhwsjIzlber^5805167976?9	2021-10-07 07:44:32
96	Rudyard Whitley	nunc@hotmail.net	Troy	%B5458323410587652^XmpqahkVgqusc^32103277?3	2022-10-23 00:21:58
97	Berk Hughes	ornare.lectus.justo@aol.edu	IgnaciaEE	%B3880649310226619^NqdenfuNxyhju^91077301828?8	2023-01-17 15:47:48
98	Chase Valdez	morbi.quis.urna@aol.org	Claudia	%B3027174459889344^SonkqhrUdtfbk^67042478779?3	2022-10-11 11:22:49
99	Linda Mcguire	ac.facilisis.facilisis@protonmail.edu	Adara	%B3215003867662676^GuihuycPaxtyj^2007835136?5	2022-12-07 23:09:43
100	Lev Conley	arcu.iaculis.enim@outlook.edu	Victoria	%B8042642373134367^NgislcmUbnrql^44075479033?6	2023-02-20 01:53:14
\.


--
-- Name: cart_cartid_seq; Type: SEQUENCE SET; Schema: public; Owner: gb_user
--

SELECT pg_catalog.setval('public.cart_cartid_seq', 1100, true);


--
-- Name: categories_categoryid_seq; Type: SEQUENCE SET; Schema: public; Owner: gb_user
--

SELECT pg_catalog.setval('public.categories_categoryid_seq', 7, true);


--
-- Name: feedback_feedbackid_seq; Type: SEQUENCE SET; Schema: public; Owner: gb_user
--

SELECT pg_catalog.setval('public.feedback_feedbackid_seq', 50, true);


--
-- Name: news_newsid_seq; Type: SEQUENCE SET; Schema: public; Owner: gb_user
--

SELECT pg_catalog.setval('public.news_newsid_seq', 200, true);


--
-- Name: orderdetails_orderdetailid_seq; Type: SEQUENCE SET; Schema: public; Owner: gb_user
--

SELECT pg_catalog.setval('public.orderdetails_orderdetailid_seq', 2000, true);


--
-- Name: orders_orderid_seq; Type: SEQUENCE SET; Schema: public; Owner: gb_user
--

SELECT pg_catalog.setval('public.orders_orderid_seq', 500, true);


--
-- Name: orderstatus_orderstatusid_seq; Type: SEQUENCE SET; Schema: public; Owner: gb_user
--

SELECT pg_catalog.setval('public.orderstatus_orderstatusid_seq', 7, true);


--
-- Name: productpics_productpicid_seq; Type: SEQUENCE SET; Schema: public; Owner: gb_user
--

SELECT pg_catalog.setval('public.productpics_productpicid_seq', 500, true);


--
-- Name: products_productid_seq; Type: SEQUENCE SET; Schema: public; Owner: gb_user
--

SELECT pg_catalog.setval('public.products_productid_seq', 150, true);


--
-- Name: reviews_reviewid_seq; Type: SEQUENCE SET; Schema: public; Owner: gb_user
--

SELECT pg_catalog.setval('public.reviews_reviewid_seq', 100, true);


--
-- Name: roles_roleid_seq; Type: SEQUENCE SET; Schema: public; Owner: gb_user
--

SELECT pg_catalog.setval('public.roles_roleid_seq', 3, true);


--
-- Name: userdetails_userdetailid_seq; Type: SEQUENCE SET; Schema: public; Owner: gb_user
--

SELECT pg_catalog.setval('public.userdetails_userdetailid_seq', 100, true);


--
-- Name: users_userid_seq; Type: SEQUENCE SET; Schema: public; Owner: gb_user
--

SELECT pg_catalog.setval('public.users_userid_seq', 448, true);


--
-- Name: cart cart_pkey; Type: CONSTRAINT; Schema: public; Owner: gb_user
--

ALTER TABLE ONLY public.cart
    ADD CONSTRAINT cart_pkey PRIMARY KEY (cartid);


--
-- Name: categories categories_pkey; Type: CONSTRAINT; Schema: public; Owner: gb_user
--

ALTER TABLE ONLY public.categories
    ADD CONSTRAINT categories_pkey PRIMARY KEY (categoryid);


--
-- Name: feedback feedback_pkey; Type: CONSTRAINT; Schema: public; Owner: gb_user
--

ALTER TABLE ONLY public.feedback
    ADD CONSTRAINT feedback_pkey PRIMARY KEY (feedbackid);


--
-- Name: news news_pkey; Type: CONSTRAINT; Schema: public; Owner: gb_user
--

ALTER TABLE ONLY public.news
    ADD CONSTRAINT news_pkey PRIMARY KEY (newsid);


--
-- Name: orderdetails orderdetails_pkey; Type: CONSTRAINT; Schema: public; Owner: gb_user
--

ALTER TABLE ONLY public.orderdetails
    ADD CONSTRAINT orderdetails_pkey PRIMARY KEY (orderdetailid);


--
-- Name: orders orders_pkey; Type: CONSTRAINT; Schema: public; Owner: gb_user
--

ALTER TABLE ONLY public.orders
    ADD CONSTRAINT orders_pkey PRIMARY KEY (orderid);


--
-- Name: orderstatus orderstatus_pkey; Type: CONSTRAINT; Schema: public; Owner: gb_user
--

ALTER TABLE ONLY public.orderstatus
    ADD CONSTRAINT orderstatus_pkey PRIMARY KEY (orderstatusid);


--
-- Name: orderstatus orderstatus_status_key; Type: CONSTRAINT; Schema: public; Owner: gb_user
--

ALTER TABLE ONLY public.orderstatus
    ADD CONSTRAINT orderstatus_status_key UNIQUE (status);


--
-- Name: productpics productpics_pkey; Type: CONSTRAINT; Schema: public; Owner: gb_user
--

ALTER TABLE ONLY public.productpics
    ADD CONSTRAINT productpics_pkey PRIMARY KEY (productpicid);


--
-- Name: products products_pkey; Type: CONSTRAINT; Schema: public; Owner: gb_user
--

ALTER TABLE ONLY public.products
    ADD CONSTRAINT products_pkey PRIMARY KEY (productid);


--
-- Name: reviews reviews_pkey; Type: CONSTRAINT; Schema: public; Owner: gb_user
--

ALTER TABLE ONLY public.reviews
    ADD CONSTRAINT reviews_pkey PRIMARY KEY (reviewid);


--
-- Name: roles roles_pkey; Type: CONSTRAINT; Schema: public; Owner: gb_user
--

ALTER TABLE ONLY public.roles
    ADD CONSTRAINT roles_pkey PRIMARY KEY (roleid);


--
-- Name: roles roles_rolename_key; Type: CONSTRAINT; Schema: public; Owner: gb_user
--

ALTER TABLE ONLY public.roles
    ADD CONSTRAINT roles_rolename_key UNIQUE (rolename);


--
-- Name: userdetails userdetails_pkey; Type: CONSTRAINT; Schema: public; Owner: gb_user
--

ALTER TABLE ONLY public.userdetails
    ADD CONSTRAINT userdetails_pkey PRIMARY KEY (userdetailid);


--
-- Name: userroles userroles_pkey; Type: CONSTRAINT; Schema: public; Owner: gb_user
--

ALTER TABLE ONLY public.userroles
    ADD CONSTRAINT userroles_pkey PRIMARY KEY (userid, roleid);


--
-- Name: users users_email_key; Type: CONSTRAINT; Schema: public; Owner: gb_user
--

ALTER TABLE ONLY public.users
    ADD CONSTRAINT users_email_key UNIQUE (email);


--
-- Name: users users_login_key; Type: CONSTRAINT; Schema: public; Owner: gb_user
--

ALTER TABLE ONLY public.users
    ADD CONSTRAINT users_login_key UNIQUE (login);


--
-- Name: users users_pkey; Type: CONSTRAINT; Schema: public; Owner: gb_user
--

ALTER TABLE ONLY public.users
    ADD CONSTRAINT users_pkey PRIMARY KEY (userid);


--
-- Name: cart cart_orderstatusid_fk; Type: FK CONSTRAINT; Schema: public; Owner: gb_user
--

ALTER TABLE ONLY public.cart
    ADD CONSTRAINT cart_orderstatusid_fk FOREIGN KEY (orderstatusid) REFERENCES public.orderstatus(orderstatusid) ON DELETE CASCADE;


--
-- Name: cart cart_productid_fk; Type: FK CONSTRAINT; Schema: public; Owner: gb_user
--

ALTER TABLE ONLY public.cart
    ADD CONSTRAINT cart_productid_fk FOREIGN KEY (productid) REFERENCES public.products(productid) ON DELETE CASCADE;


--
-- Name: cart cart_userid_fk; Type: FK CONSTRAINT; Schema: public; Owner: gb_user
--

ALTER TABLE ONLY public.cart
    ADD CONSTRAINT cart_userid_fk FOREIGN KEY (userid) REFERENCES public.users(userid) ON DELETE CASCADE;


--
-- Name: orderdetails orderdetails_orderid_fk; Type: FK CONSTRAINT; Schema: public; Owner: gb_user
--

ALTER TABLE ONLY public.orderdetails
    ADD CONSTRAINT orderdetails_orderid_fk FOREIGN KEY (orderid) REFERENCES public.orders(orderid) ON DELETE CASCADE;


--
-- Name: orderdetails orderdetails_productid_fk; Type: FK CONSTRAINT; Schema: public; Owner: gb_user
--

ALTER TABLE ONLY public.orderdetails
    ADD CONSTRAINT orderdetails_productid_fk FOREIGN KEY (productid) REFERENCES public.products(productid) ON DELETE RESTRICT;


--
-- Name: orderdetails orders_cartid_fk; Type: FK CONSTRAINT; Schema: public; Owner: gb_user
--

ALTER TABLE ONLY public.orderdetails
    ADD CONSTRAINT orders_cartid_fk FOREIGN KEY (cartid) REFERENCES public.cart(cartid) ON DELETE CASCADE;


--
-- Name: orders orders_orderstatusid_fk; Type: FK CONSTRAINT; Schema: public; Owner: gb_user
--

ALTER TABLE ONLY public.orders
    ADD CONSTRAINT orders_orderstatusid_fk FOREIGN KEY (orderstatusid) REFERENCES public.orderstatus(orderstatusid) ON DELETE RESTRICT;


--
-- Name: orders orders_userid_fk; Type: FK CONSTRAINT; Schema: public; Owner: gb_user
--

ALTER TABLE ONLY public.orders
    ADD CONSTRAINT orders_userid_fk FOREIGN KEY (userid) REFERENCES public.users(userid) ON DELETE RESTRICT;


--
-- Name: productpics productpics_productid_fk; Type: FK CONSTRAINT; Schema: public; Owner: gb_user
--

ALTER TABLE ONLY public.productpics
    ADD CONSTRAINT productpics_productid_fk FOREIGN KEY (productid) REFERENCES public.products(productid) ON DELETE CASCADE;


--
-- Name: products products_categoryid_fk; Type: FK CONSTRAINT; Schema: public; Owner: gb_user
--

ALTER TABLE ONLY public.products
    ADD CONSTRAINT products_categoryid_fk FOREIGN KEY (categoryid) REFERENCES public.categories(categoryid) ON DELETE RESTRICT;


--
-- Name: reviews reviews_userid_fk; Type: FK CONSTRAINT; Schema: public; Owner: gb_user
--

ALTER TABLE ONLY public.reviews
    ADD CONSTRAINT reviews_userid_fk FOREIGN KEY (userid) REFERENCES public.users(userid) ON DELETE CASCADE;


--
-- Name: userdetails userdetails_userid_fk; Type: FK CONSTRAINT; Schema: public; Owner: gb_user
--

ALTER TABLE ONLY public.userdetails
    ADD CONSTRAINT userdetails_userid_fk FOREIGN KEY (userid) REFERENCES public.users(userid) ON DELETE CASCADE;


--
-- Name: userroles userroles_roleid_fk; Type: FK CONSTRAINT; Schema: public; Owner: gb_user
--

ALTER TABLE ONLY public.userroles
    ADD CONSTRAINT userroles_roleid_fk FOREIGN KEY (roleid) REFERENCES public.roles(roleid) ON DELETE CASCADE;


--
-- Name: userroles userroles_userid_fk; Type: FK CONSTRAINT; Schema: public; Owner: gb_user
--

ALTER TABLE ONLY public.userroles
    ADD CONSTRAINT userroles_userid_fk FOREIGN KEY (userid) REFERENCES public.users(userid) ON DELETE CASCADE;


--
-- PostgreSQL database dump complete
--

